tags,url,url_status
vbs,https[:]//docs[.]thelobbyx[.]info/c/sys/v/b2d5a49ca964/MicrosoftEdgeUpdate-9[.]184-26321[.]vbs,offline
"rat,RemcosRAT,stego",http[:]//172[.]245[.]209[.]194/59/img_194917[.]png,offline
"hta,rat,RemcosRAT",http[:]//172[.]245[.]209[.]194/59/vgood[.]hta,offline
Mozi,http[:]//37[.]48[.]157[.]4[:]43516/bin[.]sh,online
mirai,http[:]//114[.]226[.]171[.]180[:]52557/bin[.]sh,online
Mozi,http[:]//115[.]56[.]147[.]94[:]51183/i,online
mirai,http[:]//110[.]86[.]160[.]97[:]45589/bin[.]sh,online
,http[:]//175[.]148[.]157[.]175[:]56718/i,online
Mozi,http[:]//123[.]9[.]220[.]211[:]48896/i,online
wraith,http[:]//176[.]65[.]134[.]121[:]7380/bot[.]$m,offline
,http[:]//153[.]117[.]127[.]130[:]33106/Mozi[.]m,offline
,http[:]//153[.]117[.]37[.]17[:]53177/Mozi[.]m,offline
,http[:]//61[.]70[.]80[.]228[:]54018/Mozi[.]m,offline
,http[:]//153[.]117[.]26[.]192[:]44030/Mozi[.]m,offline
,http[:]//153[.]117[.]37[.]242[:]41366/Mozi[.]m,offline
,http[:]//59[.]103[.]100[.]78[:]39230/Mozi[.]m,offline
,http[:]//175[.]107[.]216[.]245[:]44128/Mozi[.]m,offline
,http[:]//85[.]12[.]237[.]201[:]51522/Mozi[.]m,offline
,http[:]//123[.]129[.]131[.]3[:]48325/Mozi[.]m,offline
,http[:]//223[.]123[.]71[.]132[:]42540/Mozi[.]a,offline
,http[:]//124[.]29[.]194[.]210[:]39510/Mozi[.]m,offline
,http[:]//99[.]154[.]56[.]170[:]52196/Mozi[.]a,offline
"jar,SilentNet",https[:]//freeclients[.]net/downloads/doomsdayclient-[.]jar,online
"jar,SilentNet",https[:]//freeclients[.]net/downloads/Astralux[.]jar,online
"jar,SilentNet",https[:]//freeclients[.]net/downloads/meteor-client-1[.]21[.]5-54[.]jar,online
"jar,SilentNet",https[:]//freeclients[.]net/downloads/SakuraClient-1[.]20[.]4[.]jar,online
"jar,SilentNet",https[:]//freeclients[.]net/downloads/KrispyClient-1[.]21_2[.]jar,online
"jar,SilentNet",https[:]//freeclients[.]net/downloads/Noxx-Client[.]jar,online
"jar,SilentNet",https[:]//freeclients[.]net/downloads/KryptonClient1[.]21[.]11[.]jar,online
"jar,SilentNet",https[:]//freeclients[.]net/downloads/RadiumClient-1[.]21[.]jar,online
"jar,SilentNet",https[:]//freeclients[.]net/downloads/ThunderHackClient-1[.]20[.]4-1[.]21[.]11[.]jar,online
"jar,SilentNet",https[:]//freeclients[.]net/downloads/4E_Client[.]jar,online
"jar,SilentNet",https[:]//freeclients[.]net/downloads/Nyrex[.]jar,online
,http[:]//113[.]231[.]202[.]211[:]51478/Mozi[.]m,online
"jar,SilentNet",https[:]//freeclients[.]net/downloads/Luminex[.]jar,online
"jar,SilentNet",https[:]//freeclients[.]net/downloads/22-QQClient[.]jar,online
"jar,SilentNet",https[:]//freeclients[.]net/downloads/AgreedClient-1[.]21[.]jar,online
,http[:]//190[.]196[.]253[.]97[:]10035/Mozi[.]m,offline
mirai,http[:]//219[.]157[.]32[.]156[:]51347/Mozi[.]m,online
mirai,http[:]//114[.]228[.]236[.]217[:]39063/Mozi[.]m,online
"jar,SilentNet",https[:]//freeclients[.]net/downloads/GambleRigMod-1[.]21[.]4[.]jar,online
,http[:]//190[.]196[.]253[.]104[:]10891/Mozi[.]a,offline
ActiveMQ,http[:]//94[.]154[.]43[.]7[:]8899/poc/q81e2b12a[.]xml,offline
,http[:]//176[.]65[.]139[.]158/bins/ouroboros[.]mipsel,offline
ActiveMQ,https[:]//webhook[.]site/9dbf1485-bfb7-4efb-838c-a49c0687a094/x[.]xml,offline
ActiveMQ,http[:]//94[.]154[.]43[.]7[:]8899/poc/qc958f25e[.]xml,offline
ActiveMQ,http[:]//94[.]154[.]43[.]7[:]8899/poc/q8cc1c5cc[.]xml,offline
,http[:]//176[.]65[.]139[.]158/bins/ouroboros[.]arm5,offline
,http[:]//176[.]65[.]139[.]158/bins/ouroboros[.]sh4,offline
ActiveMQ,http[:]//94[.]154[.]43[.]7[:]8899/poc/q580e368a[.]xml,offline
,http[:]//176[.]65[.]139[.]158/bins/ouroboros[.]sparc,offline
,http[:]//59[.]96[.]140[.]242[:]56865/Mozi[.]m,offline
ActiveMQ,http[:]//94[.]154[.]43[.]7[:]8899/poc/qbed89c58[.]xml,offline
ActiveMQ,http[:]//94[.]154[.]43[.]7[:]8899/poc/q2a300cc7[.]xml,offline
,http[:]//176[.]65[.]139[.]158/bins/ouroboros[.]arm7,offline
,http[:]//176[.]65[.]139[.]158/bins/ouroboros[.]mips,offline
,http[:]//176[.]65[.]139[.]158/bins/ouroboros[.]x86_64,offline
,http[:]//176[.]65[.]139[.]158/bins/ouroboros[.]arc,offline
,http[:]//176[.]65[.]139[.]158/bins/ouroboros[.]arm6,offline
ActiveMQ,http[:]//94[.]154[.]43[.]7[:]8899/poc/q0107423c[.]xml,offline
ActiveMQ,http[:]//94[.]154[.]43[.]7[:]8899/poc/q677ece66[.]xml,offline
ActiveMQ,http[:]//94[.]154[.]43[.]7[:]8899/poc/qcfba4d97[.]xml,offline
ActiveMQ,http[:]//94[.]154[.]43[.]7[:]8899/poc/qa4de2edb[.]xml,offline
"mirai,Mozi",http[:]//81[.]227[.]54[.]149[:]33012/,online
"macOS,zip",https[:]//delta-canvas[.]com/zxc/appex[.]zip,offline
"macOS,zip",https[:]//delta-canvas[.]com/zxc/apptwo[.]zip,offline
"macho,macOS",https[:]//delta-canvas[.]com/zxc/mdw,offline
"macOS,zip",https[:]//delta-canvas[.]com/zxc/app[.]zip,offline
"macho,macOS",https[:]//delta-canvas[.]com/zxc/kito,offline
"ClearFake,ClickFix",https[:]//spitandmalachite[.]com/rqs,offline
"c2-monitor-auto,dropped-by-amadey",http[:]//91[.]92[.]242[.]236/files-129312398/files/file_559588a728983686[.]exe,offline
ActiveMQ,http[:]//94[.]154[.]43[.]7[:]8899/poc/qa917c8a0[.]xml,offline
Mozi,http[:]//123[.]7[.]221[.]36[:]46754/bin[.]sh,online
mirai,http[:]//103[.]249[.]199[.]3[:]54358/i,online
mirai,http[:]//118[.]232[.]137[.]101[:]44950/i,online
Mozi,http[:]//125[.]45[.]67[.]67[:]36279/i,online
Mozi,http[:]//182[.]126[.]119[.]148[:]51845/bin[.]sh,online
mirai,http[:]//118[.]232[.]137[.]101[:]44950/bin[.]sh,online
"32-bit,elf,mips,Mozi",http[:]//222[.]137[.]86[.]126[:]57699/bin[.]sh,online
"32-bit,arm,elf,mirai,Mozi",http[:]//154[.]223[.]128[.]222[:]54066/bin[.]sh,online
"32-bit,arm,elf,mirai,Mozi",http[:]//105[.]186[.]248[.]189[:]51667/bin[.]sh,online
Mozi,http[:]//42[.]238[.]165[.]250[:]36611/bin[.]sh,online
,http[:]//182[.]113[.]217[.]135[:]58683/i,online
,http[:]//125[.]40[.]94[.]171[:]41661/i,online
mirai,http[:]//103[.]44[.]137[.]13[:]39313/i,online
mirai,http[:]//190[.]109[.]227[.]158[:]36528/bin[.]sh,online
mirai,http[:]//154[.]223[.]128[.]222[:]54066/i,online
Mozi,http[:]//125[.]46[.]196[.]234[:]52942/i,online
Mozi,http[:]//115[.]56[.]112[.]111[:]54414/i,online
Mozi,http[:]//115[.]50[.]41[.]25[:]55306/i,online
,http[:]//125[.]40[.]94[.]171[:]41661/bin[.]sh,online
Mozi,http[:]//42[.]232[.]89[.]39[:]59792/bin[.]sh,online
Mozi,http[:]//182[.]116[.]112[.]226[:]36732/i,online
Mozi,http[:]//182[.]116[.]113[.]85[:]36253/i,online
mirai,http[:]//103[.]44[.]137[.]13[:]39313/bin[.]sh,online
"32-bit,elf,mips,Mozi",http[:]//219[.]156[.]114[.]149[:]47601/bin[.]sh,online
"32-bit,arm,elf,mirai,Mozi",http[:]//124[.]162[.]246[.]201[:]40539/bin[.]sh,online
Mozi,http[:]//125[.]46[.]196[.]234[:]52942/bin[.]sh,online
Mozi,http[:]//59[.]96[.]143[.]52[:]51813/i,online
Mozi,http[:]//182[.]116[.]112[.]226[:]36732/bin[.]sh,online
Mozi,http[:]//182[.]184[.]61[.]121[:]47825/i,online
Mozi,http[:]//42[.]224[.]144[.]194[:]36143/bin[.]sh,online
Mozi,http[:]//38[.]137[.]250[.]247[:]41693/i,online
Mozi,http[:]//219[.]155[.]202[.]121[:]53202/i,online
Mozi,http[:]//182[.]127[.]104[.]120[:]42075/i,online
Mozi,http[:]//182[.]127[.]104[.]120[:]42075/bin[.]sh,online
mirai,http[:]//103[.]172[.]186[.]170[:]56160/i,online
,http[:]//113[.]238[.]173[.]237[:]46611/i,offline
Mozi,http[:]//39[.]40[.]165[.]127[:]44602/i,offline
Mozi,http[:]//39[.]40[.]165[.]127[:]44602/bin[.]sh,offline
mirai,http[:]//123[.]5[.]142[.]32[:]51339/i,online
mirai,http[:]//27[.]18[.]153[.]133[:]39889/i,online
Mozi,http[:]//90[.]153[.]190[.]250[:]60375/i,online
mirai,http[:]//125[.]126[.]115[.]153[:]39568/i,online
Mozi,http[:]//117[.]223[.]140[.]187[:]42718/i,offline
Mozi,http[:]//46[.]236[.]65[.]106[:]49187/bin[.]sh,online
mirai,http[:]//203[.]34[.]241[.]171[:]41386/i,online
Mozi,http[:]//117[.]223[.]140[.]187[:]42718/bin[.]sh,offline
mirai,http[:]//123[.]5[.]142[.]32[:]51339/bin[.]sh,online
Mozi,http[:]//27[.]220[.]115[.]233[:]41455/i,online
mirai,http[:]//196[.]189[.]40[.]159[:]42748/i,offline
Mozi,http[:]//27[.]220[.]115[.]233[:]41455/bin[.]sh,online
"32-bit,elf,mips,Mozi",http[:]//222[.]141[.]74[.]44[:]57573/bin[.]sh,online
mirai,http[:]//120[.]28[.]222[.]39[:]43231/i,online
Mozi,http[:]//42[.]230[.]40[.]199[:]52339/bin[.]sh,online
Mozi,http[:]//42[.]230[.]40[.]199[:]52339/i,online
mirai,http[:]//203[.]34[.]241[.]171[:]41386/bin[.]sh,online
mirai,http[:]//103[.]249[.]199[.]5[:]56417/bin[.]sh,online
,http[:]//42[.]4[.]117[.]38[:]46495/i,online
mirai,http[:]//124[.]161[.]116[.]2[:]51205/i,online
,http[:]//113[.]236[.]157[.]218[:]34992/bin[.]sh,online
Mozi,http[:]//219[.]156[.]152[.]10[:]48451/i,online
mirai,http[:]//124[.]234[.]182[.]219[:]36867/bin[.]sh,online
,http[:]//175[.]165[.]80[.]59[:]51637/i,offline
,http[:]//175[.]165[.]149[.]167[:]47203/i,online
Mozi,http[:]//115[.]55[.]171[.]232[:]43751/i,online
mirai,http[:]//112[.]113[.]135[.]104[:]44528/i,online
,http[:]//42[.]4[.]117[.]38[:]46495/bin[.]sh,online
mirai,http[:]//123[.]11[.]182[.]30[:]60965/i,online
,http[:]//175[.]149[.]196[.]145[:]45066/bin[.]sh,online
,http[:]//113[.]231[.]22[.]249[:]56519/i,online
Mozi,http[:]//115[.]55[.]254[.]214[:]49242/bin[.]sh,online
Mozi,http[:]//42[.]228[.]233[.]166[:]59417/i,online
Mozi,http[:]//117[.]223[.]140[.]48[:]42455/i,online
,http[:]//101[.]109[.]176[.]166[:]44083/i,offline
Mozi,http[:]//219[.]156[.]152[.]10[:]48451/bin[.]sh,online
Mozi,http[:]//42[.]228[.]233[.]166[:]59417/bin[.]sh,online
mirai,http[:]//196[.]189[.]68[.]239[:]59522/i,online
Mozi,http[:]//115[.]55[.]171[.]232[:]43751/bin[.]sh,online
Mozi,http[:]//59[.]180[.]142[.]150[:]45403/i,offline
mirai,http[:]//45[.]165[.]172[.]92[:]34104/bin[.]sh,online
,http[:]//175[.]149[.]196[.]145[:]45066/i,offline
Mozi,http[:]//115[.]63[.]13[.]56[:]60333/bin[.]sh,online
mirai,http[:]//105[.]184[.]7[.]4[:]35833/bin[.]sh,offline
Mozi,http[:]//202[.]1[.]26[.]70[:]40385/i,online
mirai,http[:]//180[.]191[.]228[.]111[:]55406/i,online
mirai,http[:]//105[.]184[.]7[.]4[:]35833/i,offline
Mozi,http[:]//123[.]8[.]62[.]104[:]42546/i,online
,http[:]//42[.]5[.]8[.]41[:]57818/bin[.]sh,online
Mozi,http[:]//42[.]230[.]230[.]56[:]42788/bin[.]sh,online
Mozi,http[:]//115[.]55[.]154[.]147[:]34127/bin[.]sh,online
"32-bit,arm,elf,mirai,Mozi",http[:]//177[.]86[.]229[.]12[:]58506/i,online
Mozi,http[:]//182[.]126[.]119[.]148[:]51845/i,online
mirai,http[:]//183[.]35[.]50[.]179[:]40190/i,online
Mozi,http[:]//123[.]8[.]62[.]104[:]42546/bin[.]sh,online
Mozi,http[:]//61[.]52[.]228[.]119[:]44734/i,online
Mozi,http[:]//115[.]55[.]235[.]236[:]56878/bin[.]sh,online
Mozi,http[:]//61[.]53[.]94[.]66[:]50334/bin[.]sh,online
mirai,http[:]//58[.]65[.]210[.]158[:]55333/bin[.]sh,offline
"32-bit,elf,mips,Mozi",http[:]//42[.]7[.]217[.]201[:]52125/bin[.]sh,online
,http[:]//123[.]14[.]218[.]87[:]37495/i,offline
Mozi,http[:]//61[.]52[.]6[.]255[:]38768/i,offline
Mozi,http[:]//59[.]180[.]136[.]188[:]38357/i,online
"32-bit,elf,mips,Mozi",http[:]//42[.]232[.]89[.]39[:]59792/i,online
Mozi,http[:]//61[.]52[.]228[.]119[:]44734/bin[.]sh,online
Mozi,http[:]//59[.]180[.]174[.]220[:]58136/i,offline
,http[:]//42[.]178[.]171[.]237[:]57285/i,offline
mirai,http[:]//210[.]208[.]110[.]4[:]51278/i,online
Mozi,http[:]//42[.]231[.]201[.]16[:]58587/i,online
Mozi,http[:]//182[.]121[.]189[.]97[:]43512/i,offline
,http[:]//123[.]14[.]218[.]87[:]37495/bin[.]sh,offline
Mozi,http[:]//112[.]248[.]119[.]151[:]56160/bin[.]sh,online
"32-bit,elf,mips,Mozi",http[:]//59[.]180[.]136[.]169[:]55956/i,online
Mozi,http[:]//59[.]180[.]174[.]220[:]58136/bin[.]sh,offline
,http[:]//175[.]148[.]155[.]215[:]35723/bin[.]sh,offline
,http[:]//42[.]178[.]171[.]237[:]57285/bin[.]sh,offline
Mozi,http[:]//42[.]232[.]101[.]99[:]34798/i,online
mirai,http[:]//36[.]88[.]136[.]194[:]54101/i,online
"32-bit,arm,elf,mirai,Mozi",http[:]//101[.]205[.]70[.]39[:]58301/i,online
"32-bit,arm,elf,mirai,Mozi",http[:]//105[.]186[.]80[.]120[:]59103/bin[.]sh,online
Mozi,http[:]//115[.]55[.]235[.]236[:]56878/i,online
,http[:]//60[.]23[.]238[.]200[:]43630/i,offline
Mozi,http[:]//42[.]231[.]201[.]16[:]58587/bin[.]sh,online
mirai,http[:]//105[.]224[.]253[.]231[:]60265/i,offline
Mozi,http[:]//219[.]156[.]114[.]149[:]47601/i,online
Mozi,http[:]//115[.]53[.]208[.]81[:]49473/i,online
Mozi,http[:]//123[.]12[.]236[.]128[:]40656/i,online
,http[:]//46[.]236[.]65[.]235[:]41753/bin[.]sh,online
,http[:]//115[.]49[.]202[.]31[:]36158/i,online
"dropped,dropped-by-Stealc",http[:]//193[.]178[.]158[.]107/bin/1f1974ee5c566e5a_1[.]exe,online
,http[:]//124[.]94[.]247[.]89[:]45699/i,offline
Mozi,http[:]//119[.]154[.]117[.]234[:]38962/i,online
Mozi,http[:]//115[.]63[.]147[.]155[:]48145/i,online
,http[:]//120[.]84[.]215[.]78[:]45931/i,online
mirai,http[:]//180[.]244[.]10[.]211[:]49936/bin[.]sh,offline
,http[:]//113[.]236[.]157[.]218[:]34992/i,online
,http[:]//185[.]141[.]233[.]178[:]57946/i,online
"32-bit,arm,elf,mirai,Mozi",http[:]//222[.]127[.]170[.]183[:]59845/i,online
Mozi,http[:]//39[.]61[.]30[.]138[:]51345/bin[.]sh,online
mirai,http[:]//14[.]145[.]162[.]58[:]33717/i,offline
Mozi,http[:]//115[.]53[.]208[.]81[:]49473/bin[.]sh,online
Mozi,http[:]//123[.]12[.]236[.]128[:]40656/bin[.]sh,online
,http[:]//115[.]49[.]202[.]31[:]36158/bin[.]sh,online
,http[:]//120[.]84[.]215[.]78[:]45931/bin[.]sh,online
Mozi,http[:]//125[.]44[.]51[.]4[:]51792/bin[.]sh,online
Mozi,http[:]//42[.]239[.]12[.]45[:]58246/i,online
Mozi,http[:]//182[.]117[.]40[.]65[:]56284/i,online
"32-bit,arm,elf,mirai,Mozi",http[:]//210[.]208[.]111[.]220[:]35600/bin[.]sh,online
"32-bit,arm,elf,mirai,Mozi",http[:]//185[.]50[.]148[.]169[:]46305/bin[.]sh,online
"32-bit,arm,elf,mirai,Mozi",http[:]//200[.]115[.]102[.]2[:]54792/i,online
"32-bit,arm,elf,mirai,Mozi",http[:]//222[.]127[.]170[.]183[:]59845/bin[.]sh,online
mirai,http[:]//187[.]45[.]95[.]254[:]48143/i,online
Mozi,http[:]//123[.]7[.]221[.]36[:]46754/i,online
mirai,http[:]//175[.]10[.]24[.]57[:]48436/i,online
,http[:]//185[.]141[.]233[.]178[:]57946/bin[.]sh,online
mirai,http[:]//175[.]31[.]228[.]93[:]37847/i,online
Mozi,http[:]//115[.]55[.]254[.]214[:]49242/i,online
Mozi,http[:]//42[.]224[.]144[.]194[:]36143/i,online
Mozi,http[:]//182[.]121[.]234[.]165[:]42289/i,online
"32-bit,arm,elf,mirai,Mozi",http[:]//200[.]115[.]102[.]2[:]54792/bin[.]sh,online
mirai,http[:]//124[.]6[.]167[.]113[:]38678/i,offline
Mozi,http[:]//42[.]230[.]230[.]56[:]42788/i,online
mirai,http[:]//196[.]189[.]35[.]226[:]44934/bin[.]sh,offline
,http[:]//113[.]236[.]234[.]179[:]53135/bin[.]sh,online
Mozi,http[:]//115[.]55[.]154[.]147[:]34127/i,online
Mozi,http[:]//123[.]13[.]86[.]22[:]42036/i,offline
Mozi,http[:]//182[.]121[.]234[.]165[:]42289/bin[.]sh,online
mirai,http[:]//103[.]18[.]13[.]63[:]39744/i,offline
mirai,http[:]//124[.]6[.]167[.]113[:]38678/bin[.]sh,offline
mirai,http[:]//180[.]244[.]10[.]211[:]49936/i,offline
Mozi,http[:]//125[.]40[.]56[.]63[:]48029/i,offline
Mozi,http[:]//123[.]13[.]86[.]22[:]42036/bin[.]sh,offline
mirai,http[:]//45[.]231[.]145[.]15[:]54661/bin[.]sh,online
mirai,http[:]//93[.]178[.]67[.]247[:]50047/bin[.]sh,online
"dropped,dropped-by-Stealc",http[:]//193[.]178[.]158[.]107/bin/0e419fea238e8c4e_2[.]exe,online
"32-bit,elf,mips,Mozi",http[:]//175[.]165[.]82[.]5[:]59646/bin[.]sh,online
mirai,http[:]//110[.]86[.]189[.]113[:]52448/i,online
Mozi,http[:]//182[.]121[.]46[.]93[:]46436/i,offline
,http[:]//31[.]133[.]76[.]30[:]34609/i,online
Mozi,http[:]//222[.]136[.]143[.]162[:]57424/bin[.]sh,offline
Mozi,http[:]//222[.]141[.]74[.]44[:]57573/i,online
,http[:]//115[.]63[.]50[.]225[:]49632/i,online
Mozi,http[:]//77[.]53[.]231[.]107[:]47326/i,online
mirai,http[:]//125[.]25[.]99[.]250[:]48439/i,offline
,http[:]//92[.]248[.]238[.]90[:]17191/bin[.]sh,online
mirai,http[:]//110[.]86[.]189[.]113[:]52448/bin[.]sh,online
Mozi,http[:]//182[.]121[.]46[.]93[:]46436/bin[.]sh,offline
,http[:]//60[.]23[.]233[.]134[:]56485/i,online
mirai,http[:]//45[.]183[.]184[.]74[:]54667/bin[.]sh,online
mirai,http[:]//175[.]107[.]229[.]228[:]33309/i,online
,http[:]//92[.]248[.]238[.]90[:]17191/i,online
"32-bit,elf,mips,Mozi",http[:]//113[.]228[.]155[.]216[:]57635/bin[.]sh,online
"32-bit,arm,elf,mirai,Mozi",http[:]//45[.]171[.]177[.]193[:]40090/i,offline
Mozi,http[:]//222[.]142[.]253[.]49[:]51878/i,online
Mozi,http[:]//219[.]155[.]63[.]127[:]54866/bin[.]sh,offline
mirai,http[:]//180[.]191[.]152[.]204[:]36870/i,online
"32-bit,elf,mips,Mozi",http[:]//42[.]53[.]235[.]63[:]58245/bin[.]sh,offline
Mozi,http[:]//182[.]126[.]243[.]77[:]44847/i,offline
Mozi,http[:]//59[.]180[.]143[.]92[:]53134/bin[.]sh,online
mirai,http[:]//45[.]70[.]178[.]78[:]38222/i,online
,http[:]//42[.]53[.]235[.]63[:]58245/i,offline
mirai,http[:]//222[.]127[.]77[.]227[:]43108/i,online
mirai,http[:]//175[.]107[.]229[.]228[:]33309/bin[.]sh,online
,http[:]//60[.]23[.]233[.]134[:]56485/bin[.]sh,online
mirai,http[:]//105[.]186[.]247[.]212[:]56463/i,offline
mirai,http[:]//36[.]70[.]231[.]123[:]42661/i,online
,http[:]//89[.]189[.]188[.]39[:]37505/i,online
mirai,http[:]//115[.]226[.]182[.]76[:]42320/i,online
Mozi,http[:]//61[.]52[.]228[.]233[:]55020/i,online
Mozi,http[:]//27[.]202[.]51[.]67[:]50097/bin[.]sh,online
mirai,http[:]//189[.]127[.]169[.]20[:]48562/bin[.]sh,offline
Mozi,http[:]//27[.]202[.]51[.]67[:]50097/i,online
mirai,http[:]//105[.]186[.]248[.]189[:]51667/i,offline
,http[:]//42[.]52[.]127[.]223[:]39285/bin[.]sh,online
,http[:]//181[.]197[.]146[.]98[:]55755/bin[.]sh,online
mirai,http[:]//219[.]157[.]32[.]156[:]51347/i,online
Mozi,http[:]//39[.]61[.]30[.]138[:]51345/i,online
,http[:]//116[.]138[.]35[.]161[:]37833/bin[.]sh,offline
mirai,http[:]//105[.]186[.]80[.]120[:]59103/i,offline
"32-bit,elf,mips,Mozi",http[:]//42[.]230[.]190[.]172[:]55630/bin[.]sh,online
Mozi,http[:]//59[.]180[.]143[.]92[:]53134/i,offline
mirai,http[:]//124[.]162[.]246[.]201[:]40539/i,online
"54e64e,dropped-by-amadey",http[:]//91[.]92[.]242[.]236/files-129312398/files/file_4863586160e09e88[.]exe,offline
Mozi,http[:]//59[.]96[.]143[.]138[:]53299/i,offline
mirai,http[:]//27[.]21[.]25[.]15[:]50054/i,online
"32-bit,arm,elf,mirai,Mozi",http[:]//36[.]64[.]184[.]26[:]37265/bin[.]sh,offline
"32-bit,arm,elf,mirai,Mozi",http[:]//105[.]184[.]83[.]103[:]45157/bin[.]sh,offline
Mozi,http[:]//82[.]114[.]178[.]6[:]59807/i,offline
Mozi,http[:]//59[.]96[.]143[.]138[:]53299/bin[.]sh,offline
Mozi,http[:]//115[.]49[.]88[.]54[:]36589/bin[.]sh,offline
Mozi,http[:]//119[.]186[.]190[.]69[:]48263/i,online
Mozi,http[:]//218[.]28[.]150[.]94[:]35761/i,offline
Mozi,http[:]//42[.]238[.]171[.]75[:]54297/i,offline
,http[:]//113[.]236[.]159[.]150[:]57442/bin[.]sh,online
,http[:]//175[.]165[.]82[.]88[:]50674/i,online
mirai,http[:]//36[.]70[.]143[.]79[:]45119/i,online
"9d2ca3,dropped-by-amadey",http[:]//91[.]92[.]242[.]236/files-129312398/files/file_2a246d5665a195b1[.]exe,offline
Mozi,http[:]//125[.]45[.]10[.]123[:]54089/i,offline
mirai,http[:]//222[.]246[.]20[.]224[:]60522/i,offline
,http[:]//42[.]56[.]207[.]13[:]48282/i,online
,http[:]//42[.]52[.]232[.]28[:]57947/i,online
mirai,http[:]//112[.]198[.]195[.]68[:]43443/i,online
Mozi,http[:]//218[.]28[.]150[.]94[:]35761/bin[.]sh,offline
mirai,http[:]//58[.]65[.]210[.]168[:]52545/i,offline
mirai,http[:]//101[.]58[.]112[.]120[:]44972/i,online
,http[:]//42[.]56[.]207[.]13[:]48282/bin[.]sh,online
"32-bit,arm,elf,mirai,Mozi",http[:]//115[.]61[.]189[.]53[:]34621/bin[.]sh,online
Mozi,http[:]//119[.]154[.]106[.]214[:]38962/i,offline
Mozi,http[:]//115[.]61[.]117[.]76[:]60489/i,online
,http[:]//77[.]225[.]115[.]53[:]59140/i,offline
"32-bit,elf,mips,Mozi",http[:]//42[.]226[.]67[.]238[:]34242/i,online
Mozi,http[:]//115[.]61[.]117[.]76[:]60489/bin[.]sh,online
,http[:]//123[.]14[.]55[.]246[:]53334/i,online
mirai,http[:]//180[.]191[.]34[.]236[:]33816/i,online
"32-bit,elf,mips,Mozi",http[:]//60[.]23[.]238[.]24[:]47717/bin[.]sh,online
"32-bit,arm,elf,mirai,Mozi",http[:]//222[.]168[.]180[.]83[:]47073/bin[.]sh,online
,http[:]//179[.]198[.]124[.]213/alpha-payload[.]zip,online
,http[:]//179[.]198[.]124[.]213/cloud-setup[.]ps1,offline
"ascii,powershell,ps1",https[:]//amc-us[.]mprevive[.]com/cdn/hello[.]txt,offline
,http[:]//astraia[.]co[.]za/kizzy/5[.]jpg,offline
rev-base64-loader,http[:]//216[.]9[.]224[.]48/200/gmabmjd[.]txt,online
mirai,http[:]//112[.]255[.]78[.]191[:]43939/bin[.]sh,online
,http[:]//123[.]14[.]55[.]246[:]53334/bin[.]sh,online
mirai,http[:]//36[.]69[.]91[.]169[:]36446/i,online
ua-ps,http[:]//helpdesk09-26[.]com/,online
,http[:]//222[.]138[.]205[.]194[:]35146/i,offline
"ascii,Encoded,GuLoader",http[:]//masterplasticpack[.]com/Fredningsformaalene58[.]snp,online
"ascii,Encoded,GuLoader",http[:]//masterplasticpack[.]com/Chaffinch[.]asd,online
"rat,RemcosRAT,vbe",http[:]//107[.]175[.]148[.]115/95/goodthingsforme[.]vbE,offline
,http[:]//117[.]146[.]92[.]46[:]35149/bin[.]sh,online
,http[:]//175[.]147[.]221[.]254[:]38407/i,online
Mozi,http[:]//42[.]226[.]67[.]238[:]34242/bin[.]sh,online
mirai,http[:]//196[.]190[.]69[.]149[:]44909/bin[.]sh,offline
"stego,xworm",http[:]//138[.]124[.]62[.]81/onyi[.]png,online
"ascii,opendir,powershell,ps1",http[:]//158[.]94[.]210[.]129/GMT/kkCRYPTED_STUB[.]ps1,online
"rat,SiriusRAT,stego",http[:]//138[.]124[.]62[.]81/siru[.]png,online
"rat,SiriusRAT,stego",http[:]//138[.]124[.]62[.]81/king[.]png,online
"ascii,opendir,powershell,ps1",http[:]//158[.]94[.]210[.]129/GMT/kCRYPTED_STUB[.]ps1,online
"ascii,Formbook,opendir,powershell,ps1",http[:]//158[.]94[.]210[.]129/GMT/HCRYPTED_STUB[.]ps1,online
"32-bit,arm,elf,mirai,Mozi",http[:]//216[.]28[.]193[.]204[:]55885/bin[.]sh,offline
"rat,RemcosRAT,stego",https[:]//res[.]cloudinary[.]com/ohmsggn3/image/upload/v1789974451/img_030613_zboouz[.]jpg,offline
"ascii,js,opendir,VIPKeylogger",https[:]//trabzonmegareklamllc[.]shop/nzeze/hdyTf6DerwjXowqgNm73vRvhow23Cb[.]js,offline
"ascii,opendir,powershell,ps1",https[:]//trabzonmegareklamllc[.]shop/nzeze/Crypted[.]ps1,offline
"ascii,opendir,powershell,ps1,VIPKeylogger",https[:]//trabzonmegareklamllc[.]shop/masfrnd/Crypted[.]ps1,offline
"ascii,powershell,ps1",https[:]//surun[.]info/nh1ykmf/qagxfjr/wxtrdlm/wisky[.]ps1,offline
"ascii,powershell,ps1",https[:]//surun[.]info/nh1ykmf/qagxfjr/wxtrdlm/neriCrypted[.]ps1,offline
"ascii,expiro,powershell,ps1",https[:]//surun[.]info/nh1ykmf/qagxfjr/wxtrdlm/crypted[.]ps1,offline
"ascii,powershell,ps1",https[:]//surun[.]info/nh1ykmf/qagxfjr/wxtrdlm/jensi[.]ps1,offline
"ascii,powershell,ps1",https[:]//surun[.]info/nh1ykmf/qagxfjr/wxtrdlm/sagasuit[.]ps1,offline
"ascii,powershell,ps1",https[:]//surun[.]info/nh1ykmf/qagxfjr/wxtrdlm/Cryptedn[.]ps1,offline
"ascii,powershell,ps1",https[:]//surun[.]info/nh1ykmf/qagxfjr/wxtrdlm/Cryptedk[.]ps1,offline
"ascii,powershell,ps1",https[:]//surun[.]info/nh1ykmf/qagxfjr/wxtrdlm/RYAN[.]ps1,offline
"AveMariaRAT,opendir,powershell,ps1,rat",https[:]//surun[.]info/nh1ykmf/qagxfjr/wxtrdlm/Man/Crypted[.]ps1,offline
"ascii,Formbook,powershell,ps1",https[:]//mhmehadi[.]top/Cryptedd[.]ps1,offline
"rat,RemcosRAT,rev-base64-loader",https[:]//hhtdyj[.]com/cSOwtTUz/iinAFjA[.]txt,offline
"ascii,Formbook,opendir,powershell,ps1",http[:]//surun[.]info/nh1ykmf/qagxfjr/cc/Cryptedt[.]ps1,offline
"rat,RemcosRAT,stego",http[:]//107[.]172[.]235[.]217/img/5[.]jpg,online
"AgentTesla,stego",https[:]//adcentral[.]com[.]mx/administrator/ognltimg_051814[.]png,online
"32-bit,arm,elf,mirai,Mozi",http[:]//110[.]136[.]103[.]91[:]36005/bin[.]sh,online
,http[:]//175[.]147[.]221[.]254[:]38407/bin[.]sh,online
mirai,http[:]//222[.]142[.]77[.]70[:]43545/bin[.]sh,offline
mirai,http[:]//94[.]136[.]82[.]70[:]59973/i,online
,http[:]//222[.]138[.]151[.]117[:]36649/i,online
Mozi,http[:]//115[.]56[.]147[.]16[:]40207/i,offline
Mozi,http[:]//202[.]111[.]130[.]108[:]34417/bin[.]sh,offline
"32-bit,arm,elf,mirai,Mozi",http[:]//103[.]87[.]194[.]109[:]36309/bin[.]sh,offline
,http[:]//175[.]147[.]91[.]30[:]57955/bin[.]sh,offline
,http[:]//42[.]7[.]231[.]131[:]55099/i,online
Mozi,http[:]//115[.]56[.]147[.]16[:]40207/bin[.]sh,offline
mirai,http[:]//94[.]136[.]82[.]70[:]59973/bin[.]sh,online
,http[:]//175[.]147[.]92[.]230[:]60016/i,offline
,http[:]//42[.]7[.]231[.]131[:]55099/bin[.]sh,online
mirai,http[:]//45[.]165[.]172[.]92[:]34104/i,online
"ascii,opendir,powershell,ps1",http[:]//158[.]94[.]210[.]129/DV/CRYPTED_STUB[.]ps1,online
"ascii,opendir,powershell,ps1",http[:]//158[.]94[.]210[.]129/DV/OJCRYPTED_STUB[.]ps1,online
"ascii,opendir,powershell,ps1",http[:]//158[.]94[.]210[.]129/DV/AKCRYPTED_STUB[.]ps1,offline
"ascii,Formbook,opendir,powershell,ps1",http[:]//158[.]94[.]210[.]129/DV/millsCRYPTED_STUB[.]ps1,offline
Mozi,http[:]//125[.]44[.]51[.]4[:]51792/i,online
,http[:]//175[.]147[.]92[.]230[:]60016/bin[.]sh,offline
"AgentTesla,stego",https[:]//pub-ce02802067934e0eb072f69bf6427bf6[.]r2[.]dev/bin[.]png,offline
mirai,http[:]//89[.]185[.]82[.]24/sh4,online
mirai,http[:]//89[.]185[.]82[.]24/ppc,online
mirai,http[:]//89[.]185[.]82[.]24/mips,online
mirai,http[:]//89[.]185[.]82[.]24/arm7,online
mirai,http[:]//89[.]185[.]82[.]24/arm6,online
mirai,http[:]//89[.]185[.]82[.]24/arm5,online
mirai,http[:]//89[.]185[.]82[.]24/mpsl,online
"hta,rat,RemcosRAT",http[:]//172[.]245[.]209[.]194/56/weneedbestttech[.]hta,offline
"ascii,rat,RemcosRAT",http[:]//172[.]245[.]209[.]194/Qd5qxOAT,offline
stego,https[:]//obearo[.]com/img_163520[.]png,online
"rat,RemcosRAT,stego",http[:]//172[.]245[.]209[.]194/56/img_232634[.]png,offline
AgentTesla,https[:]//rough-truth-e072[.]publicftpresend[.]workers[.]dev/mjnij,offline
,http[:]//121[.]202[.]250[.]245[:]42105/i,offline
Mozi,http[:]//85[.]95[.]191[.]148[:]46429/i,online
Mozi,http[:]//27[.]204[.]197[.]121[:]37094/bin[.]sh,offline
mirai,http[:]//113[.]230[.]103[.]110[:]56084/i,online
"encrypted,GuLoader",http[:]//185[.]29[.]10[.]35/TzlcAvnQLtKEsaE57[.]bin,offline
"encrypted,GuLoader",http[:]//185[.]29[.]10[.]35/XYNmYjwBxayjuLbFktfB115[.]bin,offline
"encrypted,GuLoader",http[:]//185[.]29[.]10[.]35/KllNck170[.]bin,offline
"encrypted,GuLoader",http[:]//185[.]29[.]10[.]35/HMEotOZMoCAapmqe188[.]bin,offline
exe,http[:]//108[.]187[.]43[.]222/chfs/shared/etup[.]exe,offline
"connectwise,msi,rmm,screenconnect",http[:]//185[.]99[.]135[.]134/Bin/ScreenConnect[.]ClientSetup[.]msi,online
"ascii,powershell,ps1,xworm",https[:]//hf-offshores[.]cc/Crypted[.]zip[.]ps1,offline
,http[:]//123[.]8[.]46[.]155[:]41164/i,online
Mozi,http[:]//222[.]139[.]77[.]199[:]41089/bin[.]sh,offline
Mozi,http[:]//2[.]184[.]46[.]165[:]32908/i,offline
mirai,http[:]//115[.]49[.]130[.]148[:]33277/i,offline
Mozi,http[:]//2[.]184[.]46[.]165[:]32908/bin[.]sh,offline
,http[:]//113[.]229[.]80[.]151[:]53464/i,offline
Mozi,http[:]//203[.]177[.]28[.]149[:]34587/i,offline
,http[:]//115[.]49[.]76[.]16[:]54599/i,online
Mozi,http[:]//115[.]55[.]228[.]5[:]56878/i,offline
,http[:]//115[.]49[.]76[.]16[:]54599/bin[.]sh,online
Mozi,http[:]//125[.]46[.]197[.]246[:]47139/i,offline
"32-bit,elf,mips,Mozi",http[:]//117[.]146[.]92[.]46[:]35149/i,online
"c2-monitor-auto,dropped-by-amadey",http[:]//91[.]92[.]242[.]236/files-129312398/files/file_a5e8e5e66efca412[.]exe,offline
"32-bit,elf,mips,Mozi",http[:]//115[.]50[.]227[.]24[:]45489/i,offline
Mozi,http[:]//125[.]46[.]197[.]246[:]47139/bin[.]sh,offline
"32-bit,elf,mips,Mozi",http[:]//115[.]53[.]220[.]182[:]53727/bin[.]sh,offline
Mozi,http[:]//182[.]112[.]29[.]108[:]60594/i,offline
mirai,http[:]//89[.]185[.]82[.]24/x86,online
Mozi,http[:]//39[.]86[.]247[.]120[:]42417/bin[.]sh,offline
mirai,http[:]//182[.]126[.]5[.]127[:]59405/bin[.]sh,online
Mozi,http[:]//123[.]235[.]228[.]44[:]42179/bin[.]sh,offline
,http[:]//42[.]5[.]79[.]38[:]48150/i,online
,http[:]//178[.]176[.]107[.]122[:]56261/i,online
mirai,http[:]//201[.]110[.]182[.]131[:]38216/bin[.]sh,offline
mirai,http[:]//36[.]69[.]85[.]175[:]53289/i,offline
mirai,http[:]//36[.]69[.]85[.]175[:]53289/bin[.]sh,offline
mirai,http[:]//223[.]151[.]75[.]102[:]40251/bin[.]sh,online
,http[:]//175[.]148[.]147[.]115[:]33698/bin[.]sh,online
mirai,http[:]//223[.]151[.]74[.]171[:]34810/i,offline
mirai,http[:]//223[.]151[.]74[.]171[:]34810/bin[.]sh,offline
,http[:]//175[.]148[.]132[.]101[:]37293/i,online
mirai,http[:]//167[.]250[.]158[.]32[:]44021/bin[.]sh,offline
,http[:]//42[.]85[.]205[.]103[:]55293/bin[.]sh,online
Mozi,http[:]//42[.]238[.]254[.]71[:]47417/bin[.]sh,online
mirai,http[:]//85[.]12[.]237[.]201[:]51522/bin[.]sh,offline
mirai,http[:]//170[.]84[.]133[.]234[:]34650/bin[.]sh,online
Mozi,http[:]//42[.]232[.]235[.]67[:]39372/Mozi[.]m,offline
mirai,http[:]//39[.]74[.]153[.]192[:]33615/bin[.]sh,offline
mirai,http[:]//210[.]208[.]104[.]156[:]45311/bin[.]sh,online
Mozi,http[:]//59[.]103[.]116[.]83[:]33954/i,online
mirai,http[:]//36[.]70[.]71[.]115[:]57852/bin[.]sh,online
mirai,http[:]//210[.]208[.]111[.]36[:]36546/bin[.]sh,online
mirai,http[:]//222[.]243[.]95[.]50[:]43110/Mozi[.]a,offline
mirai,http[:]//68[.]195[.]40[.]192[:]54672/bin[.]sh,online
,http[:]//90[.]225[.]220[.]127[:]42771/bin[.]sh,offline
,http[:]//158[.]94[.]211[.]199[:]9999/a47017ca48be,offline
,http[:]//158[.]94[.]211[.]199[:]9999/a9f448e0fea4,offline
,http[:]//120[.]28[.]194[.]92[:]59012/bin[.]sh,offline
Worm.Virut,http[:]//156[.]225[.]17[.]60[:]113/cn[.]exe,online
,http[:]//scanbot[.]me/?gvc,offline
,http[:]//120[.]84[.]215[.]184[:]46724/i,online
mirai,http[:]//125[.]120[.]33[.]1[:]41585/bin[.]sh,offline
,http[:]//120[.]84[.]214[.]47[:]56316/bin[.]sh,online
mirai,http[:]//121[.]226[.]176[.]156[:]57119/bin[.]sh,online
Mozi,http[:]//123[.]8[.]63[.]177[:]44082/i,offline
mirai,http[:]//125[.]118[.]23[.]70[:]55415/bin[.]sh,offline
,http[:]//158[.]94[.]211[.]199[:]9999/471a2f656b74,offline
,http[:]//158[.]94[.]211[.]199[:]9999/5fc98434ec1c,offline
mirai,http[:]//189[.]127[.]169[.]20[:]48562/i,offline
"HadesStealer,HadeStealer,rat,stealer",https[:]//www[.]dropbox[.]com/scl/fi/eiy9iti65bkr32s5rk0yf/ApocalypseRLauncher[.]zip?rlkey=t26cl2ckd36dreuzct85gvm7w&st=1utdkz6u&dl=1,offline
"CobaltStrike,JumpCloudRMM",https[:]//ck-bt[.]s3[.]us-east-2[.]amazonaws[.]com/jumpCloud_SecureSigned[.]msi,online
jar,https[:]//dev7[.]devmicro7[.]workers[.]dev/zips/a9f4af7e5eab1d64[.]zip,offline
"HadesStealer,HadeStealer,rat,stealer",https[:]//www[.]dropbox[.]com/scl/fi/5blo83qp2603gz9t1gfzn/ApocalypseR-1[.]20[.]4[.]zip?rlkey=fzsnfcoio02xfmiaeoue9b9k1&st=of47ii9a&dl=1,offline
ClickFix,https[:]//zaluposs[.]com/check/update[.]ps1,offline
"32-bit,arm,elf,mirai,Mozi",http[:]//115[.]59[.]236[.]127[:]39953/bin[.]sh,online
"32-bit,elf,mips,Mozi",http[:]//188[.]234[.]94[.]61[:]2025/bin[.]sh,online
"32-bit,elf,mips,Mozi",http[:]//182[.]127[.]48[.]32[:]36350/i,online
,http[:]//221[.]14[.]172[.]50[:]50093/bin[.]sh,offline
"32-bit,elf,mips,Mozi",http[:]//182[.]127[.]48[.]32[:]36350/bin[.]sh,online
Mozi,http[:]//195[.]64[.]233[.]167[:]36127/i,offline
"32-bit,elf,mips,Mozi",http[:]//113[.]228[.]85[.]214[:]50311/bin[.]sh,online
"32-bit,arm,elf,mirai,Mozi",http[:]//181[.]174[.]231[.]21[:]54372/bin[.]sh,offline
Mozi,http[:]//195[.]64[.]233[.]167[:]36127/bin[.]sh,offline
"rat,RemcosRAT,stego",https[:]//res[.]cloudinary[.]com/ohmsggn3/image/upload/v1790055283/img_013224_lyxhcs[.]jpg,offline
mirai,http[:]//105[.]225[.]76[.]83[:]54803/i,offline
Mozi,http[:]//42[.]230[.]190[.]172[:]55630/i,online
mirai,http[:]//210[.]208[.]111[.]234[:]36640/bin[.]sh,online
,http[:]//163[.]142[.]93[.]68[:]55570/i,online
"32-bit,elf,mips,Mozi",http[:]//221[.]15[.]12[.]9[:]51992/i,offline
mirai,http[:]//121[.]231[.]243[.]123[:]40173/i,offline
exe,https[:]//github[.]com/namenajaee-afk/DongdowBadowYaeee/raw/refs/heads/main/likely[.]exe,online
"32-bit,arm,elf,mirai,Mozi",http[:]//123[.]185[.]64[.]34[:]54014/i,online
"exe,xworm",https[:]//github[.]com/namenajaee-afk/DongdowBadowYaeee/raw/refs/heads/main/client[.]exe,online
"AgentTesla,encrypted,GuLoader",http[:]//185[.]29[.]10[.]35/NyDWxZomGF227[.]bin,offline
"32-bit,elf,mips,Mozi",http[:]//42[.]54[.]145[.]202[:]56600/i,online
mirai,http[:]//105[.]225[.]76[.]83[:]54803/bin[.]sh,offline
,http[:]//121[.]202[.]250[.]245[:]42105/bin[.]sh,offline
Mozi,http[:]//42[.]224[.]174[.]143[:]47176/i,online
mirai,http[:]//203[.]204[.]93[.]86[:]55118/bin[.]sh,online
"32-bit,arm,elf,mirai,Mozi",http[:]//121[.]231[.]243[.]123[:]40173/bin[.]sh,offline
"AgentTesla,stego",https[:]//firebasestorage[.]googleapis[.]com/v0/b/julyendingapama[.]firebasestorage[.]app/o/slim[.]png?alt=media&token=c28e3a19-7fb3-443a-88fb-2e3b8a77b454,online
"rat,RemcosRAT,stego",http[:]//204[.]44[.]93[.]119/96/img_034852[.]png,online
"hta,rat,RemcosRAT",http[:]//204[.]44[.]93[.]119/96/weneedbestthigns[.]hta,offline
"ascii,powershell,ps1,rat,RemcosRAT",http[:]//204[.]44[.]93[.]119/7EZKsPsM,offline
,http[:]//163[.]142[.]93[.]68[:]55570/bin[.]sh,online
mirai,http[:]//181[.]174[.]231[.]21[:]54372/i,offline
"32-bit,arm,elf,mirai,Mozi",http[:]//110[.]136[.]45[.]244[:]50871/bin[.]sh,offline
Mozi,http[:]//42[.]224[.]174[.]143[:]47176/bin[.]sh,online
mirai,http[:]//182[.]121[.]145[.]184[:]43907/bin[.]sh,online
Mozi,http[:]//39[.]46[.]222[.]236[:]40950/i,offline
mirai,http[:]//116[.]207[.]223[.]57[:]49724/i,online
Mozi,http[:]//117[.]223[.]143[.]214[:]43268/bin[.]sh,offline
mirai,http[:]//58[.]47[.]105[.]153[:]51379/bin[.]sh,offline
"DiscordInjection,javascript,RapidStealer",https[:]//raw[.]githubusercontent[.]com/axelancexld/axelancexld/refs/heads/main/educational,online
Mozi,http[:]//115[.]49[.]248[.]23[:]46832/bin[.]sh,offline
,http[:]//113[.]236[.]71[.]177[:]51013/i,online
"elf,mirai,ua-wget",http[:]//45[.]74[.]3[.]24/bot[.]arm7,online
mirai,http[:]//116[.]207[.]223[.]57[:]49724/bin[.]sh,online
,http[:]//27[.]44[.]147[.]195[:]43172/bin[.]sh,online
mirai,http[:]//120[.]28[.]135[.]4[:]43205/bin[.]sh,online
,http[:]//27[.]44[.]147[.]195[:]43172/i,online
,http[:]//176[.]214[.]121[.]253[:]29937/bin[.]sh,online
mirai,http[:]//210[.]208[.]111[.]234[:]36640/i,online
,http[:]//176[.]214[.]121[.]253[:]29937/i,online
,http[:]//79[.]55[.]180[.]245[:]53370/i,offline
,http[:]//115[.]52[.]198[.]83[:]49159/i,online
Mozi,http[:]//222[.]136[.]141[.]183[:]43857/bin[.]sh,online
,http[:]//59[.]180[.]136[.]40[:]50353/i,offline
"32-bit,elf,mips,Mozi",http[:]//123[.]188[.]104[.]11[:]33110/bin[.]sh,online
Mozi,http[:]//59[.]180[.]136[.]40[:]50353/bin[.]sh,offline
Mozi,http[:]//41[.]252[.]58[.]139[:]32768/i,offline
mirai,http[:]//110[.]136[.]103[.]91[:]36005/i,online
Mozi,http[:]//119[.]178[.]251[.]26[:]60563/bin[.]sh,online
Mozi,http[:]//59[.]180[.]149[.]94[:]47308/i,offline
,http[:]//175[.]146[.]3[.]82[:]56189/i,online
"32-bit,arm,elf,mirai,Mozi",http[:]//125[.]105[.]45[.]135[:]36544/bin[.]sh,online
,http[:]//175[.]174[.]3[.]231[:]42620/i,offline
,http[:]//163[.]142[.]95[.]86[:]60936/i,offline
,http[:]//115[.]52[.]198[.]83[:]49159/bin[.]sh,online
Mozi,http[:]//59[.]96[.]143[.]235[:]54541/i,online
Mozi,http[:]//115[.]55[.]28[.]153[:]35186/i,offline
Mozi,http[:]//59[.]97[.]252[.]247[:]45684/i,offline
,http[:]//113[.]238[.]228[.]9[:]48279/i,online
mirai,http[:]//177[.]36[.]24[.]216[:]52607/i,offline
mirai,http[:]//120[.]28[.]161[.]11[:]38596/i,online
mirai,http[:]//42[.]242[.]128[.]248[:]34765/i,online
Mozi,http[:]//111[.]88[.]7[.]48[:]55884/bin[.]sh,offline
mirai,http[:]//170[.]84[.]133[.]234[:]34650/i,online
mirai,http[:]//42[.]242[.]128[.]248[:]34765/bin[.]sh,online
,http[:]//113[.]238[.]228[.]9[:]48279/bin[.]sh,online
Mozi,http[:]//42[.]235[.]176[.]10[:]44930/i,offline
mirai,http[:]//39[.]84[.]72[.]67[:]39533/i,offline
"13-143-247-180-8080,exe,ua-wget",http[:]//13[.]143[.]247[.]180[:]8080/s[.]exe,offline
"13-143-247-180-8080,ua-wget",http[:]//13[.]143[.]247[.]180[:]8080/s2,offline
"2-58-56-176,exe,SeroRAT,ua-wget",http[:]//2[.]58[.]56[.]176/dl,offline
,http[:]//120[.]84[.]215[.]184[:]46724/bin[.]sh,online
Mozi,http[:]//111[.]88[.]7[.]48[:]55884/i,offline
Mozi,http[:]//61[.]163[.]144[.]208[:]44151/i,offline
Mozi,http[:]//59[.]96[.]136[.]55[:]49623/i,offline
Mozi,http[:]//59[.]96[.]142[.]54[:]58887/i,offline
Mozi,http[:]//61[.]163[.]144[.]208[:]44151/bin[.]sh,offline
,http[:]//42[.]59[.]74[.]226[:]60329/bin[.]sh,online
Mozi,http[:]//59[.]96[.]142[.]54[:]58887/bin[.]sh,offline
"32-bit,elf,mips,Mozi",http[:]//115[.]55[.]44[.]76[:]47944/i,offline
Mozi,http[:]//59[.]180[.]135[.]241[:]49773/i,offline
Mozi,http[:]//42[.]239[.]12[.]45[:]37592/i,offline
Mozi,http[:]//115[.]61[.]113[.]254[:]45518/bin[.]sh,offline
mirai,http[:]//103[.]87[.]194[.]109[:]36309/i,offline
,http[:]//42[.]59[.]74[.]226[:]60329/i,online
Mozi,http[:]//85[.]219[.]201[.]2[:]47305/i,online
Mozi,http[:]//109[.]235[.]7[.]1[:]43002/bin[.]sh,online
Mozi,http[:]//109[.]235[.]7[.]1[:]43002/i,online
Mozi,http[:]//85[.]219[.]201[.]2[:]47305/bin[.]sh,online
,http[:]//115[.]235[.]20[.]5[:]1993/i,online
"32-bit,elf,mips,Mozi",http[:]//115[.]55[.]44[.]76[:]47944/bin[.]sh,offline
"32-bit,elf,mips,Mozi",http[:]//220[.]201[.]155[.]194[:]51800/i,online
Mozi,http[:]//115[.]53[.]220[.]182[:]53727/i,offline
Mozi,http[:]//42[.]230[.]19[.]179[:]51313/bin[.]sh,online
Mozi,http[:]//59[.]96[.]140[.]99[:]51939/i,offline
"32-bit,elf,mips,Mozi",http[:]//220[.]201[.]155[.]194[:]51800/bin[.]sh,online
Mozi,http[:]//222[.]139[.]42[.]85[:]48965/i,online
Mozi,http[:]//115[.]52[.]224[.]78[:]43710/i,offline
mirai,http[:]//182[.]121[.]145[.]184[:]43907/i,online
mirai,http[:]//222[.]142[.]77[.]70[:]43545/i,offline
,http[:]//42[.]86[.]81[.]223[:]41135/i,offline
,http[:]//103[.]152[.]100[.]5[:]41430/bin[.]sh,online
mirai,http[:]//27[.]217[.]201[.]181[:]56503/bin[.]sh,online
"102-220-161-39,bat,ua-wget",http[:]//102[.]220[.]161[.]39/shell[.]bat,online
"32-bit,elf,mips,Mozi",http[:]//221[.]202[.]235[.]78[:]46552/i,online
"32-bit,elf,mips,Mozi",http[:]//115[.]61[.]13[.]152[:]45504/bin[.]sh,online
mirai,http[:]//196[.]191[.]231[.]12[:]58917/i,offline
mirai,http[:]//117[.]63[.]244[.]227[:]59598/bin[.]sh,online
"130-12-181-99,connectwise,exe,ua-wget",https[:]//130[.]12[.]181[.]99/Bin/ScreenConnect[.]ClientSetup[.]exe,online
,http[:]//42[.]86[.]81[.]223[:]41135/bin[.]sh,offline
"130-12-181-99,connectwise,exe,ua-wget",https[:]//130[.]12[.]181[.]99/bin/support[.]client[.]exe,online
Mozi,http[:]//59[.]96[.]140[.]99[:]51939/bin[.]sh,offline
Mozi,http[:]//115[.]55[.]8[.]46[:]50780/i,offline
,http[:]//42[.]239[.]191[.]25[:]54429/i,online
Mozi,http[:]//59[.]96[.]143[.]122[:]52209/i,offline
mirai,http[:]//182[.]240[.]197[.]249[:]56323/bin[.]sh,online
Mozi,http[:]//27[.]215[.]83[.]59[:]58679/bin[.]sh,offline
Mozi,http[:]//59[.]96[.]143[.]122[:]52209/bin[.]sh,offline
Mozi,http[:]//42[.]239[.]178[.]230[:]60131/i,offline
Mozi,http[:]//115[.]57[.]85[.]217[:]50997/i,online
Mozi,http[:]//59[.]96[.]141[.]149[:]35937/bin[.]sh,offline
Mozi,http[:]//27[.]204[.]197[.]121[:]37094/i,offline
,http[:]//41[.]63[.]163[.]119[:]46008/i,offline
"32-bit,arm,elf,mirai,Mozi",http[:]//112[.]198[.]130[.]112[:]50266/bin[.]sh,offline
ua-ps,http[:]//photolivebook[.]pro/,online
,http[:]//119[.]117[.]170[.]146[:]38561/bin[.]sh,online
mirai,http[:]//105[.]224[.]222[.]179[:]60143/i,offline
Mozi,http[:]//27[.]215[.]78[.]164[:]39207/i,offline
"32-bit,elf,mips,Mozi",http[:]//59[.]96[.]141[.]149[:]35937/i,offline
mirai,http[:]//105[.]224[.]222[.]179[:]60143/bin[.]sh,offline
Mozi,http[:]//115[.]57[.]85[.]217[:]50997/bin[.]sh,online
mirai,http[:]//36[.]64[.]184[.]26[:]37265/i,offline
Mozi,http[:]//112[.]248[.]119[.]151[:]56160/i,online
"32-bit,arm,elf,mirai,Mozi",http[:]//200[.]115[.]102[.]16[:]54505/bin[.]sh,offline
"176-65-148-10,elf,mirai,ua-wget",http[:]//176[.]65[.]148[.]10/mirai[.]ppc,online
"176-65-148-10,elf,mirai,ua-wget",http[:]//176[.]65[.]148[.]10/mirai[.]arm,online
"176-65-148-10,elf,mirai,ua-wget",http[:]//176[.]65[.]148[.]10/mirai[.]arm7hf,online
"176-65-148-10,elf,mirai,ua-wget",http[:]//176[.]65[.]148[.]10/mirai[.]mpsl,online
"176-65-148-10,elf,mirai,ua-wget",http[:]//176[.]65[.]148[.]10/mirai[.]x86_64,online
mirai,http[:]//123[.]245[.]96[.]138[:]37617/i,online
mirai,http[:]//123[.]245[.]96[.]138[:]37617/bin[.]sh,online
,http[:]//113[.]236[.]159[.]150[:]57442/i,online
mirai,http[:]//180[.]191[.]42[.]15[:]53121/i,offline
Mozi,http[:]//27[.]215[.]78[.]164[:]39207/bin[.]sh,offline
mirai,http[:]//115[.]59[.]236[.]127[:]39953/i,online
mirai,http[:]//61[.]52[.]42[.]121[:]39395/i,online
,http[:]//175[.]146[.]227[.]204[:]55108/i,online
"32-bit,elf,mips,Mozi",http[:]//42[.]235[.]103[.]228[:]39399/bin[.]sh,offline
"elf,mirai,ua-wget",http[:]//5[.]182[.]210[.]174/0upppc,online
"elf,mirai,ua-wget",http[:]//5[.]182[.]210[.]174/0upx86,online
"elf,ua-wget",http[:]//176[.]65[.]139[.]211[:]3000/watcher-script/aarch64,online
"elf,mirai,ua-wget",http[:]//5[.]182[.]210[.]174/0uparm7,online
"elf,mirai,ua-wget",http[:]//5[.]182[.]210[.]174/0upmips,online
"elf,mirai,ua-wget",http[:]//5[.]182[.]210[.]174/0uparm,online
"elf,mirai,ua-wget",http[:]//5[.]182[.]210[.]174/0upspc,online
"elf,mirai,ua-wget",http[:]//5[.]182[.]210[.]174/0uparm5,online
"elf,mirai,ua-wget",http[:]//5[.]182[.]210[.]174/0upx64,online
"elf,mirai,ua-wget",http[:]//5[.]182[.]210[.]174/0upmpsl,online
"elf,mirai,ua-wget",http[:]//5[.]182[.]210[.]174/0upm68k,online
"elf,mirai,ua-wget",http[:]//5[.]182[.]210[.]174/0upsh4,online
"elf,mirai,ua-wget",http[:]//5[.]182[.]210[.]174/0uparm6,online
"elf,ua-wget",http[:]//130[.]12[.]182[.]77[:]8080/main[.]armv4tl,offline
"elf,ua-wget",http[:]//130[.]12[.]182[.]77/main[.]armv4l,offline
"elf,ua-wget",http[:]//130[.]12[.]182[.]77[:]8080/main[.]armv4eb,offline
"elf,ua-wget",http[:]//130[.]12[.]182[.]77[:]8080/main[.]armv5l,offline
"elf,ua-wget",http[:]//130[.]12[.]182[.]77[:]8080/main[.]armv6l,offline
"elf,ua-wget",http[:]//130[.]12[.]182[.]77[:]8080/main[.]armv4l,offline
"elf,ua-wget",http[:]//130[.]12[.]182[.]77[:]8080/main[.]armv7l,offline
"elf,ua-wget",http[:]//130[.]12[.]182[.]77[:]8080/main[.]armebv7,offline
"elf,ua-wget",http[:]//130[.]12[.]182[.]77[:]8080/main[.]armv5-eabi,offline
"elf,ua-wget",http[:]//130[.]12[.]182[.]77[:]8080/main[.]armv7-eabihf,offline
"elf,ua-wget",http[:]//130[.]12[.]182[.]77[:]8080/main[.]aarch64,offline
"elf,ua-wget",http[:]//130[.]12[.]182[.]77[:]8080/main[.]archs38,offline
"elf,ua-wget",http[:]//130[.]12[.]182[.]77[:]8080/main[.]aarch64be,offline
"elf,ua-wget",http[:]//130[.]12[.]182[.]77[:]8080/main[.]armv6-eabihf,offline
,http[:]//176[.]65[.]134[.]121[:]8080/tpijtvcr[.]arm[.]se,online
,http[:]//176[.]65[.]134[.]121[:]8080/qzxuuppn[.]aarch64_be[.]se,online
mirai,http[:]//176[.]65[.]134[.]121[:]8080/qzxuuppn[.]x64,online
mirai,http[:]//176[.]65[.]134[.]121[:]8080/qzxuuppn[.]armv7l,online
,http[:]//176[.]65[.]134[.]121[:]8080/qzxuuppn[.]armv6l[.]se,online
mirai,http[:]//176[.]65[.]134[.]121[:]8080/bot[.]i586,online
,http[:]//176[.]65[.]134[.]121[:]8080/cwlfkwnt[.]aarch64[.]se,online
,http[:]//176[.]65[.]134[.]121[:]8080/qzxuuppn[.]mips64[.]se,online
,http[:]//176[.]65[.]134[.]121[:]8080/wezpffnw[.]mips[.]se,online
mirai,http[:]//176[.]65[.]134[.]121[:]8080/qzxuuppn[.]armv5tel,online
,http[:]//176[.]65[.]134[.]121[:]8080/cwlfkwnt[.]mips[.]se,offline
,http[:]//176[.]65[.]134[.]121[:]8080/bot[.]armv6[.]se,online
,http[:]//176[.]65[.]134[.]121[:]8080/tpijtvcr[.]x86_64[.]se,online
,http[:]//176[.]65[.]134[.]121[:]8080/bot[.]armv8[.]se,online
mirai,http[:]//176[.]65[.]134[.]121[:]8080/stub[.]armv6,online
,http[:]//176[.]65[.]134[.]121[:]8080/bot[.]i686[.]se,online
,http[:]//176[.]65[.]134[.]121[:]8080/qzxuuppn[.]i486[.]se,online
,http[:]//176[.]65[.]134[.]121[:]8080/qzxuuppn[.]armv6[.]se,online
mirai,http[:]//176[.]65[.]134[.]121[:]8080/bot[.]x64,online
mirai,http[:]//176[.]65[.]134[.]121[:]8080/qzxuuppn[.]i686,online
mirai,http[:]//176[.]65[.]134[.]121[:]8080/qzxuuppn[.]arm,online
,http[:]//176[.]65[.]134[.]121[:]8080/ypezhbfg[.]x86_64[.]se,online
,http[:]//176[.]65[.]134[.]121[:]8080/ypezhbfg[.]mips[.]se,online
,http[:]//176[.]65[.]134[.]121[:]8080/xdzlewkx[.]aarch64[.]se,online
,http[:]//176[.]65[.]134[.]121[:]8080/bot[.]mpsl[.]se,online
,http[:]//176[.]65[.]134[.]121[:]8080/wezpffnw[.]x86_64[.]se,online
mirai,http[:]//176[.]65[.]134[.]121[:]8080/stub[.]mips64,online
,http[:]//176[.]65[.]134[.]121[:]8080/bot[.]mipsel[.]se,online
,http[:]//176[.]65[.]134[.]121[:]8080/ypezhbfg[.]arm[.]se,online
,http[:]//176[.]65[.]134[.]121[:]8080/bot[.]x64[.]sk,offline
,http[:]//176[.]65[.]134[.]121[:]8080/cwlfkwnt[.]mipsel[.]sk,offline
,http[:]//176[.]65[.]134[.]121[:]8080/bot[.]armv7[.]sk,offline
,http[:]//176[.]65[.]134[.]121[:]8080/bot[.]mips64el[.]se,online
mirai,http[:]//176[.]65[.]134[.]121[:]8080/stub[.]i486,online
,http[:]//176[.]65[.]134[.]121[:]8080/qzxuuppn[.]mips64el[.]se,online
,http[:]//176[.]65[.]134[.]121[:]8080/ooikocqj[.]x86_64[.]se,online
,http[:]//176[.]65[.]134[.]121[:]8080/bot[.]mips[.]se,online
mirai,http[:]//176[.]65[.]134[.]121[:]8080/qzxuuppn[.]armv6,online
mirai,http[:]//176[.]65[.]134[.]121[:]8080/stub[.]armv5tel,online
mirai,http[:]//176[.]65[.]134[.]121[:]8080/qzxuuppn[.]armv8,online
,http[:]//176[.]65[.]134[.]121[:]8080/xdzlewkx[.]arm[.]se,online
,http[:]//176[.]65[.]134[.]121[:]8080/bot[.]armv6l[.]se,online
,http[:]//176[.]65[.]134[.]121[:]8080/bot[.]i386[.]se,online
mirai,http[:]//176[.]65[.]134[.]121[:]8080/bot[.]x86-64,online
mirai,http[:]//176[.]65[.]134[.]121[:]8080/stub[.]amd64,online
,http[:]//176[.]65[.]134[.]121[:]8080/tpijtvcr[.]mips[.]se,online
mirai,http[:]//176[.]65[.]134[.]121[:]8080/qzxuuppn[.]i386,online
,http[:]//176[.]65[.]134[.]121[:]8080/ooikocqj[.]mipsel[.]sk,offline
,http[:]//176[.]65[.]134[.]121[:]8080/qzxuuppn[.]armv8[.]se,online
,http[:]//176[.]65[.]134[.]121[:]8080/qzxuuppn[.]armv7l[.]sk,offline
,http[:]//176[.]65[.]134[.]121[:]8080/ooikocqj[.]aarch64[.]se,online
mirai,http[:]//176[.]65[.]134[.]121[:]8080/qzxuuppn[.]mips,online
mirai,http[:]//176[.]65[.]134[.]121[:]8080/stub[.]i386,online
mirai,http[:]//176[.]65[.]134[.]121[:]8080/qzxuuppn[.]x86_64,online
mirai,http[:]//176[.]65[.]134[.]121[:]8080/qzxuuppn[.]i586,online
,http[:]//176[.]65[.]134[.]121[:]8080/bot[.]armv7[.]se,online
,http[:]//176[.]65[.]134[.]121[:]8080/qzxuuppn[.]mipsel[.]sk,offline
,http[:]//176[.]65[.]134[.]121[:]8080/qzxuuppn[.]arm7n[.]sk,offline
,http[:]//176[.]65[.]134[.]121[:]8080/qzxuuppn[.]mipsel[.]se,online
mirai,http[:]//176[.]65[.]134[.]121[:]8080/qzxuuppn[.]mipsel,online
mirai,http[:]//176[.]65[.]134[.]121[:]8080/qzxuuppn[.]x86-64,online
,http[:]//176[.]65[.]134[.]121[:]8080/bot[.]x86-64[.]se,online
,http[:]//176[.]65[.]134[.]121[:]8080/bot[.]i686[.]sk,offline
,http[:]//176[.]65[.]134[.]121[:]8080/qzxuuppn[.]armv5tel[.]se,online
mirai,http[:]//176[.]65[.]134[.]121[:]8080/stub[.]armv6l,online
mirai,http[:]//176[.]65[.]134[.]121[:]8080/stub[.]mpsl,online
,http[:]//176[.]65[.]134[.]121[:]8080/wezpffnw[.]mipsel[.]se,online
,http[:]//176[.]65[.]134[.]121[:]8080/wezpffnw[.]mipsel[.]sk,offline
,http[:]//176[.]65[.]134[.]121[:]8080/ypezhbfg[.]x86_64[.]sk,offline
,http[:]//176[.]65[.]134[.]121[:]8080/ooikocqj[.]x86_64[.]sk,offline
,http[:]//176[.]65[.]134[.]121[:]8080/qzxuuppn[.]i586[.]se,online
,http[:]//176[.]65[.]134[.]121[:]8080/qzxuuppn[.]armv7l[.]se,online
mirai,http[:]//176[.]65[.]134[.]121[:]8080/bot[.]i486,online
,http[:]//176[.]65[.]134[.]121[:]8080/tpijtvcr[.]x86_64[.]sk,offline
,http[:]//176[.]65[.]134[.]121[:]8080/xdzlewkx[.]x86_64[.]sk,offline
,http[:]//176[.]65[.]134[.]121[:]8080/qzxuuppn[.]aarch64_be[.]sk,offline
,http[:]//176[.]65[.]134[.]121[:]8080/qzxuuppn[.]mpsl[.]sk,offline
,http[:]//176[.]65[.]134[.]121[:]8080/cwlfkwnt[.]x86_64[.]sk,offline
,http[:]//176[.]65[.]134[.]121[:]8080/qzxuuppn[.]mpsl[.]se,online
,http[:]//176[.]65[.]134[.]121[:]8080/qzxuuppn[.]armv5tel[.]sk,offline
mirai,http[:]//176[.]65[.]134[.]121[:]8080/stub[.]armv8,online
,http[:]//176[.]65[.]134[.]121[:]8080/qzxuuppn[.]aarch64[.]se,online
mirai,http[:]//176[.]65[.]134[.]121[:]8080/stub[.]x86-64,online
,http[:]//176[.]65[.]134[.]121[:]8080/qzxuuppn[.]x86-64[.]se,online
,http[:]//176[.]65[.]134[.]121[:]8080/qzxuuppn[.]x86-64[.]sk,offline
,http[:]//176[.]65[.]134[.]121[:]8080/bot[.]mips[.]sk,offline
,http[:]//176[.]65[.]134[.]121[:]8080/ypezhbfg[.]mips[.]sk,offline
,http[:]//176[.]65[.]134[.]121[:]8080/wezpffnw[.]aarch64[.]sk,offline
,http[:]//176[.]65[.]134[.]121[:]8080/qzxuuppn[.]arm7n[.]se,online
,http[:]//176[.]65[.]134[.]121[:]8080/bot[.]x64[.]se,online
mirai,http[:]//176[.]65[.]134[.]121[:]8080/qzxuuppn[.]mpsl,online
mirai,http[:]//176[.]65[.]134[.]121[:]8080/qzxuuppn[.]i486,online
,http[:]//176[.]65[.]134[.]121[:]8080/ypezhbfg[.]mipsel[.]se,online
,http[:]//176[.]65[.]134[.]121[:]8080/qzxuuppn[.]i486[.]sk,offline
,http[:]//176[.]65[.]134[.]121[:]8080/bot[.]mips64el[.]sk,offline
mirai,http[:]//176[.]65[.]134[.]121[:]8080/stub[.]i586,online
,http[:]//176[.]65[.]134[.]121[:]8080/qzxuuppn[.]x64[.]se,online
,http[:]//176[.]65[.]134[.]121[:]8080/bot[.]armv5tel[.]se,online
,http[:]//176[.]65[.]134[.]121[:]8080/ooikocqj[.]arm[.]sk,offline
mirai,http[:]//176[.]65[.]134[.]121[:]8080/qzxuuppn[.]amd64,online
,http[:]//176[.]65[.]134[.]121[:]8080/qzxuuppn[.]armv6[.]sk,offline
,http[:]//176[.]65[.]134[.]121[:]8080/tpijtvcr[.]arm[.]sk,offline
,http[:]//176[.]65[.]134[.]121[:]8080/bot[.]i386[.]sk,offline
,http[:]//176[.]65[.]134[.]121[:]8080/qzxuuppn[.]armv6l[.]sk,offline
,http[:]//176[.]65[.]134[.]121[:]8080/xdzlewkx[.]mips[.]sk,offline
Mozi,http[:]//42[.]230[.]19[.]179[:]51313/i,online
,http[:]//176[.]65[.]134[.]121[:]8080/ooikocqj[.]mips[.]sk,offline
,http[:]//176[.]65[.]134[.]121[:]8080/bot[.]armv8[.]sk,offline
,http[:]//176[.]65[.]134[.]121[:]8080/ypezhbfg[.]mipsel[.]sk,offline
,http[:]//176[.]65[.]134[.]121[:]8080/xdzlewkx[.]x86_64[.]se,online
,http[:]//176[.]65[.]134[.]121[:]8080/ooikocqj[.]mips[.]se,online
mirai,http[:]//176[.]65[.]134[.]121[:]8080/qzxuuppn[.]armv6l,online
,http[:]//176[.]65[.]134[.]121[:]8080/cwlfkwnt[.]mipsel[.]se,online
,http[:]//176[.]65[.]134[.]121[:]8080/wezpffnw[.]aarch64[.]se,online
,http[:]//176[.]65[.]134[.]121[:]8080/xdzlewkx[.]arm[.]sk,offline
,http[:]//176[.]65[.]134[.]121[:]8080/bot[.]x86_64[.]se,online
mirai,http[:]//176[.]65[.]134[.]121[:]8080/bot[.]mpsl,online
,http[:]//176[.]65[.]134[.]121[:]8080/qzxuuppn[.]x64[.]sk,offline
,http[:]//176[.]65[.]134[.]121[:]8080/bot[.]i486[.]sk,offline
mirai,http[:]//176[.]65[.]134[.]121[:]8080/qzxuuppn[.]armv5l,online
,http[:]//176[.]65[.]134[.]121[:]8080/qzxuuppn[.]x86_64[.]se,online
mirai,http[:]//176[.]65[.]134[.]121[:]8080/stub[.]arm7n,online
,http[:]//176[.]65[.]134[.]121[:]8080/qzxuuppn[.]arm[.]se,online
,http[:]//176[.]65[.]134[.]121[:]8080/bot[.]i486[.]se,online
,http[:]//176[.]65[.]134[.]121[:]8080/ooikocqj[.]mipsel[.]se,online
,http[:]//176[.]65[.]134[.]121[:]8080/qzxuuppn[.]amd64[.]se,online
mirai,http[:]//176[.]65[.]134[.]121[:]8080/stub[.]armv7,online
,http[:]//176[.]65[.]134[.]121[:]8080/xdzlewkx[.]mips[.]se,online
,http[:]//176[.]65[.]134[.]121[:]8080/wezpffnw[.]arm[.]sk,offline
,http[:]//176[.]65[.]134[.]121[:]8080/tpijtvcr[.]aarch64[.]se,offline
,http[:]//176[.]65[.]134[.]121[:]8080/cwlfkwnt[.]x86_64[.]se,online
,http[:]//176[.]65[.]134[.]121[:]8080/qzxuuppn[.]i386[.]se,online
,http[:]//176[.]65[.]134[.]121[:]8080/bot[.]x86_64[.]sk,offline
mirai,http[:]//176[.]65[.]134[.]121[:]8080/stub[.]aarch64_be,online
mirai,http[:]//176[.]65[.]134[.]121[:]8080/qzxuuppn[.]mips64el,online
,http[:]//176[.]65[.]134[.]121[:]8080/qzxuuppn[.]x86_64[.]sk,offline
mirai,http[:]//176[.]65[.]134[.]121[:]8080/qzxuuppn[.]aarch64,online
,http[:]//176[.]65[.]134[.]121[:]8080/bot[.]mips64[.]se,online
,http[:]//176[.]65[.]134[.]121[:]8080/xdzlewkx[.]aarch64[.]sk,offline
,http[:]//176[.]65[.]134[.]121[:]8080/qzxuuppn[.]mips64el[.]sk,offline
mirai,http[:]//176[.]65[.]134[.]121[:]8080/qzxuuppn[.]aarch64_be,online
,http[:]//1[.]23[.]99[.]116[:]41148/bin[.]sh,offline
,http[:]//176[.]65[.]134[.]121[:]8080/tpijtvcr[.]mipsel[.]sk,offline
,http[:]//176[.]65[.]134[.]121[:]8080/cwlfkwnt[.]arm[.]se,online
,http[:]//176[.]65[.]134[.]121[:]8080/ooikocqj[.]arm[.]se,online
,http[:]//176[.]65[.]134[.]121[:]8080/bot[.]armv5l[.]se,online
mirai,http[:]//176[.]65[.]134[.]121[:]8080/qzxuuppn[.]mips64,online
,http[:]//176[.]65[.]134[.]121[:]8080/bot[.]mpsl[.]sk,offline
,http[:]//176[.]65[.]134[.]121[:]8080/xdzlewkx[.]mipsel[.]se,online
,http[:]//176[.]65[.]134[.]121[:]8080/bot[.]i586[.]se,online
mirai,http[:]//176[.]65[.]134[.]121[:]8080/stub[.]mips64el,online
,http[:]//176[.]65[.]134[.]121[:]8080/bot[.]armv6l[.]sk,offline
mirai,http[:]//176[.]65[.]134[.]121[:]8080/bot[.]i386,online
,http[:]//176[.]65[.]134[.]121[:]8080/bot[.]x86-64[.]sk,offline
,http[:]//176[.]65[.]134[.]121[:]8080/bot[.]mips64[.]sk,offline
,http[:]//176[.]65[.]134[.]121[:]8080/wezpffnw[.]mips[.]sk,offline
,http[:]//176[.]65[.]134[.]121[:]8080/bot[.]mipsel[.]sk,offline
mirai,http[:]//176[.]65[.]134[.]121[:]8080/stub[.]armv5l,online
mirai,http[:]//176[.]65[.]134[.]121[:]8080/stub[.]%24m,offline
mirai,http[:]//176[.]65[.]134[.]121[:]8080/stub[.],online
mirai,http[:]//176[.]65[.]134[.]121[:]8080/qzxuuppn[.]arm7n,online
,http[:]//176[.]65[.]134[.]121[:]8080/wezpffnw[.]arm[.]se,online
,http[:]//176[.]65[.]134[.]121[:]8080/xdzlewkx[.]mipsel[.]sk,offline
mirai,http[:]//176[.]65[.]134[.]121[:]8080/stub[.]x64,online
,http[:]//176[.]65[.]134[.]121[:]8080/ypezhbfg[.]arm[.]sk,offline
,http[:]//176[.]65[.]134[.]121[:]8080/qzxuuppn[.]aarch64[.]sk,offline
,http[:]//176[.]65[.]134[.]121[:]8080/tpijtvcr[.]mipsel[.]se,online
,http[:]//176[.]65[.]134[.]121[:]8080/qzxuuppn[.]armv7[.]se,online
,http[:]//176[.]65[.]134[.]121[:]8080/qzxuuppn[.]armv7[.]sk,offline
Mozi,http[:]//125[.]44[.]37[.]77[:]56551/i,offline
mirai,http[:]//176[.]65[.]134[.]121[:]8080/stub[.]armv7l,online
,http[:]//176[.]65[.]134[.]121[:]8080/bot[.]armv5l[.]sk,offline
,http[:]//176[.]65[.]134[.]121[:]8080/ypezhbfg[.]aarch64[.]se,online
mirai,http[:]//176[.]65[.]134[.]121[:]8080/qzxuuppn[.]armv7,online
,http[:]//1[.]23[.]99[.]116[:]41148/i,offline
,http[:]//176[.]65[.]134[.]121[:]8080/qzxuuppn[.]armv5l[.]sk,offline
,http[:]//176[.]65[.]134[.]121[:]8080/ooikocqj[.]aarch64[.]sk,offline
,http[:]//176[.]65[.]134[.]121[:]8080/qzxuuppn[.]armv5l[.]se,online
,http[:]//176[.]65[.]134[.]121[:]8080/qzxuuppn[.]armv8[.]sk,offline
,http[:]//176[.]65[.]134[.]121[:]8080/bot[.]armv7l[.]se,online
,http[:]//176[.]65[.]134[.]121[:]8080/bot[.]i586[.]sk,offline
,http[:]//176[.]65[.]134[.]121[:]8080/tpijtvcr[.]aarch64[.]sk,offline
,http[:]//176[.]65[.]134[.]121[:]8080/qzxuuppn[.]i586[.]sk,offline
,http[:]//176[.]65[.]134[.]121[:]8080/bot[.]armv6[.]sk,offline
,http[:]//176[.]65[.]134[.]121[:]8080/bot[.]armv5tel[.]sk,offline
,http[:]//176[.]65[.]134[.]121[:]8080/ypezhbfg[.]aarch64[.]sk,offline
,http[:]//176[.]65[.]134[.]121[:]8080/cwlfkwnt[.]aarch64[.]sk,offline
,http[:]//176[.]65[.]134[.]121[:]8080/bot[.]armv7l[.]sk,offline
,http[:]//176[.]65[.]134[.]121[:]8080/cwlfkwnt[.]arm[.]sk,offline
,http[:]//176[.]65[.]134[.]121[:]8080/qzxuuppn[.]mips64[.]sk,offline
,http[:]//176[.]65[.]134[.]121[:]8080/tpijtvcr[.]mips[.]sk,offline
,http[:]//176[.]65[.]134[.]121[:]8080/wezpffnw[.]x86_64[.]sk,offline
,http[:]//176[.]65[.]134[.]121[:]8080/cwlfkwnt[.]mips[.]sk,offline
,http[:]//176[.]65[.]134[.]121[:]8080/qzxuuppn[.]i386[.]sk,offline
,http[:]//176[.]65[.]134[.]121[:]8080/qzxuuppn[.]amd64[.]sk,offline
mirai,http[:]//176[.]65[.]134[.]121[:]8080/bot[.]amd64,online
mirai,http[:]//176[.]65[.]134[.]121[:]8080/bot[.]armv5l,online
,http[:]//176[.]65[.]134[.]121[:]8080/bot[.]aarch64_be[.]se,online
,http[:]//176[.]65[.]134[.]121[:]8080/bot[.]amd64[.]se,online
,http[:]//176[.]65[.]134[.]121[:]8080/bot[.]aarch64[.]se,online
mirai,http[:]//176[.]65[.]134[.]121[:]8080/bot[.]arm7n,online
,http[:]//176[.]65[.]134[.]121[:]8080/bot[.]arm[.]se,online
mirai,http[:]//176[.]65[.]134[.]121[:]8080/bot[.]armv5,online
,http[:]//176[.]65[.]134[.]121[:]8080/bot[.]arm7n[.]se,online
mirai,http[:]//176[.]65[.]134[.]121[:]8080/bot[.]aarch64_be,online
mirai,http[:]//149[.]56[.]206[.]68/dlr[.]spc,offline
mirai,http[:]//143[.]20[.]185[.]213/nshkarm7,online
mirai,http[:]//143[.]20[.]185[.]213/nshppc,online
mirai,http[:]//143[.]20[.]185[.]213/sh4,online
mirai,http[:]//143[.]20[.]185[.]213/nsharm6,online
script,http[:]//143[.]20[.]185[.]213/ily[.]sh,online
mirai,http[:]//143[.]20[.]185[.]213/nshkmips,online
,http[:]//176[.]65[.]134[.]121[:]8080/bot[.]armv5[.]se,online
,http[:]//176[.]65[.]134[.]121[:]8080/bot[.]armv5[.]sk,offline
,http[:]//176[.]65[.]134[.]121[:]8080/bot[.]aarch64_be[.]sk,offline
,http[:]//176[.]65[.]134[.]121[:]8080/bot[.]arm[.]sk,offline
,http[:]//176[.]65[.]134[.]121[:]8080/bot[.]amd64[.]sk,offline
,http[:]//176[.]65[.]134[.]121[:]8080/bot[.]aarch64[.]sk,offline
,http[:]//176[.]65[.]134[.]121[:]8080/bot[.]arm7n[.]sk,offline
,http[:]//176[.]65[.]134[.]121[:]8080/atjozltp[.]mipsel[.]se,online
,http[:]//176[.]65[.]134[.]121[:]8080/acvdfpmy[.]aarch64[.]se,online
,http[:]//176[.]65[.]134[.]121[:]8080/atjozltp[.]mips[.]se,online
,http[:]//176[.]65[.]134[.]121[:]8080/atjozltp[.]arm[.]se,online
,http[:]//176[.]65[.]134[.]121[:]8080/acvdfpmy[.]mipsel[.]se,online
,http[:]//176[.]65[.]134[.]121[:]8080/atjozltp[.]x86_64[.]se,online
,http[:]//176[.]65[.]134[.]121[:]8080/acvdfpmy[.]arm[.]se,online
,http[:]//176[.]65[.]134[.]121[:]8080/acvdfpmy[.]x86_64[.]se,online
mirai,http[:]//143[.]20[.]185[.]213/nshkmpsl,online
mirai,http[:]//143[.]20[.]185[.]213/nshksh4,online
mirai,http[:]//143[.]20[.]185[.]213/nsharm5,online
mirai,http[:]//143[.]20[.]185[.]213/nshx86,online
script,http[:]//143[.]20[.]185[.]213/payload[.]sh,online
mirai,http[:]//143[.]20[.]185[.]213/nshkppc,online
,http[:]//176[.]65[.]134[.]121[:]8080/acvdfpmy[.]mips[.]se,online
mirai,http[:]//143[.]20[.]185[.]213/nsharm,online
mirai,http[:]//143[.]20[.]185[.]213/nsharm7,online
"mirai,script",http[:]//143[.]20[.]185[.]213/lol[.]sh,online
mirai,http[:]//143[.]20[.]185[.]213/nshkarm,online
mirai,http[:]//143[.]20[.]185[.]213/nshkarm6,online
mirai,http[:]//143[.]20[.]185[.]213/nshsh4,online
mirai,http[:]//143[.]20[.]185[.]213/nshkx86,online
mirai,http[:]//143[.]20[.]185[.]213/nshmips,online
mirai,http[:]//143[.]20[.]185[.]213/nshkarm5,online
,http[:]//176[.]65[.]134[.]121[:]8080/atjozltp[.]aarch64[.]se,online
mirai,http[:]//143[.]20[.]185[.]213/nshmpsl,online
,http[:]//176[.]65[.]134[.]121[:]8080/atjozltp[.]aarch64[.]sk,offline
,http[:]//176[.]65[.]134[.]121[:]8080/atjozltp[.]mips[.]sk,offline
,http[:]//176[.]65[.]134[.]121[:]8080/acvdfpmy[.]mips[.]sk,offline
,http[:]//143[.]20[.]185[.]213/m68k,offline
,http[:]//176[.]65[.]134[.]121[:]8080/acvdfpmy[.]aarch64[.]sk,offline
,http[:]//176[.]65[.]134[.]121[:]8080/atjozltp[.]arm[.]sk,offline
,http[:]//176[.]65[.]134[.]121[:]8080/acvdfpmy[.]x86_64[.]sk,offline
,http[:]//176[.]65[.]134[.]121[:]8080/atjozltp[.]mipsel[.]sk,offline
,http[:]//176[.]65[.]134[.]121[:]8080/atjozltp[.]x86_64[.]sk,offline
,http[:]//176[.]65[.]134[.]121[:]8080/acvdfpmy[.]arm[.]sk,offline
,http[:]//176[.]65[.]134[.]121[:]8080/acvdfpmy[.]mipsel[.]sk,offline
mirai,http[:]//149[.]56[.]206[.]68/main_arm6,offline
mirai,http[:]//149[.]56[.]206[.]68/main_sh4,offline
mirai,http[:]//149[.]56[.]206[.]68/main_arm,offline
mirai,http[:]//149[.]56[.]206[.]68/dlr[.]mpsl,offline
mirai,http[:]//149[.]56[.]206[.]68/dlr[.]ppc,offline
mirai,http[:]//149[.]56[.]206[.]68/main_x86,offline
mirai,http[:]//149[.]56[.]206[.]68/main_mips,offline
mirai,http[:]//149[.]56[.]206[.]68/main_mpsl,offline
mirai,http[:]//149[.]56[.]206[.]68/main_arm7,offline
mirai,http[:]//149[.]56[.]206[.]68/dlr[.]arm,offline
mirai,http[:]//149[.]56[.]206[.]68/dlr[.]arm6,offline
mirai,http[:]//149[.]56[.]206[.]68/dlr[.]mips,offline
mirai,http[:]//149[.]56[.]206[.]68/dlr[.]x86,offline
mirai,http[:]//149[.]56[.]206[.]68/dlr[.]m68k,offline
mirai,http[:]//149[.]56[.]206[.]68/main_ppc,offline
mirai,http[:]//149[.]56[.]206[.]68/main_arm5,offline
mirai,http[:]//149[.]56[.]206[.]68/main_spc,offline
mirai,http[:]//149[.]56[.]206[.]68/main_m68k,offline
mirai,http[:]//149[.]56[.]206[.]68/dlr[.]arm5,offline
mirai,http[:]//149[.]56[.]206[.]68/dlr[.]sh4,offline
mirai,http[:]//149[.]56[.]206[.]68/dlr[.]arm7,offline
mirai,http[:]//143[.]20[.]185[.]213/mpsl,online
mirai,http[:]//143[.]20[.]185[.]213/arm6,online
mirai,http[:]//143[.]20[.]185[.]213/ppc,online
mirai,http[:]//143[.]20[.]185[.]213/arm5,online
mirai,http[:]//143[.]20[.]185[.]213/arm,online
mirai,http[:]//143[.]20[.]185[.]213/mips,online
mirai,http[:]//143[.]20[.]185[.]213/arm7,online
mirai,http[:]//143[.]20[.]185[.]213/x86,online
"ClickFix,Foxveil,macOS,zsh",https[:]//basequill9[.]com/curl/av6t87xg9gon/ahlg4goj9kfsh1itrutp47[.]dat,offline
,http[:]//143[.]20[.]185[.]213/arm64,offline
,http[:]//143[.]20[.]185[.]213/i686,offline
" croco, php, RCE, wordpress,webshell",http[:]//croco[.]cx/readme,offline
"Amos,ClickFix,Foxveil,Mach-O,macOS",https[:]//basequill9[.]com/zyeMb6slon_3VWVlkSkdiJurcyhY5cFNtchnavRnMgU/hiddenfix/update,offline
telnet,http[:]//158[.]94[.]211[.]199[:]9999/ba57ef15133d,offline
"c2-monitor-auto,dropped-by-amadey",http[:]//91[.]92[.]242[.]236/files-129312398/files/file_c82c6810cbdf3c97[.]exe,offline
"IRAHook,java,rat,stealer",https[:]//www[.]dropbox[.]com/scl/fi/fbi43rosc41kud0idboiv/bundle[.]zip?rlkey=b65ql4y41e1z8q64txszmm4ph&st=3gc7u1hz&dl=1,offline
"IRAHook,java,rat,stealer",https[:]//www[.]dropbox[.]com/scl/fi/ibyhjkk1hhgurf17q4umg/bundle[.]zip?rlkey=zko21gqti47k5iwqnka72n0z5&st=00yzapdj&dl=1,offline
"IRAHook,java,rat,stealer",https[:]//www[.]dropbox[.]com/scl/fi/9jjaplempwz09ggygpk1g/bundle-1[.]zip?rlkey=jhf9gunrgqq0oad06yd17nh3l&st=yvrze9am&dl=1,offline
"IRAHook,java,rat,stealer",https[:]//www[.]dropbox[.]com/scl/fi/vi1xpef2dk0wdjkte6yxr/bundle[.]zip?rlkey=fnjudrjidldot3gqohqq8k7o9&st=56hf1tns&dl=1,offline
"IRAHook,java,rat,stealer",https[:]//www[.]dropbox[.]com/scl/fi/d1trnpddfj8yljfpmtt6v/bundle[.]zip?rlkey=y6ofl9zeert0wq0q2yzq8qvvo&st=dubwucu6&dl=1,offline
,http[:]//176[.]65[.]134[.]121[:]8080/qzxuuppn[.]mips[.]se,online
"elf,iot,mirai",http[:]//45[.]198[.]224[.]188/arm7,online
"IRAHook,java,rat,stealer",https[:]//www[.]dropbox[.]com/scl/fi/fpmsm05z3af92w2lqw91x/j1TS1Kdi[.]zip?rlkey=tyylb11h3stwsilnkc4g8qjdp&st=z13lw41o&dl=1,offline
"IRAHook,java,rat,stealer",https[:]//www[.]dropbox[.]com/scl/fi/t4cp5yafh1760fx1gggzh/WizzApp[.]exe?rlkey=r247a2tmtwf0v2ghwtrbt9bes&st=iz60h0kp&dl=1,offline
ascii,http[:]//176[.]65[.]134[.]121[:]8080/qzxuuppn[.]arm[.]sk,offline
,http[:]//176[.]65[.]134[.]121[:]8080/qzxuuppn[.]mips[.]sk,offline
"c2-monitor-auto,dropped-by-amadey",http[:]//91[.]92[.]242[.]236/files-129312398/files/file_2982ad6bdf52e489[.]exe,offline
"c2-monitor-auto,dropped-by-amadey",http[:]//91[.]92[.]242[.]236/files-129312398/files/file_3fc9ba533a47cf75[.]exe,offline
"IRAHook,java,rat,stealer",https[:]//www[.]dropbox[.]com/scl/fi/ocuoia4etu31rt08t5r46/bundle[.]zip?rlkey=iae4qsaqjknl269utdud8ohk0&st=cehh7i4n&dl=1,offline
"IRAHook,java,rat,stealer",https[:]//www[.]dropbox[.]com/scl/fi/pdlfdxkug1qfe9p8mn1sk/bundle[.]zip?rlkey=ef54z0zururyvirm5pzvmtxlo&st=uc78pme0&dl=1,offline
"IRAHook,java,rat,stealer",https[:]//www[.]dropbox[.]com/scl/fi/exs847j0rju1axtq3rnwm/bundle[.]zip?rlkey=ug5mzb4pnq3wj8rkhc3ytczuu&st=qlzrdyds&dl=1,offline
"IRAHook,java,rat,stealer",https[:]//www[.]dropbox[.]com/scl/fi/8mudzqz7bopzoicl5ixyf/SurvivalBetterCute-forge[.]jar?rlkey=5ahs5uo49jp9v2xkc516mk1i1&st=1tpht5ae&dl=1,offline
"IRAHook,java,rat,stealer",https[:]//www[.]dropbox[.]com/scl/fi/8rpxv4vylbkssh4q5fbu3/bundle[.]zip?rlkey=hknlezm0ht8vw6oifws7ta3l0&st=s1fcxqpg&dl=1,offline
"ClickFix,macOS,MacSync,stealer,token-b42a0ed9,UnstoppableDomains,zsh,zsh-stage1",https[:]//yoauction[.]com/curl/b42a0ed9d1ecb72e42d6034502c304845d98805481d99cea4e259359f9ab206e,offline
telnet,http[:]//158[.]94[.]211[.]199[:]9999/41724e2be591,offline
"ClickFix,macOS,MacSync,stealer,token-85cb2620,UnstoppableDomains,zsh,zsh-stage1",https[:]//zanderrealestate[.]com/curl/85cb26206d920216eee0c5f67e8de516b4d55bd1752025bb3c08a069a44fdbdf,offline
mirai,http[:]//113[.]221[.]25[.]146[:]39578/i,offline
Mozi,http[:]//123[.]4[.]198[.]76[:]33026/i,offline
mirai,http[:]//61[.]52[.]42[.]121[:]39395/bin[.]sh,online
Mozi,http[:]//123[.]5[.]203[.]246[:]38472/i,offline
,http[:]//42[.]239[.]191[.]25[:]54429/bin[.]sh,online
Mozi,http[:]//222[.]136[.]141[.]183[:]43857/i,online
Mozi,http[:]//123[.]5[.]203[.]246[:]38472/bin[.]sh,offline
Mozi,http[:]//27[.]215[.]83[.]59[:]58679/i,offline
"579cd0,dropped-by-amadey",http[:]//193[.]178[.]158[.]107/bin/a595f30d6d74713f_0[.]exe,online
Mozi,http[:]//59[.]96[.]143[.]117[:]50260/bin[.]sh,offline
Mozi,http[:]//59[.]96[.]143[.]117[:]50260/i,offline
,http[:]//175[.]148[.]156[.]25[:]36953/i,offline
mirai,http[:]//185[.]50[.]148[.]169[:]46305/i,online
"elf,mirai,ua-wget",http[:]//176[.]65[.]132[.]182/bins/parm,offline
"elf,mirai,ua-wget",http[:]//176[.]65[.]132[.]182/bins/pmpsl,offline
"elf,mirai,ua-wget",http[:]//176[.]65[.]132[.]182/bins/px86,offline
"elf,mirai,ua-wget",http[:]//176[.]65[.]132[.]182/bins/parm7,offline
"elf,mirai,ua-wget",http[:]//176[.]65[.]132[.]182/bins/x86_64,offline
"elf,mirai,ua-wget",http[:]//176[.]65[.]132[.]182/bins/parm5,offline
"elf,mirai,ua-wget",http[:]//176[.]65[.]132[.]182/bins/pspc,offline
"elf,mirai,ua-wget",http[:]//176[.]65[.]132[.]182/bins/pmips,offline
"elf,mirai,ua-wget",http[:]//176[.]65[.]132[.]182/bins/pm68k,offline
"elf,mirai,ua-wget",http[:]//176[.]65[.]132[.]182/bins/psh4,offline
"elf,mirai,ua-wget",http[:]//176[.]65[.]139[.]208/bins/ppc,online
"32-bit,arm,elf,mirai,Mozi",http[:]//216[.]28[.]193[.]204[:]55885/i,offline
mirai,http[:]//105[.]184[.]83[.]103[:]45157/i,offline
mirai,http[:]//105[.]184[.]100[.]224[:]34393/i,offline
"32-bit,elf,mips,Mozi",http[:]//115[.]55[.]249[.]142[:]40002/i,offline
"32-bit,elf,mips,Mozi",http[:]//175[.]148[.]157[.]183[:]42188/i,offline
,http[:]//27[.]37[.]226[.]177[:]38478/i,online
Mozi,http[:]//125[.]41[.]169[.]115[:]52942/bin[.]sh,offline
Mozi,http[:]//59[.]96[.]142[.]92[:]37675/i,offline
"32-bit,arm,elf,mirai",http[:]//40[.]90[.]202[.]134/m[.]armv5l,online
Mozi,http[:]//59[.]96[.]142[.]92[:]37675/bin[.]sh,offline
mirai,http[:]//209[.]14[.]28[.]6[:]58471/i,online
"32-bit,arm,elf,mirai,Mozi",http[:]//39[.]76[.]18[.]12[:]54733/bin[.]sh,online
mirai,http[:]//115[.]203[.]155[.]124[:]49349/i,offline
,http[:]//27[.]37[.]226[.]177[:]38478/bin[.]sh,online
"32-bit,elf,mips,Mozi",http[:]//182[.]119[.]230[.]39[:]50000/bin[.]sh,online
Mozi,http[:]//42[.]228[.]32[.]191[:]46462/i,online
mirai,http[:]//209[.]14[.]28[.]6[:]58471/bin[.]sh,online
Mozi,http[:]//59[.]96[.]143[.]168[:]53299/i,offline
,http[:]//119[.]116[.]156[.]92[:]38924/bin[.]sh,online
Mozi,http[:]//42[.]235[.]103[.]228[:]39399/i,offline
"32-bit,arm,elf,mirai,Mozi",http[:]//144[.]48[.]121[.]51[:]49448/bin[.]sh,offline
"32-bit,elf,mips,Mozi",http[:]//115[.]63[.]149[.]175[:]48396/bin[.]sh,offline
mirai,http[:]//58[.]47[.]122[.]142[:]56151/bin[.]sh,offline
Mozi,http[:]//59[.]96[.]143[.]168[:]53299/bin[.]sh,offline
Mozi,http[:]//59[.]96[.]143[.]48[:]46122/i,offline
Mozi,http[:]//112[.]248[.]72[.]159[:]57611/i,offline
Mozi,http[:]//59[.]96[.]143[.]48[:]46122/bin[.]sh,offline
Mozi,http[:]//115[.]49[.]248[.]23[:]46832/i,offline
mirai,http[:]//130[.]12[.]209[.]147[:]50729/i,online
,http[:]//42[.]54[.]145[.]202[:]56600/bin[.]sh,offline
Mozi,http[:]//112[.]248[.]72[.]159[:]57611/bin[.]sh,offline
mirai,http[:]//196[.]190[.]10[.]252[:]34059/bin[.]sh,offline
mirai,http[:]//36[.]88[.]164[.]90[:]43403/i,offline
mirai,http[:]//112[.]198[.]130[.]112[:]50266/i,offline
Mozi,http[:]//115[.]58[.]84[.]100[:]52092/i,offline
Mozi,http[:]//125[.]40[.]10[.]220[:]57357/bin[.]sh,online
Mozi,http[:]//112[.]239[.]102[.]87[:]59890/bin[.]sh,offline
mirai,http[:]//223[.]167[.]51[.]195[:]49179/i,online
mirai,http[:]//222[.]127[.]227[.]201[:]60106/i,online
,http[:]//222[.]138[.]205[.]194[:]35146/bin[.]sh,offline
Mozi,http[:]//61[.]52[.]6[.]186[:]54956/i,offline
Mozi,http[:]//182[.]127[.]166[.]132[:]36189/i,online
"32-bit,arm,elf,mirai,Mozi",http[:]//112[.]226[.]190[.]89[:]54305/bin[.]sh,offline
"32-bit,arm,elf,mirai,Mozi",http[:]//123[.]185[.]64[.]34[:]54014/bin[.]sh,online
"32-bit,arm,elf,mirai,Mozi",http[:]//36[.]88[.]136[.]194[:]58699/bin[.]sh,offline
Mozi,http[:]//61[.]52[.]6[.]186[:]54956/bin[.]sh,offline
,http[:]//221[.]15[.]189[.]129[:]41297/i,online
mirai,http[:]//113[.]221[.]46[.]92[:]58353/i,offline
hajime,http[:]//154[.]126[.]186[.]59[:]8618/[.]i,online
mirai,http[:]//223[.]167[.]51[.]195[:]49179/bin[.]sh,online
Mozi,http[:]//175[.]107[.]16[.]92[:]39444/i,offline
mirai,http[:]//222[.]127[.]227[.]201[:]60106/bin[.]sh,online
Mozi,http[:]//175[.]107[.]16[.]92[:]39444/bin[.]sh,offline
mirai,http[:]//27[.]217[.]201[.]181[:]56503/i,online
"32-bit,arm,elf,mirai,Mozi",http[:]//182[.]240[.]197[.]249[:]56323/i,online
,http[:]//221[.]15[.]189[.]129[:]41297/bin[.]sh,online
Mozi,http[:]//125[.]42[.]8[.]66[:]45720/bin[.]sh,offline
Mozi,http[:]//194[.]54[.]161[.]214[:]52244/i,offline
,http[:]//115[.]235[.]20[.]5[:]1993/bin[.]sh,online
mirai,http[:]//42[.]242[.]82[.]154[:]46226/i,offline
mirai,http[:]//60[.]219[.]148[.]208[:]36759/bin[.]sh,offline
mirai,http[:]//210[.]208[.]110[.]130[:]51661/bin[.]sh,online
mirai,http[:]//120[.]28[.]81[.]136[:]50549/bin[.]sh,online
mirai,http[:]//115[.]61[.]189[.]53[:]34621/i,online
Mozi,http[:]//221[.]15[.]12[.]9[:]51992/bin[.]sh,offline
mirai,http[:]//110[.]138[.]7[.]18[:]40891/i,offline
Mozi,http[:]//27[.]202[.]215[.]124[:]39840/i,offline
,http[:]//113[.]168[.]88[.]3[:]33032/bin[.]sh,offline
,http[:]//42[.]5[.]8[.]41[:]57818/i,online
"32-bit,arm,elf,mirai,Mozi",http[:]//168[.]195[.]81[.]51[:]36673/i,online
"32-bit,arm,elf,mirai,Mozi",http[:]//168[.]195[.]81[.]51[:]36673/bin[.]sh,online
mirai,http[:]//45[.]231[.]145[.]15[:]54661/i,online
mirai,http[:]//182[.]115[.]103[.]121[:]46399/i,offline
Mozi,http[:]//27[.]202[.]215[.]124[:]39840/bin[.]sh,offline
Mozi,http[:]//46[.]236[.]65[.]106[:]49187/i,online
,http[:]//113[.]224[.]184[.]155[:]24267/i,online
"32-bit,elf,mips,Mozi",http[:]//59[.]180[.]151[.]135[:]55956/i,offline
mirai,http[:]//42[.]242[.]82[.]154[:]46226/bin[.]sh,offline
"32-bit,arm,elf,mirai,Mozi",http[:]//187[.]62[.]243[.]142[:]60228/i,offline
,http[:]//42[.]56[.]113[.]183[:]36282/bin[.]sh,online
Mozi,http[:]//182[.]126[.]107[.]103[:]37256/bin[.]sh,online
,http[:]//188[.]234[.]94[.]61[:]2025/i,online
"32-bit,arm,elf,mirai,Mozi",http[:]//37[.]34[.]209[.]216[:]60644/i,online
mirai,http[:]//119[.]179[.]30[.]73[:]56779/bin[.]sh,online
mirai,http[:]//42[.]232[.]87[.]19[:]43859/bin[.]sh,offline
mirai,http[:]//42[.]232[.]87[.]19[:]43859/i,offline
mirai,http[:]//45[.]171[.]124[.]23[:]38174/i,online
"32-bit,arm,elf,mirai,Mozi",http[:]//37[.]34[.]209[.]216[:]60644/bin[.]sh,offline
"d52f85,dropped-by-amadey",http[:]//62[.]60[.]226[.]140/files/logn/rop[.]exe,online
Mozi,http[:]//222[.]141[.]75[.]218[:]42500/i,offline
,http[:]//222[.]138[.]151[.]117[:]36235/i,offline
"d52f85,dropped-by-amadey",http[:]//62[.]60[.]226[.]140/files/7571535561/vCe1C4Z[.]exe,offline
"32-bit,elf,mips,Mozi",http[:]//123[.]5[.]154[.]29[:]41277/i,online
mirai,http[:]//60[.]161[.]2[.]64[:]44145/i,online
"32-bit,elf,mips,Mozi",http[:]//175[.]175[.]206[.]63[:]34621/bin[.]sh,online
Mozi,http[:]//123[.]8[.]63[.]177[:]44082/bin[.]sh,offline
mirai,http[:]//68[.]195[.]40[.]192[:]54672/i,online
Mozi,http[:]//115[.]63[.]149[.]175[:]48396/i,offline
,http[:]//42[.]229[.]168[.]229[:]53805/i,online
,http[:]//119[.]115[.]189[.]201[:]34835/bin[.]sh,offline
,http[:]//42[.]227[.]200[.]245[:]37860/bin[.]sh,offline
,http[:]//175[.]165[.]80[.]174[:]39631/i,offline
mirai,http[:]//124[.]6[.]167[.]121[:]39544/i,online
,http[:]//123[.]188[.]104[.]11[:]33110/i,online
,http[:]//42[.]229[.]168[.]229[:]53805/bin[.]sh,online
Mozi,http[:]//115[.]51[.]121[.]117[:]33014/i,offline
"d52f85,dropped-by-amadey",http[:]//62[.]60[.]226[.]140/files/7154003499/JkQfdFN[.]exe,offline
"54e64e,CoinMiner,dropped-by-amadey",http[:]//91[.]92[.]242[.]236/files-129312398/files/file_4c013f24a00486f7[.]exe,offline
mirai,http[:]//103[.]172[.]186[.]194[:]52263/i,online
Mozi,http[:]//123[.]12[.]86[.]205[:]38218/i,offline
Mozi,http[:]//59[.]180[.]150[.]177[:]38357/bin[.]sh,offline
mirai,http[:]//124[.]6[.]167[.]121[:]39544/bin[.]sh,online
mirai,http[:]//144[.]48[.]121[.]51[:]49448/i,offline
"32-bit,arm,elf,mirai,Mozi",http[:]//60[.]162[.]46[.]87[:]44499/bin[.]sh,offline
"54e64e,dropped-by-amadey",http[:]//91[.]92[.]242[.]236/files-129312398/files/file_ec3236abd433dbdc[.]exe,offline
"elf,mirai,ua-wget",http[:]//176[.]65[.]139[.]208/bins/x86_64,online
"elf,mirai,ua-wget",http[:]//176[.]65[.]139[.]208/bins/x86,online
Mozi,http[:]//59[.]180[.]141[.]192[:]49773/i,offline
,http[:]//77[.]225[.]115[.]53[:]59763/i,offline
Mozi,http[:]//119[.]178[.]251[.]26[:]60563/i,online
Mozi,http[:]//123[.]12[.]160[.]14[:]42722/i,online
mirai,http[:]//87[.]15[.]13[.]184[:]33213/i,online
Mozi,http[:]//115[.]61[.]113[.]254[:]45518/i,offline
mirai,http[:]//120[.]28[.]194[.]92[:]59012/i,offline
Mozi,http[:]//123[.]12[.]86[.]205[:]38218/bin[.]sh,offline
Mozi,http[:]//115[.]56[.]96[.]49[:]56798/i,offline
Mozi,http[:]//125[.]41[.]8[.]190[:]45393/i,offline
,http[:]//123[.]188[.]73[.]67[:]51921/i,online
,http[:]//175[.]148[.]157[.]43[:]58216/i,offline
,http[:]//123[.]188[.]73[.]67[:]51921/bin[.]sh,online
,http[:]//175[.]148[.]133[.]3[:]42219/i,offline
mirai,http[:]//125[.]27[.]11[.]148[:]48795/i,offline
,http[:]//175[.]148[.]159[.]63[:]45780/i,offline
Mozi,http[:]//125[.]42[.]8[.]66[:]45720/i,offline
"32-bit,arm,elf,mirai,Mozi",http[:]//90[.]225[.]220[.]172[:]39815/i,offline
,http[:]//175[.]148[.]157[.]43[:]58216/bin[.]sh,offline
Mozi,http[:]//125[.]41[.]8[.]190[:]45393/bin[.]sh,offline
Mozi,http[:]//182[.]126[.]249[.]231[:]50800/bin[.]sh,offline
,http[:]//113[.]231[.]205[.]57[:]43235/bin[.]sh,online
mirai,http[:]//125[.]40[.]86[.]231[:]41619/bin[.]sh,offline
,http[:]//113[.]231[.]39[.]147[:]53245/i,offline
"32-bit,elf,mips,Mozi",http[:]//115[.]57[.]252[.]111[:]51257/i,offline
Mozi,http[:]//61[.]52[.]42[.]131[:]50755/i,offline
"d52f85,dropped-by-amadey",http[:]//62[.]60[.]226[.]140/files/7154003499/IwNDZPg[.]exe,offline
"32-bit,elf,mips,Mozi",http[:]//182[.]119[.]230[.]39[:]50000/i,online
"d52f85,dropped-by-amadey",http[:]//62[.]60[.]226[.]140/files/7782139129/7akfgjw[.]exe,offline
mirai,http[:]//87[.]15[.]13[.]184[:]33213/bin[.]sh,online
,http[:]//175[.]165[.]242[.]85[:]33109/i,online
,http[:]//42[.]234[.]234[.]38[:]37809/bin[.]sh,online
mirai,http[:]//210[.]208[.]111[.]74[:]54306/bin[.]sh,offline
Mozi,http[:]//61[.]52[.]42[.]131[:]50755/bin[.]sh,offline
mirai,http[:]//125[.]118[.]23[.]70[:]55415/i,offline
Mozi,http[:]//59[.]96[.]140[.]242[:]56865/bin[.]sh,offline
Mozi,http[:]//59[.]96[.]140[.]242[:]56865/i,offline
mirai,http[:]//85[.]12[.]237[.]201[:]51522/i,offline
,http[:]//27[.]37[.]227[.]211[:]43711/i,online
,http[:]//175[.]165[.]242[.]85[:]33109/bin[.]sh,online
,http[:]//5[.]59[.]107[.]34[:]56712/bin[.]sh,online
"32-bit,elf,mips,Mozi",http[:]//112[.]246[.]93[.]6[:]52379/i,offline
"32-bit,elf,mips,Mozi",http[:]//120[.]84[.]213[.]149[:]52695/bin[.]sh,online
mirai,http[:]//114[.]226[.]171[.]203[:]38256/i,online
mirai,http[:]//36[.]88[.]136[.]194[:]58699/i,offline
Mozi,http[:]//182[.]126[.]126[.]236[:]40817/i,offline
Mozi,http[:]//115[.]55[.]225[.]187[:]35091/i,offline
"32-bit,arm,elf,mirai,Mozi",http[:]//125[.]40[.]35[.]137[:]44251/i,offline
Mozi,http[:]//219[.]156[.]114[.]110[:]51923/i,offline
mirai,http[:]//114[.]226[.]171[.]203[:]38256/bin[.]sh,online
mirai,http[:]//110[.]139[.]17[.]234[:]53059/i,offline
,http[:]//108[.]168[.]0[.]60[:]40402/i,offline
Mozi,http[:]//182[.]126[.]126[.]236[:]40817/bin[.]sh,offline
Mozi,http[:]//219[.]155[.]209[.]247[:]42165/i,online
"32-bit,arm,elf,mirai,Mozi",http[:]//210[.]208[.]110[.]42[:]36502/bin[.]sh,online
mirai,http[:]//112[.]198[.]239[.]194[:]60510/i,online
,http[:]//182[.]127[.]64[.]233[:]53676/bin[.]sh,offline
,http[:]//182[.]127[.]64[.]233[:]53676/i,offline
mirai,http[:]//125[.]25[.]100[.]137[:]48439/i,offline
"32-bit,elf,mips,Mozi",http[:]//42[.]237[.]50[.]135[:]50003/i,offline
"32-bit,arm,elf,mirai,Mozi",http[:]//170[.]238[.]123[.]134[:]54929/bin[.]sh,offline
,http[:]//175[.]165[.]196[.]48[:]33819/i,offline
mirai,http[:]//122[.]117[.]242[.]175[:]49929/i,offline
Mozi,http[:]//115[.]55[.]249[.]142[:]40002/bin[.]sh,offline
mirai,http[:]//190[.]109[.]227[.]158[:]36528/i,online
"32-bit,elf,mips,Mozi",http[:]//222[.]142[.]204[.]52[:]37092/i,offline
"176-65-134-121-8080,elf,mirai,ua-wget",http[:]//176[.]65[.]134[.]121[:]8080/stub[.]mipsel,online
"176-65-134-121-8080,elf,mirai,ua-wget",http[:]//176[.]65[.]134[.]121[:]8080/tpijtvcr[.]x86_64,online
"176-65-134-121-8080,elf,mirai,ua-wget",http[:]//176[.]65[.]134[.]121[:]8080/atjozltp[.]x86_64,online
"176-65-134-121-8080,elf,mirai,ua-wget",http[:]//176[.]65[.]134[.]121[:]8080/acvdfpmy[.]mips,online
"176-65-134-121-8080,elf,mirai,ua-wget",http[:]//176[.]65[.]134[.]121[:]8080/xdzlewkx[.]x86_64,online
"176-65-134-121-8080,elf,mirai,ua-wget",http[:]//176[.]65[.]134[.]121[:]8080/wezpffnw[.]x86_64,online
"176-65-134-121-8080,elf,mirai,ua-wget",http[:]//176[.]65[.]134[.]121[:]8080/acvdfpmy[.]x86_64,online
"176-65-134-121-8080,elf,mirai,ua-wget",http[:]//176[.]65[.]134[.]121[:]8080/ypezhbfg[.]x86_64,online
"176-65-134-121-8080,elf,mirai,ua-wget",http[:]//176[.]65[.]134[.]121[:]8080/ypezhbfg[.]mips,online
"176-65-134-121-8080,elf,mirai,ua-wget",http[:]//176[.]65[.]134[.]121[:]8080/tpijtvcr[.]mips,online
"176-65-134-121-8080,elf,mirai,ua-wget",http[:]//176[.]65[.]134[.]121[:]8080/acvdfpmy[.]i686,online
"176-65-134-121-8080,elf,mirai,ua-wget",http[:]//176[.]65[.]134[.]121[:]8080/tpijtvcr[.]i686,online
"176-65-134-121-8080,elf,mirai,ua-wget",http[:]//176[.]65[.]134[.]121[:]8080/ooikocqj[.]i686,online
"176-65-134-121-8080,elf,mirai,ua-wget",http[:]//176[.]65[.]134[.]121[:]8080/xdzlewkx[.]i686,online
"176-65-134-121-8080,elf,mirai,ua-wget",http[:]//176[.]65[.]134[.]121[:]8080/ooikocqj[.]x86_64,online
"176-65-134-121-8080,elf,mirai,ua-wget",http[:]//176[.]65[.]134[.]121[:]8080/cwlfkwnt[.]x86_64,online
"176-65-134-121-8080,elf,mirai,ua-wget",http[:]//176[.]65[.]134[.]121[:]8080/atjozltp[.]mips,online
"176-65-134-121-8080,elf,mirai,ua-wget",http[:]//176[.]65[.]134[.]121[:]8080/atjozltp[.]i686,online
"176-65-134-121-8080,elf,mirai,ua-wget",http[:]//176[.]65[.]134[.]121[:]8080/cwlfkwnt[.]i686,online
"176-65-134-121-8080,elf,mirai,ua-wget",http[:]//176[.]65[.]134[.]121[:]8080/bot[.]i686,online
"176-65-134-121-8080,elf,mirai,ua-wget",http[:]//176[.]65[.]134[.]121[:]8080/ypezhbfg[.]i686,online
"176-65-134-121-8080,elf,mirai,ua-wget",http[:]//176[.]65[.]134[.]121[:]8080/wezpffnw[.]i686,online
"176-65-134-121-8080,elf,mirai,ua-wget",http[:]//176[.]65[.]134[.]121[:]8080/bot[.]mips64,online
"176-65-134-121-8080,elf,mirai,ua-wget",http[:]//176[.]65[.]134[.]121[:]8080/xdzlewkx[.]mips,online
"176-65-134-121-8080,elf,mirai,ua-wget",http[:]//176[.]65[.]134[.]121[:]8080/wezpffnw[.]mips,online
"176-65-134-121-8080,elf,mirai,ua-wget",http[:]//176[.]65[.]134[.]121[:]8080/ooikocqj[.]mips,online
"176-65-134-121-8080,elf,mirai,ua-wget",http[:]//176[.]65[.]134[.]121[:]8080/cwlfkwnt[.]mips,online
"176-65-134-121-8080,elf,mirai,ua-wget",http[:]//176[.]65[.]134[.]121[:]8080/wezpffnw[.]armv5tel,online
"176-65-134-121-8080,elf,mirai,ua-wget",http[:]//176[.]65[.]134[.]121[:]8080/ypezhbfg[.]armv7,online
"176-65-134-121-8080,elf,mirai,ua-wget",http[:]//176[.]65[.]134[.]121[:]8080/ypezhbfg[.]armv7l,online
"176-65-134-121-8080,elf,mirai,ua-wget",http[:]//176[.]65[.]134[.]121[:]8080/xdzlewkx[.]armv7,online
"176-65-134-121-8080,elf,mirai,ua-wget",http[:]//176[.]65[.]134[.]121[:]8080/ooikocqj[.]armv7l,online
"176-65-134-121-8080,elf,mirai,ua-wget",http[:]//176[.]65[.]134[.]121[:]8080/ypezhbfg[.]armv6,online
"176-65-134-121-8080,elf,mirai,ua-wget",http[:]//176[.]65[.]134[.]121[:]8080/cwlfkwnt[.]armv5tel,online
"176-65-134-121-8080,elf,mirai,ua-wget",http[:]//176[.]65[.]134[.]121[:]8080/ooikocqj[.]armv6l,online
"176-65-134-121-8080,elf,mirai,ua-wget",http[:]//176[.]65[.]134[.]121[:]8080/ypezhbfg[.]armv5tel,online
"176-65-134-121-8080,elf,mirai,ua-wget",http[:]//176[.]65[.]134[.]121[:]8080/wezpffnw[.]armv6l,online
"176-65-134-121-8080,elf,mirai,ua-wget",http[:]//176[.]65[.]134[.]121[:]8080/xdzlewkx[.]armv5tel,online
"176-65-134-121-8080,elf,mirai,ua-wget",http[:]//176[.]65[.]134[.]121[:]8080/wezpffnw[.]armv7l,online
"176-65-134-121-8080,elf,mirai,ua-wget",http[:]//176[.]65[.]134[.]121[:]8080/cwlfkwnt[.]armv7,online
"176-65-134-121-8080,elf,mirai,ua-wget",http[:]//176[.]65[.]134[.]121[:]8080/xdzlewkx[.]arm,online
"176-65-134-121-8080,elf,mirai,ua-wget",http[:]//176[.]65[.]134[.]121[:]8080/tpijtvcr[.]arm,online
"176-65-134-121-8080,elf,mirai,ua-wget",http[:]//176[.]65[.]134[.]121[:]8080/tpijtvcr[.]armv5tel,online
"176-65-134-121-8080,elf,mirai,ua-wget",http[:]//176[.]65[.]134[.]121[:]8080/wezpffnw[.]armv6,online
"176-65-134-121-8080,elf,mirai,ua-wget",http[:]//176[.]65[.]134[.]121[:]8080/cwlfkwnt[.]arm,online
"176-65-134-121-8080,elf,mirai,ua-wget",http[:]//176[.]65[.]134[.]121[:]8080/xdzlewkx[.]armv6,online
"176-65-134-121-8080,elf,mirai,ua-wget",http[:]//176[.]65[.]134[.]121[:]8080/xdzlewkx[.]armv6l,online
"176-65-134-121-8080,elf,mirai,ua-wget",http[:]//176[.]65[.]134[.]121[:]8080/ooikocqj[.]armv5tel,online
"176-65-134-121-8080,elf,mirai,ua-wget",http[:]//176[.]65[.]134[.]121[:]8080/ypezhbfg[.]armv6l,online
"176-65-134-121-8080,elf,mirai,ua-wget",http[:]//176[.]65[.]134[.]121[:]8080/xdzlewkx[.]armv7l,online
"176-65-134-121-8080,elf,mirai,ua-wget",http[:]//176[.]65[.]134[.]121[:]8080/bot[.]armv7,online
"176-65-134-121-8080,elf,mirai,ua-wget",http[:]//176[.]65[.]134[.]121[:]8080/ypezhbfg[.]arm,online
"176-65-134-121-8080,elf,mirai,ua-wget",http[:]//176[.]65[.]134[.]121[:]8080/cwlfkwnt[.]armv6,online
"176-65-134-121-8080,elf,mirai,ua-wget",http[:]//176[.]65[.]134[.]121[:]8080/tpijtvcr[.]armv6l,online
"176-65-134-121-8080,elf,mirai,ua-wget",http[:]//176[.]65[.]134[.]121[:]8080/bot[.]armv7l,online
"176-65-134-121-8080,elf,mirai,ua-wget",http[:]//176[.]65[.]134[.]121[:]8080/cwlfkwnt[.]armv7l,online
"176-65-134-121-8080,elf,mirai,ua-wget",http[:]//176[.]65[.]134[.]121[:]8080/tpijtvcr[.]armv7l,online
"176-65-134-121-8080,elf,mirai,ua-wget",http[:]//176[.]65[.]134[.]121[:]8080/wezpffnw[.]armv7,online
"176-65-134-121-8080,elf,mirai,ua-wget",http[:]//176[.]65[.]134[.]121[:]8080/tpijtvcr[.]armv6,online
"176-65-134-121-8080,elf,mirai,ua-wget",http[:]//176[.]65[.]134[.]121[:]8080/ooikocqj[.]armv7,online
"176-65-134-121-8080,elf,mirai,ua-wget",http[:]//176[.]65[.]134[.]121[:]8080/ooikocqj[.]armv6,online
"176-65-134-121-8080,elf,mirai,ua-wget",http[:]//176[.]65[.]134[.]121[:]8080/ooikocqj[.]arm,online
"176-65-134-121-8080,elf,mirai,ua-wget",http[:]//176[.]65[.]134[.]121[:]8080/wezpffnw[.]arm,online
"176-65-134-121-8080,elf,mirai,ua-wget",http[:]//176[.]65[.]134[.]121[:]8080/tpijtvcr[.]armv7,online
"176-65-134-121-8080,elf,mirai,ua-wget",http[:]//176[.]65[.]134[.]121[:]8080/cwlfkwnt[.]armv6l,online
"176-65-134-121-8080,elf,mirai,ua-wget",http[:]//176[.]65[.]134[.]121[:]8080/atjozltp[.]armv5tel,online
"176-65-134-121-8080,elf,mirai,ua-wget",http[:]//176[.]65[.]134[.]121[:]8080/acvdfpmy[.]armv6l,online
"176-65-134-121-8080,elf,mirai,ua-wget",http[:]//176[.]65[.]134[.]121[:]8080/bot[.]armv6,online
"176-65-134-121-8080,elf,mirai,ua-wget",http[:]//176[.]65[.]134[.]121[:]8080/bot[.]armv6l,online
"176-65-134-121-8080,elf,mirai,ua-wget",http[:]//176[.]65[.]134[.]121[:]8080/acvdfpmy[.]armv7,online
"176-65-134-121-8080,elf,mirai,ua-wget",http[:]//176[.]65[.]134[.]121[:]8080/atjozltp[.]armv7l,online
"176-65-134-121-8080,elf,mirai,ua-wget",http[:]//176[.]65[.]134[.]121[:]8080/atjozltp[.]armv7,online
"176-65-134-121-8080,elf,mirai,ua-wget",http[:]//176[.]65[.]134[.]121[:]8080/atjozltp[.]armv6l,online
"176-65-134-121-8080,elf,mirai,ua-wget",http[:]//176[.]65[.]134[.]121[:]8080/acvdfpmy[.]armv5tel,online
"176-65-134-121-8080,elf,mirai,ua-wget",http[:]//176[.]65[.]134[.]121[:]8080/atjozltp[.]arm,online
"176-65-134-121-8080,elf,mirai,ua-wget",http[:]//176[.]65[.]134[.]121[:]8080/bot[.]armv5tel,online
"176-65-134-121-8080,elf,mirai,ua-wget",http[:]//176[.]65[.]134[.]121[:]8080/acvdfpmy[.]armv6,online
"176-65-134-121-8080,elf,mirai,ua-wget",http[:]//176[.]65[.]134[.]121[:]8080/acvdfpmy[.]armv7l,online
"176-65-134-121-8080,elf,mirai,ua-wget",http[:]//176[.]65[.]134[.]121[:]8080/atjozltp[.]armv6,online
"176-65-134-121-8080,elf,mirai,ua-wget",http[:]//176[.]65[.]134[.]121[:]8080/acvdfpmy[.]arm,online
Mozi,http[:]//42[.]228[.]236[.]174[:]34448/i,online
"176-65-134-121-8080,elf,mirai,ua-wget",http[:]//176[.]65[.]134[.]121[:]8080/xdzlewkx[.]aarch64,online
"176-65-134-121-8080,elf,mirai,ua-wget",http[:]//176[.]65[.]134[.]121[:]8080/ooikocqj[.]armv8,online
"176-65-134-121-8080,elf,mirai,ua-wget",http[:]//176[.]65[.]134[.]121[:]8080/wezpffnw[.]armv8,online
"176-65-134-121-8080,elf,mirai,ua-wget",http[:]//176[.]65[.]134[.]121[:]8080/cwlfkwnt[.]aarch64,online
"176-65-134-121-8080,elf,mirai,ua-wget",http[:]//176[.]65[.]134[.]121[:]8080/tpijtvcr[.]aarch64,online
"176-65-134-121-8080,elf,mirai,ua-wget",http[:]//176[.]65[.]134[.]121[:]8080/ypezhbfg[.]aarch64,online
"176-65-134-121-8080,elf,mirai,ua-wget",http[:]//176[.]65[.]134[.]121[:]8080/ooikocqj[.]aarch64,online
"176-65-134-121-8080,elf,mirai,ua-wget",http[:]//176[.]65[.]134[.]121[:]8080/tpijtvcr[.]armv8,online
"176-65-134-121-8080,elf,mirai,ua-wget",http[:]//176[.]65[.]134[.]121[:]8080/xdzlewkx[.]armv8,online
"176-65-134-121-8080,elf,mirai,ua-wget",http[:]//176[.]65[.]134[.]121[:]8080/cwlfkwnt[.]armv8,online
"176-65-134-121-8080,elf,mirai,ua-wget",http[:]//176[.]65[.]134[.]121[:]8080/wezpffnw[.]aarch64,online
"176-65-134-121-8080,elf,mirai,ua-wget",http[:]//176[.]65[.]134[.]121[:]8080/ypezhbfg[.]armv8,online
,http[:]//42[.]238[.]169[.]2[:]45344/i,offline
mirai,http[:]//115[.]50[.]101[.]241[:]51347/bin[.]sh,offline
mirai,http[:]//112[.]198[.]239[.]194[:]60510/bin[.]sh,online
"176-65-134-121-8080,elf,mirai,ua-wget",http[:]//176[.]65[.]134[.]121[:]8080/atjozltp[.]armv8,online
"176-65-134-121-8080,elf,mirai,ua-wget",http[:]//176[.]65[.]134[.]121[:]8080/acvdfpmy[.]armv8,online
"176-65-134-121-8080,elf,mirai,ua-wget",http[:]//176[.]65[.]134[.]121[:]8080/wezpffnw[.]mipsel,online
"176-65-134-121-8080,elf,mirai,ua-wget",http[:]//176[.]65[.]134[.]121[:]8080/acvdfpmy[.]aarch64,online
"176-65-134-121-8080,elf,mirai,ua-wget",http[:]//176[.]65[.]134[.]121[:]8080/cwlfkwnt[.]mips64,online
"176-65-134-121-8080,elf,mirai,ua-wget",http[:]//176[.]65[.]134[.]121[:]8080/bot[.]armv8,online
"176-65-134-121-8080,elf,mirai,ua-wget",http[:]//176[.]65[.]134[.]121[:]8080/atjozltp[.]aarch64,online
"176-65-134-121-8080,elf,mirai,ua-wget",http[:]//176[.]65[.]134[.]121[:]8080/acvdfpmy[.]mipsel,online
"176-65-134-121-8080,elf,mirai,ua-wget",http[:]//176[.]65[.]134[.]121[:]8080/cwlfkwnt[.]mipsel,online
"176-65-134-121-8080,elf,mirai,ua-wget",http[:]//176[.]65[.]134[.]121[:]8080/bot[.]arm64,online
"176-65-134-121-8080,elf,mirai,ua-wget",http[:]//176[.]65[.]134[.]121[:]8080/atjozltp[.]arm64,online
"176-65-134-121-8080,elf,mirai,ua-wget",http[:]//176[.]65[.]134[.]121[:]8080/xdzlewkx[.]mipsel,online
"176-65-134-121-8080,elf,mirai,ua-wget",http[:]//176[.]65[.]134[.]121[:]8080/atjozltp[.]mips64,online
"176-65-134-121-8080,elf,mirai,ua-wget",http[:]//176[.]65[.]134[.]121[:]8080/wezpffnw[.]mips64,online
"176-65-134-121-8080,elf,mirai,ua-wget",http[:]//176[.]65[.]134[.]121[:]8080/acvdfpmy[.]mips64,online
"176-65-134-121-8080,elf,mirai,ua-wget",http[:]//176[.]65[.]134[.]121[:]8080/atjozltp[.]mipsel,online
"176-65-134-121-8080,elf,mirai,ua-wget",http[:]//176[.]65[.]134[.]121[:]8080/ypezhbfg[.]mipsel,online
"176-65-134-121-8080,elf,mirai,ua-wget",http[:]//176[.]65[.]134[.]121[:]8080/bot[.]mips64el,online
"176-65-134-121-8080,elf,mirai,ua-wget",http[:]//176[.]65[.]134[.]121[:]8080/bot[.]mipsel,online
"176-65-134-121-8080,elf,mirai,ua-wget",http[:]//176[.]65[.]134[.]121[:]8080/tpijtvcr[.]mips64,online
"176-65-134-121-8080,elf,mirai,ua-wget",http[:]//176[.]65[.]134[.]121[:]8080/xdzlewkx[.]mips64,online
"176-65-134-121-8080,elf,mirai,ua-wget",http[:]//176[.]65[.]134[.]121[:]8080/ooikocqj[.]mips64,online
"176-65-134-121-8080,elf,mirai,ua-wget",http[:]//176[.]65[.]134[.]121[:]8080/tpijtvcr[.]mipsel,online
"176-65-134-121-8080,elf,mirai,ua-wget",http[:]//176[.]65[.]134[.]121[:]8080/ooikocqj[.]mipsel,online
"176-65-134-121-8080,elf,mirai,ua-wget",http[:]//176[.]65[.]134[.]121[:]8080/ypezhbfg[.]mips64,online
"32-bit,elf,mips,Mozi",http[:]//42[.]237[.]50[.]135[:]50003/bin[.]sh,offline
"45-59-126-83-8081,exe,ua-wget",http[:]//45[.]59[.]126[.]83[:]8081/old/nb1[.]exe,offline
"217-60-195-187,sh,ua-wget",http[:]//217[.]60[.]195[.]187/k,offline
"45-59-126-83-8081,exe,ua-wget",http[:]//45[.]59[.]126[.]83[:]8081/old/nb2[.]exe,offline
mirai,http[:]//115[.]61[.]107[.]220[:]57147/bin[.]sh,offline
Mozi,http[:]//115[.]55[.]53[.]12[:]45668/bin[.]sh,offline
"32-bit,elf,mips,Mozi",http[:]//222[.]142[.]204[.]52[:]37092/bin[.]sh,offline
"172-86-72-97,elf,ua-wget",http[:]//172[.]86[.]72[.]97/linux,offline
"32-bit,elf,mips,Mozi",http[:]//42[.]239[.]235[.]92[:]59746/bin[.]sh,offline
Mozi,http[:]//182[.]116[.]94[.]189[:]36189/i,offline
,http[:]//193[.]31[.]201[.]20[:]47382/bin[.]sh,online
,http[:]//193[.]31[.]201[.]20[:]47382/i,online
mirai,http[:]//196[.]190[.]224[.]62[:]34874/i,offline
Mozi,http[:]//41[.]216[.]227[.]77[:]49429/i,offline
mirai,http[:]//154[.]223[.]128[.]222[:]47477/bin[.]sh,offline
"64-bit,elf,mirai,x86-64",http[:]//13[.]140[.]176[.]180[:]8080/bot,offline
,http[:]//42[.]85[.]129[.]179[:]55254/i,offline
mirai,http[:]//175[.]9[.]152[.]47[:]60966/bin[.]sh,offline
"32-bit,arm,elf,mirai,Mozi",http[:]//180[.]115[.]161[.]206[:]47210/bin[.]sh,offline
"32-bit,arm,elf,mirai,Mozi",http[:]//105[.]225[.]124[.]249[:]42835/i,offline
mirai,http[:]//119[.]99[.]255[.]43[:]44042/i,offline
,http[:]//112[.]93[.]136[.]28[:]43902/i,online
mirai,http[:]//177[.]36[.]24[.]219[:]45265/i,offline
mirai,http[:]//193[.]187[.]101[.]209[:]59417/bin[.]sh,offline
Mozi,http[:]//182[.]117[.]157[.]57[:]41089/i,offline
,http[:]//113[.]238[.]123[.]51[:]39725/bin[.]sh,online
,http[:]//88[.]246[.]126[.]132[:]60950/bin[.]sh,offline
,http[:]//85[.]11[.]167[.]202[:]9111/i686,offline
,http[:]//85[.]11[.]167[.]202[:]9111/ppc64,offline
,http[:]//85[.]11[.]167[.]202[:]9111/m68k,offline
,http[:]//85[.]11[.]167[.]202[:]9111/armv7l,offline
,http[:]//85[.]11[.]167[.]202[:]9111/mips,offline
,http[:]//85[.]11[.]167[.]202[:]9111/mpsl,offline
,http[:]//85[.]11[.]167[.]202[:]9111/x86_64,offline
,http[:]//85[.]11[.]167[.]202[:]9111/x86,offline
,http[:]//85[.]11[.]167[.]202[:]9111/armv5l,offline
,http[:]//85[.]11[.]167[.]202[:]9111/armv6l,offline
,http[:]//85[.]11[.]167[.]202[:]9111/armv4l,offline
,https[:]//y32me8[.]com/Wavel[.]dmg,offline
"32-bit,arm,elf,mirai,Mozi",http[:]//105[.]225[.]124[.]249[:]42835/bin[.]sh,offline
"32-bit,arm,elf,mirai,Mozi",http[:]//177[.]36[.]24[.]219[:]45265/bin[.]sh,offline
"32-bit,arm,elf,mirai,Mozi",http[:]//210[.]208[.]110[.]147[:]43801/i,online
mirai,http[:]//185[.]9[.]139[.]117[:]50066/bin[.]sh,offline
mirai,http[:]//201[.]110[.]182[.]131[:]38216/i,online
,http[:]//223[.]108[.]82[.]26[:]38037/i,offline
"32-bit,arm,elf,mirai,Mozi",http[:]//123[.]133[.]168[.]8[:]38918/bin[.]sh,online
,http[:]//119[.]117[.]115[.]248[:]53857/i,online
,https[:]//0[.]232[.]205[.]92[.]host[.]secureserver[.]net/lclbluewin08812/,offline
"c2-monitor-auto,dropped-by-amadey,RemusStealer",http[:]//91[.]92[.]242[.]236/files-129312398/files/file_090cd82dad00b7da[.]exe,offline
,http[:]//223[.]108[.]82[.]26[:]38037/bin[.]sh,offline
Mozi,http[:]//182[.]127[.]111[.]231[:]55283/bin[.]sh,offline
mirai,http[:]//78[.]73[.]72[.]248[:]40575/i,online
mirai,http[:]//117[.]63[.]244[.]227[:]59598/i,online
,http[:]//178[.]206[.]132[.]75[:]4073/i,online
mirai,http[:]//124[.]66[.]96[.]86[:]52535/bin[.]sh,offline
mirai,http[:]//167[.]250[.]158[.]32[:]44021/i,offline
,http[:]//42[.]57[.]184[.]123[:]51793/bin[.]sh,online
,http[:]//119[.]154[.]108[.]229[:]45169/i,offline
,http[:]//60[.]23[.]239[.]198[:]44489/i,offline
mirai,http[:]//182[.]126[.]5[.]127[:]59405/i,online
Mozi,http[:]//219[.]155[.]209[.]247[:]42165/bin[.]sh,online
Mozi,http[:]//119[.]179[.]252[.]3[:]46228/i,online
mirai,http[:]//210[.]208[.]111[.]74[:]54306/i,online
,http[:]//178[.]206[.]132[.]75[:]4073/bin[.]sh,online
mirai,http[:]//175[.]11[.]132[.]107[:]33207/i,online
Mozi,http[:]//125[.]41[.]169[.]115[:]52942/i,offline
mirai,http[:]//175[.]9[.]152[.]47[:]60966/i,offline
,http[:]//42[.]86[.]62[.]73[:]33915/bin[.]sh,online
Mozi,http[:]//42[.]227[.]202[.]186[:]55036/i,offline
Mozi,http[:]//182[.]121[.]18[.]115[:]60556/i,offline
Mozi,http[:]//115[.]55[.]237[.]207[:]55662/i,offline
mirai,http[:]//210[.]208[.]111[.]220[:]35600/i,offline
,http[:]//163[.]142[.]93[.]7[:]46106/i,offline
,http[:]//113[.]231[.]202[.]211[:]51478/i,online
Mozi,http[:]//120[.]57[.]124[.]158[:]34693/i,offline
"fakemas,python",https[:]//workerstats[.]net/downloadables/SysMon[.]txt,offline
ps1,https[:]//download-files[.]wixmp[.]com/ugd/09c1d5_535e18f9f54e47a8a4f9587ce3e9a710[.]txt,online
fakemas,https[:]//activatef[.]win/update[.]zip,offline
SVCStealer,http[:]//193[.]178[.]158[.]107/bin/5944545693fd1060_loaded_x64[.]exe,online
"cowrie,honeypot",http[:]//192[.]227[.]210[.]190/dred,online
"fakemas,python",https[:]//workerstats[.]net/global[.]txt,offline
"cowrie,honeypot",http[:]//176[.]65[.]139[.]206/main_arm5,offline
Mozi,http[:]//42[.]227[.]202[.]186[:]55036/bin[.]sh,offline
,http[:]//60[.]23[.]239[.]198[:]44489/bin[.]sh,offline
Mozi,http[:]//42[.]239[.]235[.]92[:]59746/i,offline
,http[:]//103[.]152[.]100[.]5[:]41430/i,online
,http[:]//37[.]28[.]177[.]69[:]40687/i,online
Mozi,http[:]//115[.]55[.]237[.]207[:]55662/bin[.]sh,offline
,http[:]//163[.]142[.]93[.]7[:]46106/bin[.]sh,online
Mozi,http[:]//59[.]96[.]136[.]167[:]51104/i,offline
,http[:]//42[.]5[.]79[.]38[:]48150/bin[.]sh,offline
"32-bit,elf,mips,Mozi",http[:]//115[.]55[.]129[.]29[:]50413/bin[.]sh,offline
Mozi,http[:]//59[.]180[.]150[.]177[:]38357/i,offline
Mozi,http[:]//59[.]96[.]136[.]167[:]51104/bin[.]sh,offline
,http[:]//95[.]9[.]35[.]137[:]53205/i,offline
,http[:]//95[.]9[.]35[.]137[:]53205/bin[.]sh,offline
Mozi,http[:]//115[.]61[.]13[.]152[:]45504/i,online
"32-bit,elf,mips,Mozi",http[:]//42[.]237[.]53[.]133[:]53645/bin[.]sh,offline
"c2-monitor-auto,dropped-by-amadey",http[:]//91[.]92[.]242[.]236/files-129312398/files/file_5ebe78e0a7c9b38b[.]exe,offline
mirai,http[:]//210[.]208[.]110[.]172[:]35581/bin[.]sh,online
Mozi,http[:]//123[.]14[.]90[.]201[:]37716/bin[.]sh,offline
Mozi,http[:]//103[.]19[.]49[.]134[:]57504/bin[.]sh,offline
,http[:]//123[.]8[.]6[.]62[:]46742/bin[.]sh,offline
CoinMiner,https[:]//royalcuts[.]co[.]uk/Chrome[.]exe,online
CoinMiner,https[:]//royalcuts[.]co[.]uk/3[.]exe,offline
,https[:]//royalcuts[.]co[.]uk/ChromeSetup[.]exe,online
,https[:]//royalcuts[.]co[.]uk/Setup[.]exe,offline
LummaStealer,http[:]//91[.]92[.]242[.]236/files-129312398/files/file_1532c81514d47461[.]exe,offline
"c2-monitor-auto,dropped-by-amadey,OnyxC2",http[:]//91[.]92[.]242[.]236/files-129312398/files/file_c5b0b8f9b84a1473[.]exe,online
"32-bit,arm,elf,mirai,Mozi",http[:]//196[.]189[.]69[.]192[:]48199/i,online
mirai,http[:]//110[.]136[.]45[.]244[:]50871/i,offline
,http[:]//120[.]84[.]213[.]149[:]52695/i,online
mirai,http[:]//125[.]120[.]33[.]1[:]41585/i,offline
Mozi,http[:]//115[.]54[.]127[.]53[:]58928/bin[.]sh,offline
"32-bit,elf,mips,Mozi",http[:]//182[.]119[.]197[.]59[:]55016/i,offline
"32-bit,arm,elf,mirai,Mozi",http[:]//196[.]189[.]69[.]192[:]48199/bin[.]sh,online
"32-bit,elf,mips,Mozi",http[:]//42[.]239[.]189[.]219[:]55744/bin[.]sh,offline
"32-bit,arm,elf,mirai,Mozi",http[:]//116[.]209[.]167[.]64[:]51681/bin[.]sh,online
mirai,http[:]//196[.]189[.]98[.]110[:]39279/i,offline
Mozi,http[:]//182[.]191[.]69[.]89[:]57535/i,offline
mirai,http[:]//58[.]65[.]210[.]245[:]55712/i,offline
Mozi,http[:]//115[.]48[.]149[.]116[:]37345/bin[.]sh,offline
,http[:]//119[.]116[.]87[.]232[:]48737/bin[.]sh,online
mirai,http[:]//105[.]186[.]183[.]234[:]37999/i,offline
"elf,ua-wget",http[:]//176[.]65[.]139[.]206/hiddenbin/Space[.]mips64,offline
"elf,ua-wget",http[:]//176[.]65[.]139[.]206/iran[.]i486,offline
"elf,ua-wget",http[:]//176[.]65[.]139[.]206/hiddenbin/Space[.]sparc,offline
"elf,ua-wget",http[:]//176[.]65[.]139[.]217/ar-15/ar15[.]i468,offline
"elf,ua-wget",http[:]//176[.]65[.]139[.]206/iran[.]aarch64,offline
"32-bit,elf,mips,Mozi",http[:]//61[.]137[.]200[.]53[:]50262/i,online
mirai,http[:]//58[.]65[.]210[.]245[:]55712/bin[.]sh,offline
Mozi,http[:]//115[.]55[.]53[.]12[:]45668/i,offline
,http[:]//113[.]236[.]4[.]237[:]50901/i,online
"elf,ua-wget",http[:]//176[.]65[.]139[.]131/bins/sparc,offline
"elf,ua-wget",http[:]//176[.]65[.]139[.]131/bins/mips64,offline
"elf,ua-wget",http[:]//176[.]65[.]139[.]131/bins/i586,offline
Mozi,http[:]//59[.]180[.]157[.]90[:]52591/i,offline
Mozi,http[:]//42[.]231[.]78[.]38[:]40390/i,offline
mirai,http[:]//105[.]186[.]183[.]234[:]37999/bin[.]sh,offline
Mozi,http[:]//42[.]226[.]237[.]31[:]58987/i,offline
Mozi,http[:]//42[.]226[.]237[.]31[:]58987/bin[.]sh,offline
Mozi,http[:]//115[.]63[.]12[.]163[:]49379/bin[.]sh,offline
mirai,http[:]//45[.]224[.]83[.]130[:]36790/bin[.]sh,offline
mirai,http[:]//36[.]49[.]54[.]62[:]36933/i,online
,http[:]//115[.]201[.]195[.]91[:]14081/bin[.]sh,online
,http[:]//113[.]236[.]4[.]237[:]50901/bin[.]sh,offline
ClickFix,https[:]//entry-code-cdn[.]codes/9e6a18e1d27bc17d,offline
"176-65-139-158,elf,mirai,ua-wget",http[:]//176[.]65[.]139[.]158/bins/redkill[.]armv4l,offline
"176-65-139-158,elf,mirai,ua-wget",http[:]//176[.]65[.]139[.]158/bins/redkill[.]armv6l,offline
"176-65-139-158,elf,mirai,ua-wget",http[:]//176[.]65[.]139[.]158/bins/redkill[.]powerpc,offline
"176-65-139-158,elf,mirai,ua-wget",http[:]//176[.]65[.]139[.]158/bins/redkill[.]mips,offline
"176-65-139-158,elf,mirai,ua-wget",http[:]//176[.]65[.]139[.]158/bins/redkill[.]m68k,offline
"176-65-139-158,elf,mirai,ua-wget",http[:]//176[.]65[.]139[.]158/bins/redkill[.]mipsel,offline
"176-65-139-158,elf,mirai,ua-wget",http[:]//176[.]65[.]139[.]158/bins/redkill[.]i686,offline
"176-65-139-158,elf,mirai,ua-wget",http[:]//176[.]65[.]139[.]158/bins/redkill[.]x86_64,offline
"176-65-139-158,elf,mirai,ua-wget",http[:]//176[.]65[.]139[.]158/bins/redkill[.]armv7l,offline
"176-65-139-158,elf,mirai,ua-wget",http[:]//176[.]65[.]139[.]158/bins/redkill[.]armv5l,offline
"176-65-139-158,elf,mirai,ua-wget",http[:]//176[.]65[.]139[.]158/bins/redkill[.]sparc,offline
"176-65-139-158,elf,mirai,ua-wget",http[:]//176[.]65[.]139[.]158/bins/redkill[.]sh4,offline
,http[:]//42[.]52[.]197[.]183[:]39377/bin[.]sh,online
mirai,http[:]//115[.]50[.]101[.]241[:]51347/i,offline
mirai,http[:]//36[.]49[.]54[.]62[:]36933/bin[.]sh,offline
Mozi,http[:]//39[.]86[.]247[.]120[:]42417/i,offline
,http[:]//88[.]246[.]126[.]132[:]60950/i,offline
Mozi,http[:]//59[.]96[.]138[.]28[:]34282/bin[.]sh,offline
"9d2ca3,dropped-by-amadey",http[:]//91[.]92[.]242[.]236/files-129312398/files/file_74f647f737ebd828[.]exe,offline
,http[:]//113[.]237[.]53[.]238[:]53908/bin[.]sh,online
,http[:]//221[.]14[.]192[.]60[:]53334/bin[.]sh,offline
,http[:]//221[.]14[.]192[.]60[:]53334/i,offline
mirai,http[:]//112[.]85[.]183[.]82[:]38907/bin[.]sh,offline
Mozi,http[:]//219[.]155[.]192[.]71[:]37541/bin[.]sh,offline
Mozi,http[:]//39[.]63[.]153[.]49[:]58028/bin[.]sh,offline
Mozi,http[:]//39[.]63[.]153[.]49[:]58028/i,offline
mirai,http[:]//36[.]69[.]82[.]97[:]54110/i,offline
,http[:]//42[.]56[.]113[.]183[:]36282/i,online
,http[:]//123[.]190[.]104[.]125[:]45156/bin[.]sh,offline
Mozi,http[:]//42[.]224[.]96[.]195[:]54809/bin[.]sh,offline
Mozi,http[:]//182[.]127[.]114[.]224[:]60574/bin[.]sh,offline
Mozi,http[:]//103[.]19[.]49[.]134[:]57504/i,offline
mirai,http[:]//60[.]162[.]46[.]87[:]44499/i,offline
mirai,http[:]//117[.]92[.]181[.]106[:]36613/i,offline
"176-65-139-162,elf,mirai,ua-wget",http[:]//176[.]65[.]139[.]162/kushnet[.]arm7,online
,http[:]//85[.]120[.]255[.]35/ssh[.]sh,offline
"94-154-43-176,elf,ua-wget",http[:]//94[.]154[.]43[.]176/tadashi[.]x86,online
"94-154-43-176,elf,ua-wget",http[:]//94[.]154[.]43[.]176/arm64,online
"32-bit,elf,mips,Mozi",http[:]//125[.]41[.]218[.]236[:]55874/bin[.]sh,offline
"94-154-43-176,elf,ua-wget",http[:]//94[.]154[.]43[.]176/x64,online
"94-154-43-176,elf,ua-wget",http[:]//94[.]154[.]43[.]176/x86,online
"94-154-43-176,elf,ua-wget",http[:]//94[.]154[.]43[.]176/arm7,online
Mozi,http[:]//42[.]232[.]235[.]67[:]39372/i,offline
"32-bit,arm,elf,mirai,Mozi",http[:]//27[.]156[.]176[.]249[:]46074/i,offline
"94-154-43-100,elf,ua-wget",http[:]//94[.]154[.]43[.]100/bins/mipsel,offline
"94-154-43-100,elf,ua-wget",http[:]//94[.]154[.]43[.]100/bins/armv5l,online
"94-154-43-100,elf,ua-wget",http[:]//94[.]154[.]43[.]100/bins/armv7l,offline
"94-154-43-100,elf,mirai,ua-wget",http[:]//94[.]154[.]43[.]100/bins/i686,offline
"94-154-43-100,elf,ua-wget",http[:]//94[.]154[.]43[.]100/bins/armv6l,offline
"94-154-43-100,elf,ua-wget",http[:]//94[.]154[.]43[.]100/bins/mips,offline
"94-154-43-100,elf,mirai,ua-wget",http[:]//94[.]154[.]43[.]100/bins/x86,offline
"94-154-43-100,elf,ua-wget",http[:]//94[.]154[.]43[.]100/bins/x86_64,online
"94-154-43-100,sh,ua-wget",http[:]//94[.]154[.]43[.]100/run[.]sh,offline
"176-65-139-229,elf,mirai,ua-wget",http[:]//176[.]65[.]139[.]229/pppc,offline
"176-65-139-229,elf,mirai,ua-wget",http[:]//176[.]65[.]139[.]229/parm6,offline
"176-65-139-229,elf,gafgyt,ua-wget",http[:]//176[.]65[.]139[.]229/parm5,offline
"176-65-139-229,elf,mirai,ua-wget",http[:]//176[.]65[.]139[.]229/pm68k,offline
"176-65-139-229,elf,mirai,ua-wget",http[:]//176[.]65[.]139[.]229/parm7,offline
"176-65-139-229,elf,mirai,ua-wget",http[:]//176[.]65[.]139[.]229/psh4,offline
"176-65-139-229,elf,gafgyt,ua-wget",http[:]//176[.]65[.]139[.]229/parm4,offline
"176-65-139-229,elf,mirai,ua-wget",http[:]//176[.]65[.]139[.]229/pmips,offline
"176-65-139-152,elf,ua-wget",http[:]//176[.]65[.]139[.]152/ppc64,online
"176-65-139-152,elf,ua-wget",http[:]//176[.]65[.]139[.]152/mips,online
"176-65-139-152,elf,ua-wget",http[:]//176[.]65[.]139[.]152/x86_64,online
"176-65-139-152,elf,mirai,ua-wget",http[:]//176[.]65[.]139[.]152/x86,online
"176-65-139-152,elf,mirai,ua-wget",http[:]//176[.]65[.]139[.]152/i686,online
"176-65-139-152,elf,ua-wget",http[:]//176[.]65[.]139[.]152/armv7l,online
"176-65-139-152,elf,ua-wget",http[:]//176[.]65[.]139[.]152/armv6l,online
"176-65-139-152,elf,ua-wget",http[:]//176[.]65[.]139[.]152/armv5l,online
"176-65-139-152,elf,ua-wget",http[:]//176[.]65[.]139[.]152/mipsel,online
Mozi,http[:]//115[.]63[.]12[.]163[:]49379/i,offline
Mozi,http[:]//182[.]113[.]45[.]165[:]60859/bin[.]sh,offline
Mozi,http[:]//42[.]232[.]235[.]67[:]39372/bin[.]sh,offline
"elf,ua-wget",http[:]//185[.]241[.]211[.]103/i/mips,offline
"elf,ua-wget",http[:]//185[.]241[.]211[.]103/i/mipsel,offline
"elf,ua-wget",http[:]//185[.]241[.]211[.]103/i/arm,offline
"elf,ua-wget",http[:]//185[.]241[.]211[.]103/i/arm7,offline
"elf,ua-wget",http[:]//185[.]241[.]211[.]103/i/arm5,offline
"elf,ua-wget",http[:]//176[.]65[.]139[.]131/bins/arc,offline
,https[:]//cdn[.]discordapp[.]com/attachments/1543799570536857781/1548503287358038196/DassakCraft[.]zip?ex=6ab12ed1&is=6aafdd51&hm=8fac034554dda69d81cc7825982cd00ba269dc6000577bebccbd9328453ec8ba&,offline
docker,https[:]//dao1an8ingei2dinnnpgqa7k564nf3q81[.]oast[.]live/BUILDRCE/FOREIGN-20260920211953-nginx,offline
"c2-monitor-auto,dropped-by-amadey",http[:]//91[.]92[.]242[.]236/files-129312398/files/file_bd3665474a1d2a58[.]exe,offline
"ActiveMQ,mirai",http[:]//177[.]3[.]42[.]41[:]8001/poc-linux[.]xml,offline
Mozi,http[:]//59[.]97[.]255[.]97[:]57690/i,offline
,http[:]//42[.]227[.]134[.]205[:]43058/bin[.]sh,offline
Mozi,http[:]//123[.]14[.]90[.]201[:]37716/i,offline
Mozi,http[:]//123[.]235[.]221[.]103[:]59423/bin[.]sh,offline
"32-bit,arm,elf,mirai,Mozi",http[:]//27[.]21[.]28[.]179[:]50054/bin[.]sh,offline
Mozi,http[:]//123[.]7[.]227[.]121[:]32852/bin[.]sh,offline
,http[:]//42[.]52[.]197[.]183[:]39377/i,online
Mozi,http[:]//59[.]97[.]255[.]97[:]57690/bin[.]sh,offline
mirai,http[:]//222[.]127[.]171[.]38[:]53667/i,offline
Mozi,http[:]//119[.]185[.]186[.]136[:]55519/i,offline
"32-bit,elf,mips,Mozi",http[:]//115[.]55[.]219[.]181[:]59205/i,online
"176-65-139-131,mirai,sh,ua-wget",http[:]//176[.]65[.]139[.]131/ohshit[.]sh,online
"176-65-139-131,elf,mirai,ua-wget",http[:]//176[.]65[.]139[.]131/bins/dbg,online
,http[:]//163[.]142[.]87[.]206[:]38849/i,offline
Mozi,http[:]//59[.]103[.]116[.]83[:]33954/bin[.]sh,online
Mozi,http[:]//27[.]207[.]222[.]65[:]49073/bin[.]sh,offline
"32-bit,elf,mips,Mozi",http[:]//115[.]55[.]219[.]181[:]59205/bin[.]sh,online
"185-241-211-103,elf,mirai,ua-wget",http[:]//185[.]241[.]211[.]103/arm7,offline
"185-241-211-103,mirai,sh,ua-wget",http[:]//185[.]241[.]211[.]103/toto[.]sh,offline
"185-241-211-103,elf,mirai,ua-wget",http[:]//185[.]241[.]211[.]103/mips,offline
mirai,http[:]//125[.]105[.]45[.]135[:]36544/i,online
,http[:]//42[.]57[.]221[.]205[:]59429/bin[.]sh,online
mirai,http[:]//36[.]71[.]22[.]225[:]40061/bin[.]sh,offline
,http[:]//113[.]238[.]160[.]155[:]58904/i,online
,http[:]//124[.]94[.]208[.]194[:]51581/i,online
Mozi,http[:]//182[.]123[.]208[.]11[:]48593/i,offline
mirai,http[:]//210[.]208[.]111[.]36[:]36546/i,online
,http[:]//42[.]178[.]11[.]131[:]37911/bin[.]sh,online
"32-bit,elf,mips,Mozi",http[:]//125[.]41[.]74[.]226[:]43085/i,offline
mirai,http[:]//222[.]127[.]171[.]38[:]53667/bin[.]sh,offline
,http[:]//116[.]138[.]35[.]161[:]37833/i,online
,http[:]//113[.]231[.]205[.]57[:]43235/i,online
"elf,mirai,ua-wget",http[:]//45[.]198[.]224[.]168/mips64,online
"32-bit,elf,mips,Mozi",http[:]//219[.]154[.]76[.]222[:]60942/i,offline
"45-135-193-63,elf,mirai,ua-wget",http[:]//45[.]135[.]193[.]63/persist[.]arm7,online
,http[:]//120[.]84[.]214[.]47[:]56316/i,offline
"45-135-193-63,sh,ua-wget",http[:]//45[.]135[.]193[.]63/launch[.]sh,online
"45-135-193-63,elf,mirai,ua-wget",http[:]//45[.]135[.]193[.]63/flutter[.]mips,online
"45-135-193-63,elf,mirai,ua-wget",http[:]//45[.]135[.]193[.]63/flutter[.]ppc64,online
"45-135-193-63,elf,mirai,ua-wget",http[:]//45[.]135[.]193[.]63/flutter[.]x86,online
"45-135-193-63,elf,mirai,ua-wget",http[:]//45[.]135[.]193[.]63/flutter[.]arm,online
"45-135-193-63,elf,mirai,ua-wget",http[:]//45[.]135[.]193[.]63/flutter[.]arm7,online
"45-135-193-63,elf,mirai,ua-wget",http[:]//45[.]135[.]193[.]63/flutter[.]arm6,online
"45-135-193-63,elf,mirai,ua-wget",http[:]//45[.]135[.]193[.]63/flutter[.]mipsel,online
"45-135-193-63,elf,mirai,ua-wget",http[:]//45[.]135[.]193[.]63/flutter[.]ppc,online
"45-135-193-63,sh,ua-wget",http[:]//45[.]135[.]193[.]63/dl[.]sh,offline
,http[:]//113[.]238[.]160[.]155[:]58904/bin[.]sh,online
"45-135-193-63,elf,mirai,ua-wget",http[:]//45[.]135[.]193[.]63/flutter[.]m68k,online
"45-135-193-63,elf,mirai,ua-wget",http[:]//45[.]135[.]193[.]63/flutter[.]arm5,online
"45-135-193-63,elf,mirai,ua-wget",http[:]//45[.]135[.]193[.]63/flutter[.]x86_64,online
"45-135-193-63,elf,mirai,ua-wget",http[:]//45[.]135[.]193[.]63/flutter[.]arm8,online
,http[:]//163[.]142[.]84[.]211[:]49761/i,online
Mozi,http[:]//39[.]71[.]202[.]105[:]54578/bin[.]sh,offline
Mozi,http[:]//182[.]123[.]208[.]11[:]48593/bin[.]sh,offline
mirai,http[:]//113[.]221[.]98[.]181[:]46693/i,online
"176-65-139-217,elf,mirai,ua-wget",http[:]//176[.]65[.]139[.]217/ar-15/ar15[.]arc,offline
"176-65-139-217,elf,mirai,ua-wget",http[:]//176[.]65[.]139[.]217/ar-15/ar15[.]arm,offline
"176-65-139-217,elf,mirai,ua-wget",http[:]//176[.]65[.]139[.]217/ar-15/ar15[.]mpsl,offline
"176-65-139-217,elf,mirai,ua-wget",http[:]//176[.]65[.]139[.]217/ar-15/ar15[.]arm5,offline
"176-65-139-217,elf,mirai,ua-wget",http[:]//176[.]65[.]139[.]217/ar-15/ar15[.]i686,offline
"176-65-139-217,elf,mirai,ua-wget",http[:]//176[.]65[.]139[.]217/ar-15/ar15[.]ppc,offline
"176-65-139-217,elf,mirai,ua-wget",http[:]//176[.]65[.]139[.]217/ar-15/ar15[.]arm7,offline
"176-65-139-217,mirai,sh,ua-wget",http[:]//176[.]65[.]139[.]217/ar15[.]sh,online
"176-65-139-217,elf,mirai,ua-wget",http[:]//176[.]65[.]139[.]217/ar-15/ar15[.]arm6,offline
"176-65-139-217,elf,mirai,ua-wget",http[:]//176[.]65[.]139[.]217/ar-15/ar15[.]mips,offline
"176-65-139-217,elf,mirai,ua-wget",http[:]//176[.]65[.]139[.]217/ar-15/ar15[.]x86_64,offline
"176-65-139-217,elf,mirai,ua-wget",http[:]//176[.]65[.]139[.]217/ar-15/ar15[.]m68k,offline
"176-65-139-217,elf,mirai,ua-wget",http[:]//176[.]65[.]139[.]217/ar-15/ar15[.]sh4,offline
"176-65-139-217,elf,mirai,ua-wget",http[:]//176[.]65[.]139[.]217/ar-15/ar15[.]spc,offline
"176-65-139-217,elf,mirai,ua-wget",http[:]//176[.]65[.]139[.]217/ar-15/ar15[.]x86,offline
"176-65-139-150,elf,mirai,ua-wget",http[:]//176[.]65[.]139[.]150/flutter[.]x86_64,online
"176-65-139-150,elf,mirai,ua-wget",http[:]//176[.]65[.]139[.]150/flutter[.]arm,online
"176-65-139-150,elf,mirai,ua-wget",http[:]//176[.]65[.]139[.]150/flutter[.]arm6,online
"176-65-139-150,elf,mirai,ua-wget",http[:]//176[.]65[.]139[.]150/flutter[.]x86,online
"176-65-139-150,elf,mirai,ua-wget",http[:]//176[.]65[.]139[.]150/flutter[.]mipsel,online
"176-65-139-150,elf,mirai,ua-wget",http[:]//176[.]65[.]139[.]150/flutter[.]arm5,online
"176-65-139-150,elf,mirai,ua-wget",http[:]//176[.]65[.]139[.]150/flutter[.]arm8,online
"176-65-139-150,elf,mirai,ua-wget",http[:]//176[.]65[.]139[.]150/flutter[.]ppc,online
"176-65-139-150,elf,mirai,ua-wget",http[:]//176[.]65[.]139[.]150/flutter[.]mips,online
"176-65-139-150,sh,ua-wget",http[:]//176[.]65[.]139[.]150/dl[.]sh,offline
"176-65-139-150,sh,ua-wget",http[:]//176[.]65[.]139[.]150/launch[.]sh,online
"176-65-139-150,elf,mirai,ua-wget",http[:]//176[.]65[.]139[.]150/flutter[.]arm7,online
"176-65-139-150,elf,mirai,ua-wget",http[:]//176[.]65[.]139[.]150/flutter[.]m68k,online
"176-65-139-150,elf,mirai,ua-wget",http[:]//176[.]65[.]139[.]150/flutter[.]ppc64,online
"ascii,xworm",https[:]//03teste[.]com/Margarina/T01[.]txt,offline
"ascii,xworm",https[:]//03teste[.]com/Margarina/T02[.]txt,offline
"ascii,xworm",https[:]//pastee[.]dev/r/OqR2KPzu/0,offline
"ascii,xworm",https[:]//03teste[.]com/Margarina/T03[.]txt,offline
"ascii,xworm",https[:]//03teste[.]com/Margarina/By[.]txt,offline
"rat,RemcosRAT",https[:]//drive[.]google[.]com/uc?export=download&id=1KW3wv1y5QHk5D6Ich46ffkGVySvAyYLW,offline
,http[:]//42[.]57[.]6[.]73[:]44269/bin[.]sh,offline
"rat,RemcosRAT",https[:]//drive[.]google[.]com/uc?export=download&id=18nFDqv2V1mKmuCF76JJNhp_yzSpUMruc,offline
,http[:]//119[.]114[.]134[.]90[:]38248/bin[.]sh,online
Mozi,http[:]//123[.]5[.]135[.]207[:]33345/bin[.]sh,offline
,http[:]//42[.]233[.]163[.]234[:]53805/bin[.]sh,offline
,http[:]//115[.]49[.]29[.]148[:]46120/bin[.]sh,offline
mirai,http[:]//90[.]225[.]220[.]172[:]39815/bin[.]sh,offline
mirai,http[:]//183[.]23[.]135[.]253[:]54790/i,online
"32-bit,elf,mips,Mozi",http[:]//219[.]154[.]76[.]222[:]60942/bin[.]sh,offline
"7zip,ClickFix,downloader,dropper,encrypted,powershell",https[:]//proalamir[.]dz/dl/dA2otSYgVZRH[.]7z,offline
"fakemas,powershell,ps1,ua-ps",https[:]//massgravel[.]net/,offline
"elf,iot,Mozi",http[:]//178[.]160[.]10[.]203[:]35090/Mozi[.]m,offline
"elf,iot",http[:]//158[.]94[.]211[.]199[:]9999/30e97bc1260e,offline
"7zip,ClickFix,downloader,dropper,encrypted,powershell",https[:]//kineticlenz[.]com/gg[.]ps1,offline
mirai,http[:]//ertdyfiabwggujakd[.]duckdns[.]org/x-3[.]2-[.]Sakura,offline
mirai,http[:]//ertdyfiabwggujakd[.]duckdns[.]org/x-8[.]6-[.]Sakura,offline
gafgyt,http[:]//ertdyfiabwggujakd[.]duckdns[.]org/s-h[.]4-[.]Sakura,offline
mirai,http[:]//ertdyfiabwggujakd[.]duckdns[.]org/a-r[.]m-4[.]Sakura,offline
gafgyt,http[:]//ertdyfiabwggujakd[.]duckdns[.]org/a-r[.]m-6[.]Sakura,offline
mirai,http[:]//ertdyfiabwggujakd[.]duckdns[.]org/m-p[.]s-l[.]Sakura,offline
gafgyt,http[:]//ertdyfiabwggujakd[.]duckdns[.]org/a-r[.]m-7[.]Sakura,offline
mirai,http[:]//ertdyfiabwggujakd[.]duckdns[.]org/a-r[.]m-5[.]Sakura,offline
gafgyt,http[:]//ertdyfiabwggujakd[.]duckdns[.]org/m-6[.]8-k[.]Sakura,offline
gafgyt,http[:]//ertdyfiabwggujakd[.]duckdns[.]org/i-5[.]8-6[.]Sakura,offline
mirai,http[:]//ertdyfiabwggujakd[.]duckdns[.]org/p-p[.]c-[.]Sakura,offline
mirai,http[:]//ertdyfiabwggujakd[.]duckdns[.]org/m-i[.]p-s[.]Sakura,offline
"Async,AsyncRAT,rat,SilverFox",https[:]//hll912-1484535448[.]cos[.]ap-hongkong[.]myqcloud[.]com/ToDesk_Installer[.]zip,offline
"cowrie,honeypot",http[:]//58[.]211[.]144[.]243[:]800/wget[.]sh,offline
"auto-submitted,cowrie,honeypot,mirai",http[:]//176[.]65[.]148[.]10/mirai[.]mips,online
"c2-monitor-auto,dropped-by-amadey",http[:]//91[.]92[.]242[.]236/files-129312398/files/file_401ecb4eeac06f0a[.]exe,offline
"fakemas,ua-ps",https[:]//activatef[.]win/,offline
script,http[:]//176[.]65[.]148[.]10/install[.]sh,offline
"IRAHook,rat,stealer",https[:]//github[.]com/orionbluesetup/download/releases/download/Download/OrionBlue_Beta_2[.]1[.]1[.]zip,offline
"c2-monitor-auto,dropped-by-amadey",http[:]//91[.]92[.]242[.]236/files-129312398/files/file_4baa0479bd4beffe[.]exe,offline
"c2-monitor-auto,dropped-by-amadey",http[:]//91[.]92[.]242[.]236/files-129312398/files/file_d36e8415356c3199[.]exe,offline
script,http[:]//86[.]38[.]182[.]86/a[.]sh,offline
,http[:]//42[.]7[.]119[.]110[:]43491/bin[.]sh,offline
,http[:]//115[.]49[.]73[.]158[:]58637/bin[.]sh,offline
"32-bit,arm,elf,mirai,Mozi",http[:]//115[.]197[.]88[.]233[:]35565/bin[.]sh,offline
Mozi,http[:]//112[.]246[.]93[.]6[:]52379/bin[.]sh,offline
Mozi,http[:]//219[.]156[.]62[.]20[:]53616/bin[.]sh,offline
mirai,http[:]//154[.]223[.]128[.]222[:]47477/i,offline
Mozi,http[:]//42[.]224[.]195[.]187[:]53803/i,offline
Mozi,http[:]//115[.]63[.]48[.]241[:]55931/i,offline
mirai,http[:]//210[.]208[.]110[.]51[:]53225/i,online
Mozi,http[:]//123[.]235[.]221[.]103[:]59423/i,offline
,http[:]//175[.]165[.]84[.]96[:]41317/i,offline
mirai,http[:]//196[.]189[.]96[.]59[:]43956/i,offline
Mozi,http[:]//115[.]63[.]48[.]241[:]55931/bin[.]sh,offline
,http[:]//60[.]22[.]193[.]120[:]43235/bin[.]sh,online
mirai,http[:]//101[.]108[.]243[.]3[:]34045/i,offline
mirai,http[:]//39[.]75[.]161[.]67[:]49209/i,offline
mirai,http[:]//112[.]85[.]183[.]82[:]38907/i,online
mirai,http[:]//210[.]208[.]110[.]51[:]53225/bin[.]sh,online
"32-bit,elf,mips,Mozi",http[:]//42[.]224[.]99[.]15[:]37540/i,offline
Mozi,http[:]//182[.]126[.]249[.]231[:]50800/i,offline
Mozi,http[:]//222[.]137[.]86[.]50[:]33363/bin[.]sh,offline
,http[:]//113[.]236[.]91[.]67[:]33322/bin[.]sh,offline
,http[:]//175[.]165[.]84[.]96[:]41317/bin[.]sh,offline
"32-bit,arm,elf,mirai,Mozi",http[:]//110[.]186[.]229[.]48[:]52598/bin[.]sh,offline
Mozi,http[:]//123[.]129[.]131[.]53[:]59525/bin[.]sh,offline
mirai,http[:]//101[.]108[.]243[.]3[:]34045/bin[.]sh,offline
Mozi,http[:]//115[.]55[.]206[.]31[:]42500/bin[.]sh,offline
,http[:]//123[.]190[.]231[.]92[:]41367/bin[.]sh,offline
Mozi,http[:]//115[.]56[.]170[.]234[:]39575/i,offline
,http[:]//186[.]227[.]246[.]231[:]32778/i,online
Mozi,http[:]//123[.]14[.]233[.]18[:]37853/bin[.]sh,offline
Mozi,http[:]//120[.]57[.]126[.]39[:]34689/i,offline
"32-bit,elf,mips,Mozi",http[:]//42[.]224[.]99[.]15[:]37540/bin[.]sh,offline
Mozi,http[:]//120[.]57[.]126[.]39[:]34689/bin[.]sh,offline
Mozi,http[:]//115[.]56[.]170[.]234[:]39575/bin[.]sh,offline
Mozi,http[:]//27[.]215[.]213[.]36[:]50410/bin[.]sh,offline
Mozi,http[:]//115[.]56[.]147[.]94[:]43581/bin[.]sh,offline
Mozi,http[:]//59[.]96[.]137[.]36[:]43429/i,offline
,http[:]//186[.]227[.]246[.]231[:]32778/bin[.]sh,online
Mozi,http[:]//103[.]179[.]240[.]227[:]53429/i,online
Mozi,http[:]//115[.]49[.]64[.]119[:]42124/i,offline
,http[:]//220[.]198[.]114[.]55[:]36304/i,offline
,http[:]//91[.]190[.]84[.]93[:]17073/bin[.]sh,online
mirai,http[:]//120[.]28[.]214[.]81[:]39733/i,offline
"32-bit,arm,elf,mirai,Mozi",http[:]//60[.]217[.]161[.]244[:]51953/i,online
,http[:]//60[.]18[.]81[.]22[:]51916/bin[.]sh,offline
,http[:]//120[.]84[.]213[.]191[:]34870/i,offline
mirai,http[:]//115[.]197[.]88[.]233[:]35565/i,offline
Mozi,http[:]//115[.]49[.]64[.]119[:]42124/bin[.]sh,offline
Mozi,http[:]//42[.]238[.]165[.]250[:]36611/i,online
mirai,http[:]//196[.]191[.]137[.]44[:]37502/i,offline
Mozi,http[:]//115[.]55[.]135[.]125[:]34127/bin[.]sh,offline
,http[:]//42[.]52[.]127[.]223[:]39285/i,offline
"32-bit,elf,mips,Mozi",http[:]//42[.]239[.]189[.]219[:]55744/i,offline
Mozi,http[:]//115[.]57[.]212[.]234[:]36436/i,offline
Mozi,http[:]//103[.]31[.]103[.]204[:]33569/bin[.]sh,offline
"32-bit,arm,elf,mirai,Mozi",http[:]//60[.]217[.]161[.]244[:]51953/bin[.]sh,online
Mozi,http[:]//182[.]127[.]2[.]99[:]43292/bin[.]sh,offline
Mozi,http[:]//182[.]120[.]87[.]102[:]46312/bin[.]sh,offline
Mozi,http[:]//103[.]179[.]240[.]227[:]53429/bin[.]sh,online
Mozi,http[:]//112[.]229[.]200[.]157[:]60242/i,online
"32-bit,elf,mips,Mozi",http[:]//113[.]168[.]88[.]3[:]33032/i,offline
mirai,http[:]//36[.]88[.]164[.]82[:]58641/i,offline
mirai,http[:]//120[.]28[.]200[.]110[:]42645/i,offline
mirai,http[:]//116[.]10[.]133[.]107[:]48435/i,online
"32-bit,elf,mips,Mozi",http[:]//123[.]11[.]13[.]174[:]40278/i,online
Mozi,http[:]//115[.]57[.]212[.]234[:]36436/bin[.]sh,offline
,http[:]//115[.]49[.]1[.]239[:]53065/bin[.]sh,offline
,http[:]//182[.]127[.]28[.]116[:]57712/i,offline
Mozi,http[:]//72[.]255[.]35[.]143[:]55827/bin[.]sh,offline
mirai,http[:]//36[.]88[.]164[.]82[:]58641/bin[.]sh,offline
mirai,http[:]//200[.]115[.]102[.]16[:]54505/i,offline
mirai,http[:]//101[.]29[.]42[.]96[:]32976/bin[.]sh,online
mirai,http[:]//45[.]186[.]52[.]25[:]51848/i,offline
,http[:]//222[.]141[.]122[.]254[:]34413/i,offline
Mozi,http[:]//61[.]52[.]2[.]173[:]38510/bin[.]sh,offline
"32-bit,elf,mips,Mozi",http[:]//123[.]11[.]13[.]174[:]40278/bin[.]sh,online
mirai,http[:]//58[.]245[.]6[.]124[:]35667/i,online
mirai,http[:]//116[.]10[.]133[.]107[:]48435/bin[.]sh,online
Mozi,http[:]//182[.]120[.]96[.]145[:]47417/i,offline
,http[:]//182[.]127[.]28[.]116[:]57712/bin[.]sh,offline
Mozi,http[:]//42[.]234[.]161[.]34[:]58947/bin[.]sh,offline
Mozi,http[:]//59[.]180[.]156[.]72[:]47308/i,offline
mirai,http[:]//120[.]28[.]214[.]81[:]39733/bin[.]sh,offline
mirai,http[:]//222[.]127[.]71[.]33[:]34522/i,online
Mozi,http[:]//182[.]119[.]165[.]88[:]57699/bin[.]sh,offline
,http[:]//182[.]126[.]121[.]157[:]52960/bin[.]sh,offline
,http[:]//42[.]85[.]205[.]103[:]55293/i,offline
,http[:]//115[.]48[.]246[.]12[:]34621/i,offline
,http[:]//120[.]84[.]212[.]26[:]47174/i,offline
Mozi,http[:]//42[.]235[.]74[.]186[:]52251/i,offline
,http[:]//27[.]44[.]146[.]245[:]57988/i,offline
,http[:]//115[.]49[.]1[.]239[:]53065/i,offline
,http[:]//222[.]141[.]122[.]254[:]34413/bin[.]sh,offline
Mozi,http[:]//182[.]120[.]96[.]145[:]47417/bin[.]sh,offline
,http[:]//42[.]57[.]184[.]123[:]51793/i,online
Mozi,http[:]//39[.]74[.]51[.]175[:]52136/i,offline
mirai,http[:]//200[.]115[.]102[.]2[:]50521/i,offline
"32-bit,elf,mips,Mozi",http[:]//59[.]180[.]158[.]50[:]55956/i,offline
,http[:]//175[.]165[.]199[.]185[:]51509/i,offline
Mozi,http[:]//115[.]59[.]56[.]161[:]55624/i,offline
mirai,http[:]//200[.]115[.]102[.]2[:]50521/bin[.]sh,offline
,http[:]//125[.]46[.]212[.]61[:]45094/bin[.]sh,offline
Mozi,http[:]//115[.]56[.]57[.]69[:]53822/i,offline
Mozi,http[:]//42[.]225[.]205[.]54[:]37382/i,offline
"32-bit,elf,mips,Mozi",http[:]//111[.]88[.]7[.]48[:]49020/bin[.]sh,offline
,http[:]//39[.]165[.]226[.]62[:]37712/i,offline
Mozi,http[:]//115[.]50[.]202[.]112[:]39399/bin[.]sh,offline
Mozi,http[:]//42[.]234[.]71[.]99[:]52268/bin[.]sh,offline
mirai,http[:]//122[.]6[.]78[.]177[:]36783/i,online
mirai,http[:]//185[.]9[.]139[.]117[:]50066/i,offline
,http[:]//119[.]117[.]170[.]146[:]38561/i,online
mirai,http[:]//122[.]6[.]78[.]177[:]36783/bin[.]sh,online
,http[:]//39[.]165[.]226[.]62[:]37712/bin[.]sh,offline
Mozi,http[:]//123[.]5[.]125[.]108[:]55666/bin[.]sh,offline
Mozi,http[:]//115[.]48[.]26[.]243[:]59225/bin[.]sh,offline
Mozi,http[:]//42[.]225[.]205[.]54[:]37382/bin[.]sh,offline
,http[:]//113[.]237[.]53[.]238[:]53908/i,online
,http[:]//60[.]19[.]241[.]32[:]44019/bin[.]sh,offline
Mozi,http[:]//115[.]56[.]57[.]69[:]53822/bin[.]sh,offline
Mozi,http[:]//125[.]41[.]218[.]236[:]55874/i,offline
mirai,http[:]//170[.]238[.]123[.]134[:]54929/i,offline
Mozi,http[:]//42[.]224[.]96[.]195[:]54809/i,offline
Mozi,http[:]//59[.]180[.]134[.]0[:]38357/i,offline
Mozi,http[:]//31[.]180[.]174[.]148[:]54401/i,offline
mirai,http[:]//180[.]191[.]16[.]24[:]58956/i,online
Mozi,http[:]//39[.]74[.]51[.]175[:]52136/bin[.]sh,offline
Mozi,http[:]//39[.]71[.]202[.]105[:]54578/i,offline
mirai,http[:]//45[.]224[.]83[.]130[:]36790/i,offline
Mozi,http[:]//59[.]89[.]75[.]144[:]49934/i,offline
mirai,http[:]//36[.]69[.]72[.]176[:]47958/bin[.]sh,offline
Mozi,http[:]//115[.]50[.]219[.]106[:]51247/i,offline
Mozi,http[:]//222[.]137[.]0[.]101[:]51078/bin[.]sh,offline
Mozi,http[:]//72[.]255[.]35[.]143[:]55827/i,offline
,http[:]//175[.]147[.]247[.]76[:]43930/i,offline
mirai,http[:]//90[.]228[.]231[.]169[:]38579/i,online
Mozi,http[:]//78[.]38[.]120[.]12[:]42324/i,offline
,http[:]//175[.]165[.]83[.]23[:]39982/i,offline
,http[:]//175[.]147[.]91[.]231[:]53977/i,offline
Mozi,http[:]//115[.]50[.]219[.]106[:]51247/bin[.]sh,offline
,http[:]//27[.]44[.]145[.]91[:]42447/i,online
mirai,http[:]//175[.]43[.]179[.]169[:]40335/i,offline
Mozi,http[:]//61[.]52[.]2[.]173[:]38510/i,offline
,http[:]//123[.]190[.]231[.]92[:]41367/i,online
,http[:]//27[.]44[.]145[.]153[:]53273/bin[.]sh,offline
,http[:]//91[.]190[.]84[.]93[:]17073/i,online
Mozi,http[:]//78[.]188[.]196[.]206[:]60122/i,online
Mozi,http[:]//27[.]207[.]222[.]65[:]49073/i,offline
mirai,http[:]//196[.]189[.]197[.]131[:]51630/bin[.]sh,offline
,http[:]//5[.]26[.]195[.]93[:]54001/i,offline
mirai,http[:]//45[.]177[.]33[.]169[:]57035/i,online
Mozi,http[:]//42[.]237[.]53[.]133[:]53645/i,offline
mirai,http[:]//45[.]183[.]184[.]74[:]54667/i,online
mirai,http[:]//222[.]127[.]154[.]221[:]58071/i,online
mirai,http[:]//120[.]28[.]81[.]136[:]50549/i,offline
Mozi,http[:]//182[.]127[.]85[.]10[:]51313/bin[.]sh,offline
,http[:]//27[.]44[.]147[.]16[:]47183/i,offline
"32-bit,arm,elf,mirai,Mozi",http[:]//193[.]93[.]228[.]160[:]54745/i,offline
,http[:]//42[.]227[.]134[.]205[:]43058/i,offline
mirai,http[:]//58[.]47[.]109[.]95[:]42894/i,offline
,http[:]//42[.]57[.]6[.]73[:]44269/i,online
mirai,http[:]//175[.]30[.]72[.]37[:]44458/i,offline
,http[:]//42[.]178[.]11[.]131[:]37911/i,online
Mozi,http[:]//182[.]117[.]163[.]171[:]58889/i,online
Mozi,http[:]//42[.]234[.]71[.]99[:]52268/i,offline
mirai,http[:]//42[.]4[.]209[.]168[:]58465/i,offline
mirai,http[:]//42[.]238[.]205[.]161[:]47722/i,offline
Mozi,http[:]//59[.]96[.]138[.]33[:]48538/i,offline
,http[:]//42[.]233[.]163[.]234[:]53805/i,offline
Mozi,http[:]//42[.]232[.]101[.]165[:]41839/i,offline
Mozi,http[:]//42[.]234[.]161[.]34[:]58947/i,offline
mirai,http[:]//45[.]186[.]52[.]27[:]44370/i,offline
mirai,http[:]//105[.]184[.]34[.]106[:]48313/i,offline
mirai,http[:]//59[.]61[.]211[.]252[:]39093/i,offline
mirai,http[:]//119[.]179[.]30[.]73[:]56779/i,online
,http[:]//5[.]59[.]107[.]34[:]56712/i,online
Mozi,http[:]//182[.]112[.]96[.]98[:]38790/bin[.]sh,offline
"32-bit,elf,mips,Mozi",http[:]//105[.]97[.]186[.]183[:]56235/i,offline
mirai,http[:]//36[.]69[.]72[.]176[:]47958/i,offline
mirai,http[:]//216[.]126[.]86[.]79[:]33077/i,offline
mirai,http[:]//216[.]126[.]81[.]224[:]57441/i,offline
mirai,http[:]//182[.]46[.]17[.]53[:]36288/i,offline
mirai,http[:]//190[.]109[.]228[.]97[:]60975/i,offline
mirai,http[:]//120[.]28[.]200[.]193[:]34089/bin[.]sh,online
,http[:]//222[.]136[.]141[.]205[:]57628/i,offline
,http[:]//196[.]189[.]68[.]239[:]43472/i,offline
,http[:]//196[.]189[.]197[.]131[:]51630/i,offline
mirai,http[:]//210[.]208[.]116[.]107[:]52116/i,online
mirai,http[:]//220[.]184[.]231[.]120[:]51207/i,offline
Mozi,http[:]//222[.]137[.]86[.]50[:]33363/i,offline
Mozi,http[:]//219[.]156[.]62[.]20[:]53616/i,offline
Mozi,http[:]//222[.]137[.]210[.]190[:]41896/i,offline
,http[:]//182[.]126[.]121[.]157[:]52960/i,offline
Mozi,http[:]//182[.]127[.]114[.]224[:]60574/i,offline
Mozi,http[:]//182[.]127[.]85[.]10[:]51313/i,offline
mirai,http[:]//210[.]208[.]104[.]156[:]45311/i,online
mirai,http[:]//210[.]208[.]111[.]26[:]49158/i,online
mirai,http[:]//210[.]208[.]110[.]172[:]35581/i,online
,http[:]//120[.]84[.]214[.]95[:]45713/i,online
mirai,http[:]//125[.]65[.]147[.]71[:]55363/i,offline
mirai,http[:]//103[.]44[.]136[.]115[:]36989/bin[.]sh,offline
mirai,http[:]//210[.]208[.]110[.]20[:]57154/i,online
Mozi,http[:]//182[.]183[.]145[.]184[:]53147/i,offline
mirai,http[:]//39[.]74[.]153[.]192[:]33615/i,online
mirai,http[:]//36[.]97[.]200[.]35[:]34241/i,online
Mozi,http[:]//39[.]61[.]17[.]138[:]37933/i,offline
Mozi,http[:]//182[.]126[.]107[.]103[:]37256/i,online
mirai,http[:]//130[.]12[.]209[.]132[:]57148/i,offline
Mozi,http[:]//219[.]155[.]192[.]71[:]37541/i,offline
Mozi,http[:]//115[.]55[.]252[.]148[:]58187/bin[.]sh,offline
Mozi,http[:]//124[.]132[.]131[.]179[:]60168/i,offline
,http[:]//108[.]170[.]136[.]155[:]56309/i,offline
Mozi,http[:]//182[.]127[.]2[.]99[:]43292/i,offline
mirai,http[:]//185[.]216[.]192[.]119[:]55131/i,online
"32-bit,arm,elf,mirai,Mozi",http[:]//210[.]208[.]116[.]107[:]52116/bin[.]sh,online
"32-bit,arm,elf,mirai,Mozi",http[:]//193[.]93[.]228[.]160[:]54745/bin[.]sh,offline
mirai,http[:]//123[.]133[.]168[.]8[:]38918/i,online
,http[:]//175[.]148[.]158[.]160[:]37841/i,offline
Mozi,http[:]//182[.]112[.]96[.]98[:]38790/i,offline
mirai,http[:]//124[.]66[.]96[.]86[:]52535/i,offline
Mozi,http[:]//175[.]43[.]150[.]68[:]40810/i,offline
Mozi,http[:]//123[.]13[.]72[.]225[:]47075/i,offline
Mozi,http[:]//182[.]113[.]45[.]165[:]60859/i,offline
Mozi,http[:]//182[.]120[.]87[.]102[:]46312/i,offline
mirai,http[:]//125[.]40[.]86[.]231[:]41619/i,offline
mirai,http[:]//182[.]122[.]104[.]202[:]43545/i,offline
mirai,http[:]//125[.]65[.]147[.]71[:]55363/bin[.]sh,offline
,http[:]//175[.]175[.]206[.]63[:]34621/i,online
Mozi,http[:]//123[.]5[.]125[.]108[:]55666/i,offline
Mozi,http[:]//123[.]5[.]135[.]207[:]33345/i,offline
mirai,http[:]//121[.]226[.]176[.]156[:]57119/i,online
Mozi,http[:]//123[.]11[.]0[.]62[:]60035/i,offline
Mozi,http[:]//182[.]119[.]165[.]88[:]57699/i,offline
Mozi,http[:]//124[.]132[.]131[.]179[:]60168/bin[.]sh,offline
mirai,http[:]//175[.]31[.]228[.]93[:]40355/i,offline
,http[:]//123[.]8[.]6[.]62[:]46742/i,offline
mirai,http[:]//138[.]255[.]178[.]214[:]44866/i,offline
Mozi,http[:]//123[.]129[.]131[.]53[:]59525/i,offline
mirai,http[:]//181[.]174[.]231[.]21[:]59799/i,offline
Mozi,http[:]//125[.]44[.]179[.]215[:]59017/i,offline
Mozi,http[:]//123[.]14[.]233[.]18[:]37853/i,offline
,http[:]//120[.]84[.]213[.]110[:]47174/i,offline
mirai,http[:]//120[.]28[.]200[.]193[:]34089/i,online
mirai,http[:]//130[.]12[.]209[.]132[:]57148/bin[.]sh,offline
"32-bit,elf,mips,Mozi",http[:]//105[.]97[.]186[.]183[:]56235/bin[.]sh,offline
Mozi,http[:]//115[.]63[.]244[.]135[:]51692/i,offline
Mozi,http[:]//117[.]199[.]74[.]85[:]39713/i,offline
Mozi,http[:]//112[.]240[.]248[.]53[:]49288/i,offline
mirai,http[:]//112[.]226[.]190[.]89[:]54305/i,offline
Mozi,http[:]//112[.]229[.]200[.]157[:]60242/bin[.]sh,online
Mozi,http[:]//112[.]248[.]102[.]140[:]53028/i,online
mirai,http[:]//106[.]58[.]23[.]118[:]44145/i,offline
mirai,http[:]//120[.]28[.]135[.]4[:]43205/i,online
mirai,http[:]//116[.]209[.]167[.]64[:]51681/i,online
Mozi,http[:]//115[.]50[.]202[.]112[:]39399/i,offline
Mozi,http[:]//115[.]54[.]127[.]53[:]58928/i,offline
Mozi,http[:]//115[.]48[.]149[.]116[:]37345/i,offline
Mozi,http[:]//115[.]48[.]26[.]243[:]59225/i,offline
Mozi,http[:]//115[.]63[.]10[.]12[:]59511/i,offline
Mozi,http[:]//115[.]55[.]252[.]148[:]58187/i,offline
mirai,http[:]//101[.]108[.]12[.]162[:]60608/i,offline
,http[:]//115[.]55[.]198[.]28[:]53676/i,offline
,http[:]//116[.]241[.]119[.]92[:]40329/i,offline
,http[:]//115[.]63[.]8[.]174[:]49632/i,offline
Mozi,http[:]//115[.]56[.]58[.]72[:]45576/i,offline
,http[:]//115[.]49[.]29[.]148[:]46120/i,offline
,http[:]//115[.]201[.]195[.]91[:]14081/i,online
,http[:]//113[.]236[.]91[.]67[:]33322/i,offline
Mozi,http[:]//115[.]55[.]135[.]125[:]34127/i,offline
Mozi,http[:]//115[.]55[.]252[.]140[:]35091/i,offline
Mozi,http[:]//115[.]56[.]147[.]94[:]43581/i,offline
Mozi,http[:]//115[.]49[.]88[.]54[:]36589/i,offline
Mozi,http[:]//115[.]63[.]244[.]135[:]51692/bin[.]sh,offline
mirai,http[:]//110[.]136[.]59[.]186[:]50528/i,offline
mirai,http[:]//112[.]198[.]178[.]139[:]56251/i,online
mirai,http[:]//103[.]44[.]136[.]115[:]36989/i,offline
Mozi,http[:]//115[.]55[.]206[.]31[:]42500/i,offline
mirai,http[:]//112[.]198[.]195[.]40[:]54757/i,offline
mirai,http[:]//115[.]61[.]107[.]220[:]57147/i,offline
Mozi,http[:]//117[.]211[.]210[.]41[:]38352/i,offline
,http[:]//113[.]238[.]123[.]51[:]39725/i,online
,http[:]//119[.]114[.]134[.]90[:]38248/i,online
mirai,http[:]//119[.]113[.]140[.]61[:]50390/i,offline
,http[:]//108[.]170[.]136[.]155[:]56309/bin[.]sh,offline
,http[:]//115[.]49[.]73[.]158[:]58637/i,offline
Mozi,http[:]//111[.]88[.]7[.]48[:]49020/i,offline
mirai,http[:]//112[.]198[.]130[.]140[:]33028/i,online
mirai,http[:]//39[.]76[.]18[.]12[:]54733/i,online
"32-bit,elf,mips,Mozi",http[:]//222[.]137[.]183[.]36[:]39119/i,offline
"32-bit,elf,mips,Mozi",http[:]//123[.]12[.]23[.]87[:]58478/i,offline
"elf,ua-wget",http[:]//91[.]92[.]47[.]62/hiddenbin/Space[.]mpsl,offline
"elf,mirai,ua-wget",http[:]//91[.]92[.]47[.]62/hiddenbin/Space[.]arm7,offline
"elf,mirai,ua-wget",http[:]//91[.]92[.]47[.]62/hiddenbin/Space[.]arm5,offline
"elf,mirai,ua-wget",http[:]//91[.]92[.]47[.]62/hiddenbin/Space[.]arm6,offline
"elf,mirai,ua-wget",http[:]//91[.]92[.]47[.]62/hiddenbin/Space[.]x86_64,offline
"elf,mirai,ua-wget",http[:]//91[.]92[.]47[.]62/hiddenbin/Space[.]sh4,offline
"elf,mirai,ua-wget",http[:]//91[.]92[.]47[.]62/hiddenbin/Space[.]x86,offline
"elf,mirai,ua-wget",http[:]//91[.]92[.]47[.]62/hiddenbin/Space[.]arm,offline
"elf,mirai,ua-wget",http[:]//91[.]92[.]47[.]62/hiddenbin/Space[.]m68k,offline
"elf,mirai,ua-wget",http[:]//91[.]92[.]47[.]62/hiddenbin/Space[.]spc,offline
"elf,mirai,ua-wget",http[:]//91[.]92[.]47[.]62/hiddenbin/Space[.]mips,offline
"elf,mirai,ua-wget",http[:]//91[.]92[.]47[.]62/hiddenbin/Space[.]arc,offline
"elf,mirai,ua-wget",http[:]//45[.]198[.]224[.]168/arm5,online
"32-bit,elf,mips,Mozi",http[:]//182[.]127[.]177[.]24[:]45378/bin[.]sh,offline
"32-bit,elf,mips,Mozi",http[:]//219[.]157[.]169[.]81[:]37674/bin[.]sh,offline
Mozi,http[:]//27[.]215[.]213[.]36[:]50410/i,offline
"32-bit,elf,mips,Mozi",http[:]//222[.]137[.]183[.]36[:]39119/bin[.]sh,offline
"32-bit,elf,mips,Mozi",http[:]//182[.]126[.]92[.]132[:]36343/bin[.]sh,offline
"32-bit,elf,mips,Mozi",http[:]//61[.]163[.]128[.]231[:]59913/i,offline
"32-bit,arm,elf,mirai,Mozi",http[:]//36[.]70[.]71[.]115[:]57852/i,online
"32-bit,elf,mips,Mozi",http[:]//115[.]49[.]78[.]195[:]33615/i,offline
"32-bit,elf,mips,Mozi",http[:]//61[.]163[.]128[.]231[:]59913/bin[.]sh,offline
mirai,http[:]//105[.]186[.]237[.]19[:]51459/i,offline
"32-bit,arm,elf,mirai,Mozi",http[:]//216[.]249[.]4[.]20[:]51077/i,online
"32-bit,elf,mips,Mozi",http[:]//115[.]49[.]78[.]195[:]33615/bin[.]sh,offline
"32-bit,elf,mips,Mozi",http[:]//219[.]155[.]80[.]145[:]45473/bin[.]sh,offline
"32-bit,arm,elf,mirai,Mozi",http[:]//175[.]107[.]209[.]245[:]36715/i,offline
mirai,http[:]//170[.]238[.]123[.]66[:]37609/bin[.]sh,offline
"32-bit,arm,elf,mirai,Mozi",http[:]//175[.]107[.]209[.]245[:]36715/bin[.]sh,offline
"32-bit,elf,mips,Mozi",http[:]//182[.]113[.]232[.]150[:]44550/i,offline
"32-bit,elf,mips,Mozi",http[:]//182[.]113[.]232[.]150[:]44550/bin[.]sh,offline
"32-bit,arm,elf,mirai,Mozi",http[:]//105[.]225[.]38[.]104[:]36717/i,offline
"32-bit,elf,mips,Mozi",http[:]//109[.]235[.]7[.]1[:]52247/i,offline
"32-bit,elf,mips,Mozi",http[:]//123[.]7[.]227[.]121[:]32852/i,offline
"32-bit,elf,mips,Mozi",http[:]//222[.]140[.]183[.]43[:]37860/i,offline
"32-bit,arm,elf,mirai,Mozi",http[:]//115[.]58[.]182[.]123[:]33235/i,offline
"32-bit,elf,mips,Mozi",http[:]//175[.]165[.]67[.]92[:]58588/bin[.]sh,online
"32-bit,elf,mips,Mozi",http[:]//109[.]235[.]7[.]1[:]52247/bin[.]sh,offline
"32-bit,elf,mips,Mozi",http[:]//222[.]140[.]183[.]43[:]37860/bin[.]sh,offline
"32-bit,arm,elf,mirai,Mozi",http[:]//115[.]58[.]182[.]123[:]33235/bin[.]sh,offline
"32-bit,elf,mips,Mozi",http[:]//221[.]14[.]42[.]14[:]50409/i,offline
"32-bit,elf,mips,Mozi",http[:]//221[.]14[.]42[.]14[:]50409/bin[.]sh,offline
"32-bit,arm,elf,mirai,Mozi",http[:]//115[.]201[.]178[.]194[:]49349/i,offline
"32-bit,elf,mips,Mozi",http[:]//125[.]43[.]55[.]180[:]47598/i,offline
"32-bit,arm,elf,mirai,Mozi",http[:]//115[.]201[.]178[.]194[:]49349/bin[.]sh,offline
"32-bit,arm,elf,mirai,Mozi",http[:]//105[.]225[.]38[.]104[:]36717/bin[.]sh,offline
"32-bit,arm,elf,mirai,Mozi",http[:]//79[.]106[.]74[.]167[:]39800/i,online
"32-bit,elf,mips,Mozi",http[:]//153[.]117[.]53[.]24[:]52050/i,offline
"32-bit,elf,mips,Mozi",http[:]//202[.]1[.]26[.]70[:]36175/i,offline
"32-bit,elf,mips,Mozi",http[:]//103[.]31[.]103[.]204[:]33569/i,offline
"32-bit,arm,elf,mirai,Mozi",http[:]//79[.]106[.]74[.]167[:]39800/bin[.]sh,online
"32-bit,arm,elf,mirai,Mozi",http[:]//45[.]172[.]218[.]181[:]43568/bin[.]sh,offline
"d52f85,dropped-by-amadey",http[:]//62[.]60[.]226[.]140/files/7782139129/R0AQKpA[.]exe,offline
"32-bit,elf,mips,Mozi",http[:]//219[.]157[.]169[.]81[:]37674/i,offline
"32-bit,elf,mips,Mozi",http[:]//115[.]63[.]191[.]0[:]36990/i,online
"32-bit,elf,mips,Mozi",http[:]//221[.]14[.]41[.]45[:]45400/i,offline
"elf,ua-wget",http[:]//176[.]65[.]139[.]159/bins/sh4,offline
"elf,mirai,ua-wget",http[:]//176[.]65[.]139[.]158/bins/sh4,online
"32-bit,arm,elf,mirai,Mozi",http[:]//103[.]249[.]199[.]5[:]48329/i,offline
,http[:]//196[.]189[.]101[.]82[:]37162/i,offline
"32-bit,elf,mips,Mozi",http[:]//39[.]187[.]82[.]244[:]51804/i,online
"32-bit,arm,elf,mirai,Mozi",http[:]//210[.]208[.]111[.]100[:]40959/i,offline
"32-bit,elf,mips,Mozi",http[:]//182[.]116[.]14[.]210[:]59116/i,offline
"32-bit,elf,mips,Mozi",http[:]//39[.]187[.]82[.]244[:]51804/bin[.]sh,online
Tsunami,http[:]//45[.]198[.]224[.]184/nix,offline
"ActiveMQ,mirai,shell-script",http[:]//176[.]65[.]139[.]206/1[.]sh,online
"redis,shell-script",http[:]//217[.]217[.]233[.]97[:]8080/run[.]sh,offline
"redis,shell-script",http[:]//217[.]217[.]233[.]97[:]8081/run[.]sh,offline
mirai,http[:]//196[.]189[.]101[.]82[:]37162/bin[.]sh,offline
"32-bit,arm,elf,mirai,Mozi",http[:]//210[.]208[.]111[.]100[:]40959/bin[.]sh,online
"32-bit,arm,elf,mirai,Mozi",http[:]//105[.]184[.]49[.]141[:]60075/i,offline
"32-bit,elf,mips,Mozi",http[:]//182[.]116[.]9[.]67[:]57224/i,offline
"32-bit,elf,mips,Mozi",http[:]//175[.]149[.]147[.]241[:]47690/i,online
"32-bit,elf,mips,Mozi",http[:]//42[.]52[.]117[.]73[:]41846/i,online
"32-bit,arm,elf,mirai,Mozi",http[:]//105[.]184[.]49[.]141[:]60075/bin[.]sh,offline
"32-bit,elf,mips,Mozi",http[:]//182[.]116[.]9[.]67[:]57224/bin[.]sh,offline
,http[:]//125[.]46[.]212[.]61[:]45094/i,offline
"32-bit,elf,mips,Mozi",http[:]//42[.]52[.]117[.]73[:]41846/bin[.]sh,online
"32-bit,elf,mips,Mozi",http[:]//175[.]149[.]147[.]241[:]47690/bin[.]sh,online
"32-bit,elf,mips,Mozi",http[:]//222[.]138[.]178[.]140[:]58897/i,offline
"32-bit,elf,mips,Mozi",http[:]//222[.]138[.]178[.]140[:]58897/bin[.]sh,offline
".jar malware,hypixel,minecraft,trojan,trv",https[:]//skymoders[.]top/taunahi/TaunahiAutoPatch-b6-fabric[.]jar,offline
mirai,http[:]//89[.]106[.]83[.]171/bins/arm,offline
mirai,http[:]//89[.]106[.]83[.]171/bins/spc,offline
"elf,iot,mirai,Mozi",http[:]//171[.]113[.]233[.]133[:]60943/Mozi[.]m,offline
".jar malware,minecraft,trojan,trv",https[:]//opsecmod[.]st/Opsec-Mod-Fabric-26[.]2[.]jar,online
vbs,https[:]//zhostz[.]com/work/invitation_viewer[.]vbs,offline
".jar malware,minecraft,trojan,trv",https[:]//prestigeclient[.]st/PrestigeLoader-1[.]21[.]11-v1[.]5[.]5[.]jar,online
,http[:]//46[.]247[.]108[.]225/bins[.]sh,offline
mirai,http[:]//46[.]247[.]108[.]225/release/x86_64,offline
mirai,http[:]//89[.]106[.]83[.]171/bins/arm5,offline
malware,http[:]//Cn[.]devglobal[.]biz/bins[.]sh,offline
mirai,http[:]//89[.]106[.]83[.]171/bins/dbg,offline
mirai,http[:]//89[.]106[.]83[.]171/bins/sh4,offline
".jar malware,minecraft,trojan,trv",https[:]//prestigeclient[.]st/PrestigeLoader-26[.]2[.]jar,online
"redis,shell-script",http[:]//217[.]217[.]233[.]97/go[.]sh,offline
,http[:]//46[.]247[.]108[.]225/release/x86,offline
".jar malware,hypixel,minecraft,trojan,trv",https[:]//taunahi[.]client[.]farm/downloads/TaunahiAutoPatch-b7-fabric[.]jar,offline
"c2-monitor-auto,dropped-by-amadey",http[:]//91[.]92[.]242[.]236/files-129312398/files/file_4b1a3121a1c2313a[.]exe,offline
"32-bit,elf,mips,Mozi",http[:]//61[.]137[.]132[.]225[:]57134/i,offline
"32-bit,elf,mips,Mozi",http[:]//27[.]44[.]145[.]119[:]59517/i,offline
"32-bit,elf,mips,Mozi",http[:]//175[.]165[.]127[.]72[:]38307/i,offline
"32-bit,elf,mips,Mozi",http[:]//125[.]46[.]199[.]247[:]59883/i,offline
,http[:]//182[.]121[.]10[.]111[:]46701/bin[.]sh,offline
"32-bit,elf,mips,Mozi",http[:]//182[.]126[.]127[.]64[:]57634/i,offline
"32-bit,elf,mips,Mozi",http[:]//125[.]46[.]199[.]247[:]59883/bin[.]sh,offline
"32-bit,elf,mips,Mozi",http[:]//175[.]165[.]127[.]72[:]38307/bin[.]sh,offline
"32-bit,arm,elf,mirai,Mozi",http[:]//210[.]208[.]110[.]21[:]59565/i,online
"32-bit,arm,elf,mirai,Mozi",http[:]//61[.]52[.]45[.]235[:]56991/i,offline
"32-bit,elf,mips,Mozi",http[:]//182[.]126[.]103[.]176[:]51069/bin[.]sh,offline
"32-bit,arm,elf,mirai,Mozi",http[:]//210[.]208[.]110[.]21[:]59565/bin[.]sh,online
Mozi,http[:]//42[.]239[.]240[.]176[:]56878/i,offline
"32-bit,elf,mips,Mozi",http[:]//115[.]55[.]7[.]153[:]58478/i,offline
"32-bit,arm,elf,mirai,Mozi",http[:]//49[.]64[.]157[.]52[:]54375/i,online
"32-bit,arm,elf,mirai,Mozi",http[:]//61[.]52[.]45[.]235[:]56991/bin[.]sh,offline
,http[:]//182[.]121[.]10[.]111[:]46701/i,offline
"32-bit,arm,elf,mirai,Mozi",http[:]//49[.]64[.]157[.]52[:]54375/bin[.]sh,online
"32-bit,elf,mips,Mozi",http[:]//42[.]237[.]42[.]250[:]35356/i,offline
"32-bit,elf,mips,Mozi",http[:]//42[.]235[.]55[.]246[:]45541/i,offline
"32-bit,elf,mips,Mozi",http[:]//182[.]121[.]151[.]11[:]55414/i,offline
"32-bit,arm,elf,mirai,Mozi",http[:]//114[.]227[.]157[.]16[:]40173/i,offline
"elf,mirai,ua-wget",http[:]//45[.]135[.]193[.]63/ppc,online
"elf,mirai,ua-wget",http[:]//45[.]135[.]193[.]63/mipsel,online
"elf,mirai,ua-wget",http[:]//176[.]65[.]139[.]159/bins/arm6,offline
"elf,mirai,ua-wget",http[:]//176[.]65[.]139[.]159/bins/arm5,offline
"elf,mirai,ua-wget",http[:]//176[.]65[.]139[.]206/hiddenbin/Space[.]ppc,online
"9d2ca3,dropped-by-amadey",http[:]//91[.]92[.]242[.]236/files-129312398/files/file_947499ad823f1270[.]exe,offline
"32-bit,elf,mips,Mozi",http[:]//42[.]235[.]55[.]246[:]45541/bin[.]sh,offline
"32-bit,elf,mips,Mozi",http[:]//39[.]74[.]41[.]168[:]50927/bin[.]sh,offline
"32-bit,arm,elf,mirai,Mozi",http[:]//114[.]227[.]157[.]16[:]40173/bin[.]sh,offline
"32-bit,arm,elf,mirai,Mozi",http[:]//103[.]89[.]37[.]70[:]53361/i,offline
"32-bit,elf,mips,Mozi",http[:]//182[.]127[.]111[.]231[:]55283/i,offline
mirai,http[:]//61[.]174[.]127[.]164[:]57968/bin[.]sh,offline
mirai,http[:]//36[.]69[.]64[.]213[:]55540/i,offline
mirai,http[:]//36[.]69[.]64[.]213[:]55540/bin[.]sh,offline
,http[:]//59[.]96[.]142[.]123[:]49283/i,offline
,http[:]//60[.]23[.]234[.]219[:]49758/i,offline
,http[:]//60[.]23[.]234[.]219[:]49758/bin[.]sh,offline
,http[:]//60[.]22[.]193[.]120[:]43235/i,online
mirai,http[:]//42[.]229[.]202[.]163[:]60965/bin[.]sh,offline
Mozi,http[:]//27[.]207[.]225[.]33[:]55172/bin[.]sh,offline
Mozi,http[:]//39[.]90[.]146[.]181[:]46716/bin[.]sh,offline
Mozi,http[:]//27[.]193[.]137[.]112[:]39196/bin[.]sh,offline
,http[:]//42[.]235[.]50[.]251[:]55920/i,offline
mirai,http[:]//27[.]24[.]40[.]180[:]50081/bin[.]sh,online
Mozi,http[:]//59[.]180[.]150[.]168[:]38357/i,offline
mirai,http[:]//222[.]127[.]48[.]186[:]38333/bin[.]sh,offline
mirai,http[:]//42[.]229[.]202[.]163[:]60965/i,offline
,http[:]//42[.]86[.]128[.]122[:]56479/i,online
,http[:]//46[.]216[.]199[.]241[:]34377/i,offline
,http[:]//27[.]37[.]230[.]128[:]38478/i,offline
,http[:]//27[.]215[.]49[.]114[:]45828/bin[.]sh,offline
mirai,http[:]//61[.]174[.]127[.]164[:]57968/i,offline
,http[:]//27[.]37[.]101[.]200[:]33778/i,online
mirai,http[:]//220[.]161[.]100[.]141[:]59476/i,online
Mozi,http[:]//222[.]139[.]37[.]137[:]41068/i,offline
mirai,http[:]//220[.]161[.]100[.]141[:]59476/bin[.]sh,online
,http[:]//221[.]15[.]15[.]143[:]57049/i,offline
mirai,http[:]//222[.]127[.]154[.]221[:]58071/bin[.]sh,online
mirai,http[:]//87[.]15[.]14[.]11[:]33213/bin[.]sh,offline
,http[:]//42[.]55[.]13[.]214[:]47541/bin[.]sh,online
mirai,http[:]//45[.]171[.]177[.]193[:]39869/bin[.]sh,offline
Mozi,http[:]//42[.]228[.]223[.]88[:]50085/i,offline
mirai,http[:]//45[.]171[.]124[.]23[:]51014/bin[.]sh,offline
Mozi,http[:]//42[.]228[.]33[.]3[:]33646/bin[.]sh,offline
mirai,http[:]//42[.]243[.]138[.]112[:]36995/bin[.]sh,offline
Mozi,http[:]//222[.]137[.]123[.]140[:]41437/i,offline
Mozi,http[:]//39[.]74[.]41[.]168[:]50927/i,offline
,http[:]//42[.]59[.]246[.]176[:]51494/i,online
Mozi,http[:]//219[.]155[.]80[.]145[:]45473/i,offline
,http[:]//46[.]8[.]46[.]114[:]55805/bin[.]sh,online
,http[:]//42[.]86[.]128[.]122[:]56479/bin[.]sh,online
,http[:]//85[.]15[.]92[.]109[:]41040/i,offline
Mozi,http[:]//219[.]154[.]191[.]161[:]45178/bin[.]sh,offline
Mozi,http[:]//39[.]90[.]146[.]181[:]46716/i,offline
mirai,http[:]//45[.]172[.]218[.]181[:]43568/i,offline
mirai,http[:]//222[.]127[.]48[.]186[:]38333/i,offline
Mozi,http[:]//39[.]90[.]144[.]112[:]43932/i,offline
,http[:]//221[.]15[.]15[.]143[:]57049/bin[.]sh,offline
,http[:]//46[.]216[.]199[.]241[:]34377/bin[.]sh,offline
Mozi,http[:]//42[.]225[.]243[.]69[:]54414/i,offline
Mozi,http[:]//221[.]14[.]13[.]102[:]40537/bin[.]sh,offline
Mozi,http[:]//219[.]156[.]28[.]209[:]54365/i,offline
Mozi,http[:]//222[.]139[.]33[.]88[:]47676/i,offline
Mozi,http[:]//59[.]97[.]253[.]160[:]56865/bin[.]sh,offline
,http[:]//221[.]15[.]190[.]27[:]41297/bin[.]sh,offline
mirai,http[:]//36[.]88[.]136[.]194[:]34985/i,offline
mirai,http[:]//45[.]171[.]124[.]23[:]51014/i,offline
Mozi,http[:]//219[.]155[.]154[.]21[:]43710/i,offline
mirai,http[:]//221[.]225[.]253[.]118[:]39679/i,online
,http[:]//46[.]8[.]46[.]114[:]55805/i,online
mirai,http[:]//221[.]225[.]253[.]118[:]39679/bin[.]sh,online
Mozi,http[:]//43[.]245[.]39[.]42[:]55915/i,offline
Mozi,http[:]//221[.]14[.]13[.]102[:]40537/i,offline
Mozi,http[:]//27[.]193[.]137[.]112[:]39196/i,offline
,http[:]//60[.]16[.]172[.]64[:]59076/bin[.]sh,online
,http[:]//60[.]16[.]172[.]64[:]59076/i,online
Mozi,http[:]//219[.]156[.]28[.]209[:]54365/bin[.]sh,offline
,http[:]//27[.]37[.]230[.]128[:]38478/bin[.]sh,offline
mirai,http[:]//58[.]47[.]122[.]142[:]56151/i,offline
Mozi,http[:]//42[.]237[.]42[.]250[:]35356/bin[.]sh,offline
Mozi,http[:]//27[.]207[.]225[.]33[:]55172/i,offline
Mozi,http[:]//42[.]228[.]236[.]231[:]34448/i,offline
Mozi,http[:]//222[.]137[.]0[.]101[:]51078/i,offline
mirai,http[:]//45[.]198[.]224[.]184/bb,online
Mozi,http[:]//219[.]155[.]154[.]21[:]43710/bin[.]sh,offline
,http[:]//27[.]44[.]146[.]11[:]58330/i,offline
mirai,http[:]//45[.]177[.]32[.]104[:]37770/i,offline
Mozi,http[:]//219[.]154[.]175[.]207[:]49650/i,offline
,http[:]//42[.]55[.]220[.]149[:]55031/bin[.]sh,offline
,http[:]//42[.]55[.]13[.]214[:]47541/i,online
Mozi,http[:]//219[.]154[.]191[.]161[:]45178/i,offline
Mozi,http[:]//85[.]219[.]201[.]2[:]42660/bin[.]sh,offline
,http[:]//221[.]15[.]190[.]27[:]41297/i,offline
,http[:]//89[.]106[.]83[.]171/bins/bins[.]sh,offline
mirai,http[:]//203[.]177[.]177[.]85[:]59031/bin[.]sh,offline
Mozi,http[:]//203[.]196[.]41[.]11[:]57417/Mozi[.]m,offline
,http[:]//27[.]37[.]224[.]37[:]52333/bin[.]sh,offline
Mozi,http[:]//194[.]54[.]161[.]214[:]52244/bin[.]sh,online
Mozi,http[:]//202[.]111[.]130[.]108[:]34417/i,offline
Mozi,http[:]//219[.]154[.]175[.]207[:]49650/bin[.]sh,offline
Mozi,http[:]//202[.]166[.]165[.]60[:]54889/i,offline
mirai,http[:]//216[.]249[.]4[.]20[:]51077/bin[.]sh,online
Mozi,http[:]//202[.]166[.]165[.]60[:]54889/bin[.]sh,offline
mirai,http[:]//210[.]208[.]110[.]221[:]34215/i,online
,http[:]//60[.]23[.]235[.]118[:]50966/i,offline
"32-bit,elf,mips,Mozi",http[:]//125[.]40[.]39[.]148[:]34102/i,offline
"c2-monitor-auto,CoinMiner,dropped-by-amadey",http[:]//91[.]92[.]242[.]236/files-129312398/files/file_f44df060f8ce40c6[.]exe,offline
"32-bit,arm,elf,mirai,Mozi",http[:]//103[.]89[.]37[.]70[:]53361/bin[.]sh,offline
"32-bit,elf,mips,Mozi",http[:]//113[.]255[.]193[.]216[:]43347/bin[.]sh,online
"32-bit,arm,elf,mirai,Mozi",http[:]//190[.]109[.]227[.]237[:]37312/bin[.]sh,online
mirai,http[:]//36[.]71[.]22[.]225[:]40061/i,offline
"32-bit,arm,elf,mirai,Mozi",http[:]//42[.]243[.]138[.]112[:]36995/i,offline
"32-bit,elf,mips,Mozi",http[:]//113[.]238[.]105[.]104[:]47417/i,online
"32-bit,arm,elf,mirai,Mozi",http[:]//196[.]189[.]96[.]59[:]51972/i,offline
"32-bit,elf,mips,Mozi",http[:]//123[.]9[.]99[.]232[:]45001/i,offline
"32-bit,elf,mips,Mozi",http[:]//61[.]52[.]116[.]218[:]54866/i,offline
"32-bit,arm,elf,mirai,Mozi",http[:]//196[.]189[.]96[.]59[:]51972/bin[.]sh,offline
"32-bit,elf,mips,Mozi",http[:]//123[.]10[.]240[.]51[:]57371/i,offline
"32-bit,arm,elf,mirai,Mozi",http[:]//179[.]49[.]213[.]85[:]56484/i,offline
"32-bit,arm,elf,mirai,Mozi",http[:]//190[.]109[.]227[.]237[:]37312/i,online
"32-bit,arm,elf,mirai,Mozi",http[:]//113[.]221[.]99[.]175[:]43353/i,offline
"32-bit,arm,elf,mirai,Mozi",http[:]//179[.]49[.]213[.]85[:]56484/bin[.]sh,offline
"32-bit,elf,mips,Mozi",http[:]//61[.]52[.]116[.]218[:]54866/bin[.]sh,offline
"32-bit,elf,mips,Mozi",http[:]//221[.]15[.]172[.]16[:]39046/i,offline
"32-bit,arm,elf,mirai,Mozi",http[:]//105[.]184[.]35[.]190[:]58705/i,offline
"32-bit,elf,mips,Mozi",http[:]//221[.]15[.]172[.]16[:]39046/bin[.]sh,offline
"32-bit,elf,mips,Mozi",http[:]//49[.]64[.]226[.]151[:]3588/i,online
mirai,http[:]//45[.]198[.]224[.]184/ssh,online
ClickFix,https[:]//the[.]earth[.]li/~sgtatham/putty/0[.]85/w64/putty[.]exe,online
"Amos,ClickFix,Foxveil,Mach-O,macOS",https[:]//forgewillow[.]com/2kqYRM0DCrnyJgoS4gVLl_FHJRRdTUhGCbjyuYwpZ6c/kis/update,offline
"Amos,AppleScript,applescript-stage3,ClickFix,macOS,MacSync,osascript,safeguard-build,stealer,token-001e07c9,ua-gated,UnstoppableDomains",https[:]//genovaw[.]com/dynamic?txd=001e07c934e19b9d10f621c6b7546b43b2fb1c7b8fce2625fc7b767dfb626336,offline
"c2-monitor-auto,dropped-by-amadey",http[:]//91[.]92[.]242[.]236/files-129312398/files/file_910c239586ba4cd8[.]exe,offline
"c2-monitor-auto,dropped-by-amadey",http[:]//91[.]92[.]242[.]236/files-129312398/files/file_7fbcdf1dd0742ab7[.]exe,offline
"32-bit,elf,mips,Mozi",http[:]//185[.]137[.]62[.]72[:]4039/i,offline
"32-bit,elf,mips,Mozi",http[:]//42[.]228[.]91[.]183[:]47370/i,offline
"32-bit,elf,mips,Mozi",http[:]//185[.]137[.]62[.]72[:]4039/bin[.]sh,offline
"32-bit,arm,elf,mirai,Mozi",http[:]//105[.]184[.]28[.]79[:]33685/i,offline
"32-bit,arm,elf,mirai,Mozi",http[:]//210[.]208[.]110[.]42[:]36502/i,online
"32-bit,elf,mips,Mozi",http[:]//59[.]180[.]132[.]51[:]55956/i,offline
Mozi,http[:]//42[.]235[.]140[.]223[:]35556/i,offline
"32-bit,elf,mips,Mozi",http[:]//42[.]228[.]105[.]163[:]39609/i,offline
"elf,ua-wget",http[:]//176[.]65[.]139[.]159/bins/i686,offline
"elf,ua-wget",http[:]//176[.]65[.]139[.]159/bins/x86,offline
"elf,ua-wget",http[:]//176[.]65[.]139[.]159/bins/mpsl,offline
"elf,mirai,ua-wget",http[:]//45[.]135[.]193[.]63/arm7,online
"elf,mirai,ua-wget",http[:]//45[.]135[.]193[.]63/x86_64,online
"elf,mirai,ua-wget",http[:]//45[.]135[.]193[.]63/x86,online
"elf,mirai,ua-wget",http[:]//45[.]135[.]193[.]63/arm5,online
"elf,mirai,ua-wget",http[:]//45[.]135[.]193[.]63/arm,online
"elf,mirai,ua-wget",http[:]//45[.]135[.]193[.]63/mips,online
"elf,mirai,ua-wget",http[:]//45[.]135[.]193[.]63/m68k,online
"elf,mirai,ua-wget",http[:]//176[.]65[.]139[.]159/bins/mips,offline
"elf,gafgyt,ua-wget",http[:]//176[.]65[.]139[.]159/bins/spc,offline
"elf,mirai,ua-wget",http[:]//176[.]65[.]139[.]159/bins/arm7,offline
"elf,mirai,ua-wget",http[:]//176[.]65[.]139[.]158/bins/arm7,online
"elf,mirai,ua-wget",http[:]//176[.]65[.]139[.]158/bins/arm6,online
"elf,mirai,ua-wget",http[:]//176[.]65[.]139[.]158/bins/mips,online
"elf,gafgyt,mirai,ua-wget",http[:]//176[.]65[.]139[.]158/bins/spc,online
"elf,mirai,ua-wget",http[:]//176[.]65[.]139[.]158/bins/arm5,online
"elf,gafgyt,mirai,ua-wget",http[:]//176[.]65[.]139[.]158/bins/i686,online
"elf,mirai,ua-wget",http[:]//176[.]65[.]139[.]158/bins/x86,online
"elf,gafgyt,mirai,ua-wget",http[:]//176[.]65[.]139[.]158/bins/x86_64,online
"elf,mirai,ua-wget",http[:]//176[.]65[.]139[.]158/bins/m68k,online
"elf,mirai,ua-wget",http[:]//176[.]65[.]139[.]158/bins/ppc,online
"elf,mirai,ua-wget",http[:]//176[.]65[.]139[.]158/bins/arm,online
"elf,mirai,ua-wget",http[:]//176[.]65[.]139[.]158/bins/mpsl,online
"elf,mirai,ua-wget",http[:]//176[.]65[.]139[.]206/hiddenbin/Space[.]sh4,online
"elf,mirai,ua-wget",http[:]//176[.]65[.]139[.]206/hiddenbin/Space[.]i686,online
"elf,mirai,ua-wget",http[:]//176[.]65[.]139[.]159/bins/arm,offline
"elf,ua-wget",http[:]//176[.]65[.]139[.]159/bins/ppc,offline
"elf,mirai,ua-wget",http[:]//176[.]65[.]139[.]159/bins/m68k,offline
Mozi,http[:]//112[.]239[.]99[.]48[:]53745/bin[.]sh,offline
"32-bit,elf,mips,Mozi",http[:]//42[.]228[.]105[.]163[:]39609/bin[.]sh,offline
"32-bit,arm,elf,mirai,Mozi",http[:]//113[.]205[.]23[.]106[:]40539/bin[.]sh,offline
"32-bit,arm,elf,mirai,Mozi",http[:]//120[.]28[.]199[.]24[:]42226/i,offline
"32-bit,elf,mips,Mozi",http[:]//42[.]86[.]62[.]73[:]33915/i,online
"32-bit,arm,elf,mirai,Mozi",http[:]//120[.]28[.]199[.]24[:]42226/bin[.]sh,offline
"32-bit,elf,mips,Mozi",http[:]//113[.]239[.]217[.]79[:]41208/i,offline
"32-bit,elf,mips,Mozi",http[:]//182[.]121[.]151[.]11[:]55414/bin[.]sh,offline
"32-bit,arm,elf,mirai,Mozi",http[:]//210[.]208[.]110[.]20[:]57154/bin[.]sh,online
"32-bit,arm,elf,mirai,Mozi",http[:]//36[.]69[.]76[.]33[:]40755/i,offline
"32-bit,arm,elf,mirai,Mozi",http[:]//114[.]228[.]236[.]217[:]39063/i,online
Mozi,http[:]//61[.]53[.]92[.]131[:]34378/i,offline
"32-bit,arm,elf,mirai,Mozi",http[:]//36[.]69[.]76[.]33[:]40755/bin[.]sh,offline
Mozi,http[:]//61[.]53[.]92[.]131[:]34378/bin[.]sh,offline
"32-bit,arm,elf,mirai,Mozi",http[:]//106[.]40[.]241[.]29[:]60841/i,offline
"32-bit,arm,elf,mirai,Mozi",http[:]//114[.]228[.]236[.]217[:]39063/bin[.]sh,online
"32-bit,arm,elf,mirai,Mozi",http[:]//180[.]115[.]161[.]206[:]47210/i,offline
"32-bit,elf,mips,Mozi",http[:]//125[.]41[.]222[.]235[:]42257/bin[.]sh,offline
"32-bit,arm,elf,mirai,Mozi",http[:]//113[.]221[.]75[.]123[:]47564/bin[.]sh,offline
"32-bit,elf,mips,Mozi",http[:]//42[.]234[.]101[.]169[:]50352/i,offline
Mozi,http[:]//42[.]224[.]186[.]200[:]52819/i,offline
"32-bit,arm,elf,mirai,Mozi",http[:]//222[.]127[.]154[.]105[:]37937/i,online
Mozi,http[:]//42[.]224[.]186[.]200[:]52819/bin[.]sh,offline
"32-bit,elf,mips,Mozi",http[:]//42[.]234[.]101[.]169[:]50352/bin[.]sh,offline
"32-bit,arm,elf,mirai,Mozi",http[:]//222[.]127[.]154[.]105[:]37937/bin[.]sh,online
"32-bit,elf,mips,Mozi",http[:]//125[.]41[.]183[.]78[:]34893/i,offline
Mozi,http[:]//42[.]228[.]223[.]88[:]50085/bin[.]sh,offline
"32-bit,elf,mips,Mozi",http[:]//125[.]41[.]183[.]78[:]34893/bin[.]sh,offline
"32-bit,arm,elf,mirai,Mozi",http[:]//105[.]186[.]73[.]10[:]32825/i,offline
"54e64e,dropped-by-amadey,rustystealer",http[:]//91[.]92[.]242[.]236/files-129312398/files/file_59dbbbed05710d63[.]exe,offline
"54e64e,dropped-by-amadey",http[:]//91[.]92[.]242[.]236/files-129312398/files/file_b62641dda3bccec6[.]msi,offline
Mozi,http[:]//112[.]239[.]99[.]48[:]53745/i,offline
"32-bit,elf,mips,Mozi",http[:]//185[.]187[.]18[.]22[:]43409/i,offline
"32-bit,arm,elf,mirai,Mozi",http[:]//105[.]186[.]73[.]10[:]32825/bin[.]sh,offline
Mozi,http[:]//115[.]49[.]31[.]221[:]49710/i,offline
"32-bit,elf,mips,Mozi",http[:]//185[.]187[.]18[.]22[:]43409/bin[.]sh,offline
"32-bit,elf,mips,Mozi",http[:]//123[.]5[.]255[.]205[:]60858/i,offline
"32-bit,elf,mips,Mozi",http[:]//61[.]53[.]74[.]99[:]39925/i,offline
Mozi,http[:]//222[.]142[.]203[.]126[:]37092/bin[.]sh,offline
Mozi,http[:]//125[.]41[.]222[.]235[:]42257/i,offline
"32-bit,elf,mips,Mozi",http[:]//61[.]53[.]74[.]99[:]39925/bin[.]sh,offline
"32-bit,arm,elf,mirai,Mozi",http[:]//103[.]172[.]186[.]170[:]41252/i,offline
mirai,http[:]//222[.]127[.]77[.]227[:]37700/i,offline
"32-bit,elf,mips,Mozi",http[:]//115[.]53[.]246[.]49[:]42289/bin[.]sh,offline
"32-bit,elf,mips,Mozi",http[:]//222[.]142[.]246[.]30[:]45576/bin[.]sh,offline
"elf,mirai,ua-wget",http[:]//45[.]74[.]3[.]24/bot[.]arm6,online
"elf,mirai,ua-wget",http[:]//45[.]74[.]3[.]24/bot[.]arm5,online
"elf,mirai,ua-wget",http[:]//176[.]65[.]139[.]206/hiddenbin/Space[.]spc,online
"elf,ua-wget",http[:]//89[.]106[.]83[.]171/bins/i686,offline
"elf,mirai,ua-wget",http[:]//89[.]106[.]83[.]171/bins/mips,offline
"elf,mirai,ua-wget",http[:]//89[.]106[.]83[.]171/bins/arm7,offline
"elf,mirai,ua-wget",http[:]//89[.]106[.]83[.]171/bins/x86,offline
"elf,mirai,ua-wget",http[:]//89[.]106[.]83[.]171/bins/mpsl,offline
"elf,mirai,ua-wget",http[:]//89[.]106[.]83[.]171/bins/arm6,offline
"elf,mirai,ua-wget",http[:]//89[.]106[.]83[.]171/bins/ppc,offline
"elf,mirai,ua-wget",http[:]//89[.]106[.]83[.]171/bins/x86_64,offline
"elf,mirai,ua-wget",http[:]//45[.]74[.]3[.]24/bot[.]mpsl,online
"elf,mirai,ua-wget",http[:]//45[.]74[.]3[.]24/bot[.]mips,online
"elf,mirai,ua-wget",http[:]//45[.]74[.]3[.]24/bot[.]x86_64,online
"elf,mirai,ua-wget",http[:]//176[.]65[.]139[.]206/hiddenbin/Space[.]arm6,online
"elf,mirai,ua-wget",http[:]//176[.]65[.]139[.]206/hiddenbin/Space[.]arc,online
"elf,mirai,ua-wget",http[:]//176[.]65[.]139[.]206/hiddenbin/Space[.]x86,online
"elf,mirai,ua-wget",http[:]//176[.]65[.]139[.]206/hiddenbin/Space[.]m68k,online
"elf,mirai,ua-wget",http[:]//176[.]65[.]139[.]206/hiddenbin/Space[.]arm,online
"elf,mirai,ua-wget",http[:]//176[.]65[.]139[.]206/hiddenbin/Space[.]mpsl,online
"elf,mirai,ua-wget",http[:]//176[.]65[.]139[.]206/hiddenbin/Space[.]arm5,online
"elf,mirai,ua-wget",http[:]//176[.]65[.]139[.]206/hiddenbin/Space[.]x86_64,online
"elf,mirai,ua-wget",http[:]//176[.]65[.]139[.]206/hiddenbin/Space[.]mips,online
"elf,mirai,ua-wget",http[:]//176[.]65[.]139[.]206/hiddenbin/Space[.]arm7,online
"32-bit,elf,mips,Mozi",http[:]//83[.]219[.]1[.]198[:]53206/i,offline
"32-bit,arm,elf,mirai,Mozi",http[:]//103[.]172[.]186[.]170[:]41252/bin[.]sh,offline
mirai,http[:]//222[.]127[.]77[.]227[:]37700/bin[.]sh,offline
"32-bit,elf,mips,Mozi",http[:]//125[.]44[.]53[.]77[:]44338/i,offline
Mozi,http[:]//182[.]126[.]85[.]105[:]36430/i,offline
"32-bit,elf,mips,Mozi",http[:]//119[.]179[.]217[.]47[:]32885/i,offline
"32-bit,arm,elf,mirai,Mozi",http[:]//196[.]189[.]35[.]226[:]50100/i,offline
"32-bit,elf,mips,Mozi",http[:]//83[.]219[.]1[.]198[:]53206/bin[.]sh,offline
Mozi,http[:]//123[.]14[.]152[.]98[:]55286/i,offline
Mozi,http[:]//182[.]126[.]85[.]105[:]36430/bin[.]sh,offline
"d52f85,dropped-by-amadey",http[:]//62[.]60[.]226[.]140/files/7154003499/CdlkrEm[.]exe,offline
"32-bit,elf,mips,Mozi",http[:]//182[.]120[.]11[.]232[:]57859/i,offline
Mozi,http[:]//123[.]14[.]152[.]98[:]55286/bin[.]sh,offline
"32-bit,arm,elf,mirai,Mozi",http[:]//112[.]226[.]195[.]98[:]60153/i,offline
"32-bit,elf,mips,Mozi",http[:]//42[.]228[.]33[.]3[:]33646/i,offline
"32-bit,elf,mips,Mozi",http[:]//182[.]120[.]11[.]232[:]57859/bin[.]sh,offline
"32-bit,arm,elf,mirai,Mozi",http[:]//196[.]189[.]35[.]226[:]50100/bin[.]sh,offline
"32-bit,arm,elf,mirai,Mozi",http[:]//112[.]226[.]195[.]98[:]60153/bin[.]sh,offline
"32-bit,elf,mips,Mozi",http[:]//123[.]5[.]131[.]123[:]33345/i,offline
"32-bit,arm,elf,mirai,Mozi",http[:]//196[.]190[.]105[.]170[:]59794/i,offline
"32-bit,arm,elf,mirai,Mozi",http[:]//196[.]190[.]105[.]170[:]59794/bin[.]sh,offline
"32-bit,elf,mips,Mozi",http[:]//112[.]248[.]184[.]82[:]46401/i,offline
"32-bit,elf,mips,Mozi",http[:]//123[.]5[.]131[.]123[:]33345/bin[.]sh,offline
"32-bit,elf,mips,Mozi",http[:]//112[.]248[.]184[.]82[:]46401/bin[.]sh,offline
"32-bit,arm,elf,mirai,Mozi",http[:]//103[.]249[.]199[.]3[:]35574/i,offline
,http[:]//111[.]14[.]169[.]186[:]24241/i,offline
"32-bit,arm,elf,mirai,Mozi",http[:]//105[.]224[.]251[.]121[:]54353/i,offline
"32-bit,arm,elf,mirai,Mozi",http[:]//105[.]224[.]251[.]121[:]54353/bin[.]sh,offline
mirai,http[:]//122[.]241[.]130[.]94[:]54816/i,offline
"32-bit,elf,mips,Mozi",http[:]//5[.]42[.]33[.]36[:]52897/i,online
"32-bit,elf,mips,Mozi",http[:]//125[.]42[.]26[.]228[:]58928/i,offline
"32-bit,arm,elf,mirai,Mozi",http[:]//103[.]249[.]199[.]3[:]35574/bin[.]sh,offline
"32-bit,elf,mips,Mozi",http[:]//119[.]185[.]241[.]38[:]33473/i,offline
"32-bit,elf,mips,Mozi",http[:]//5[.]42[.]33[.]36[:]52897/bin[.]sh,online
"d52f85,dropped-by-amadey",http[:]//62[.]60[.]226[.]140/files/7782139129/6awvHIC[.]exe,offline
"32-bit,elf,mips,Mozi",http[:]//125[.]42[.]26[.]228[:]58928/bin[.]sh,offline
"32-bit,elf,mips,Mozi",http[:]//119[.]185[.]241[.]38[:]33473/bin[.]sh,offline
"32-bit,elf,mips,Mozi",http[:]//115[.]63[.]147[.]104[:]52369/i,offline
"32-bit,elf,mips,Mozi",http[:]//42[.]235[.]50[.]251[:]55920/bin[.]sh,offline
"c2-monitor-auto,dropped-by-amadey",http[:]//91[.]92[.]242[.]236/files-129312398/files/file_a5f2a045b5277aef[.]exe,offline
"jar,java,SilentNet",https[:]//www[.]minecraft-cheats[.]com/downloads/fakeclient[.]jar,offline
"jar,java,SilentNet",https[:]//www[.]minecraft-cheats[.]com/downloads/riftclient[.]jar,offline
"32-bit,elf,mips,Mozi",http[:]//115[.]52[.]195[.]198[:]59017/i,offline
"32-bit,elf,mips,Mozi",http[:]//115[.]61[.]113[.]254[:]35567/i,offline
"32-bit,elf,mips,Mozi",http[:]//115[.]52[.]195[.]198[:]59017/bin[.]sh,offline
"32-bit,elf,mips,Mozi",http[:]//115[.]63[.]230[.]195[:]43464/i,offline
"32-bit,elf,mips,Mozi",http[:]//115[.]55[.]194[.]149[:]55283/i,offline
Mozi,http[:]//115[.]63[.]230[.]195[:]43464/bin[.]sh,offline
"32-bit,arm,elf,mirai,Mozi",http[:]//110[.]139[.]37[.]61[:]41576/i,offline
mirai,http[:]//114[.]198[.]242[.]174[:]49482/i,offline
"32-bit,elf,mips,Mozi",http[:]//115[.]55[.]194[.]149[:]55283/bin[.]sh,offline
mirai,http[:]//114[.]198[.]242[.]174[:]49482/bin[.]sh,offline
"32-bit,elf,mips,Mozi",http[:]//115[.]56[.]47[.]244[:]59373/i,offline
"32-bit,arm,elf,mirai,Mozi",http[:]//110[.]139[.]37[.]61[:]41576/bin[.]sh,offline
"32-bit,arm,elf,mirai,Mozi",http[:]//120[.]28[.]222[.]102[:]34875/i,online
Mozi,http[:]//182[.]126[.]103[.]176[:]51069/i,offline
"32-bit,elf,mips,Mozi",http[:]//182[.]183[.]189[.]30[:]54523/i,offline
"32-bit,elf,mips,Mozi",http[:]//115[.]56[.]47[.]244[:]59373/bin[.]sh,offline
"32-bit,elf,mips,Mozi",http[:]//42[.]224[.]19[.]93[:]60556/i,offline
"32-bit,elf,mips,Mozi",http[:]//95[.]54[.]82[.]154[:]29012/bin[.]sh,online
Mozi,http[:]//27[.]215[.]78[.]164[:]59428/i,offline
"SilverFox,ValleyRAT",https[:]//sandboxle[.]com[.]cn/sandboxieplus_install_assistant_2[.]1[.]0_360store[.]zip,offline
"32-bit,arm,elf,mirai,Mozi",http[:]//120[.]28[.]222[.]102[:]34875/bin[.]sh,online
quickfix,https[:]//fileupdates[.]blob[.]core[.]windows[.]net/link/update[.]msi,online
"jar,java,SilentNet",https[:]//www[.]minecraft-cheats[.]com/downloads/67client[.]jar,offline
"jar,java,SilentNet",https[:]//www[.]minecraft-cheats[.]com/downloads/KryptonPlus[.]jar,offline
".jar malware,hypixel,minecraft,trojan",https[:]//taunahi[.]st/TaunahiLoader-26[.]3[.]jar,online
"c2-monitor-auto,dropped-by-amadey",http[:]//91[.]92[.]242[.]236/files-129312398/files/file_854d6d76aca7f8ff[.]exe,offline
"32-bit,elf,mips,Mozi",http[:]//116[.]139[.]104[.]181[:]38161/i,online
"32-bit,elf,mips,Mozi",http[:]//42[.]224[.]19[.]93[:]60556/bin[.]sh,offline
"32-bit,elf,mips,Mozi",http[:]//116[.]139[.]104[.]181[:]38161/bin[.]sh,online
"32-bit,arm,elf,mirai,Mozi",http[:]//200[.]115[.]102[.]246[:]43439/i,offline
"elf,mirai,ua-wget",http[:]//5[.]175[.]222[.]237/bins/arm,offline
"elf,mirai,ua-wget",http[:]//5[.]175[.]222[.]237/bins/spc,online
"elf,mirai,ua-wget",http[:]//5[.]175[.]222[.]237/bins/x86_64,online
"elf,mirai,ua-wget",http[:]//5[.]175[.]222[.]237/bins/ppc,online
"elf,mirai,ua-wget",http[:]//194[.]41[.]112[.]119/bins/x86_64,online
"32-bit,elf,mips,Mozi",http[:]//123[.]5[.]186[.]254[:]60822/i,offline
"32-bit,arm,elf,mirai,Mozi",http[:]//45[.]171[.]177[.]193[:]39869/i,offline
"32-bit,arm,elf,mirai,Mozi",http[:]//105[.]186[.]69[.]3[:]50571/i,offline
"32-bit,elf,mips,Mozi",http[:]//113[.]228[.]135[.]163[:]49613/i,online
"32-bit,elf,mips,Mozi",http[:]//115[.]62[.]209[.]194[:]59677/i,offline
Mozi,http[:]//115[.]62[.]209[.]194[:]59677/bin[.]sh,offline
"32-bit,elf,mips,Mozi",http[:]//113[.]228[.]135[.]163[:]49613/bin[.]sh,online
"32-bit,arm,elf,mirai,Mozi",http[:]//110[.]139[.]18[.]164[:]33747/i,offline
"32-bit,arm,elf,mirai,Mozi",http[:]//45[.]233[.]94[.]135[:]39288/i,offline
"32-bit,elf,mips,Mozi",http[:]//123[.]4[.]40[.]181[:]47310/bin[.]sh,offline
"32-bit,elf,mips,Mozi",http[:]//42[.]226[.]216[.]100[:]53095/i,offline
"32-bit,arm,elf,mirai,Mozi",http[:]//45[.]233[.]94[.]135[:]39288/bin[.]sh,offline
"32-bit,elf,mips,Mozi",http[:]//96[.]245[.]232[.]251[:]44492/i,offline
Mozi,http[:]//125[.]40[.]54[.]74[:]41134/i,offline
"32-bit,elf,mips,Mozi",http[:]//42[.]226[.]216[.]100[:]53095/bin[.]sh,offline
,http[:]//60[.]22[.]247[.]3[:]37470/bin[.]sh,online
,http[:]//196[.]189[.]46[.]69[:]50200/bin[.]sh,offline
,http[:]//42[.]53[.]237[.]43[:]58245/i,offline
,http[:]//36[.]84[.]114[.]245[:]60730/i,offline
,http[:]//36[.]84[.]114[.]245[:]60730/bin[.]sh,offline
Mozi,http[:]//182[.]113[.]42[.]94[:]45947/bin[.]sh,offline
,http[:]//42[.]85[.]13[.]20[:]45828/bin[.]sh,offline
Mozi,http[:]//182[.]124[.]168[.]18[:]40508/bin[.]sh,offline
mirai,http[:]//45[.]231[.]145[.]15[:]56817/bin[.]sh,offline
mirai,http[:]//203[.]177[.]177[.]85[:]59031/i,offline
mirai,http[:]//221[.]15[.]190[.]80[:]42471/i,offline
Mozi,http[:]//27[.]215[.]50[.]41[:]56854/i,offline
mirai,http[:]//60[.]216[.]121[.]136[:]58592/bin[.]sh,online
Mozi,http[:]//42[.]239[.]75[.]112[:]58966/bin[.]sh,offline
Mozi,http[:]//182[.]116[.]220[.]139[:]60858/i,offline
Mozi,http[:]//182[.]116[.]119[.]82[:]35615/bin[.]sh,offline
Mozi,http[:]//182[.]113[.]42[.]94[:]45947/i,offline
,http[:]//187[.]19[.]16[.]202[:]8888/t/vcb1789772401,offline
Mozi,http[:]//42[.]239[.]75[.]112[:]58966/i,offline
Mozi,http[:]//2[.]187[.]250[.]85[:]42203/i,offline
Mozi,http[:]//222[.]142[.]203[.]126[:]37092/i,offline
mirai,http[:]//27[.]214[.]0[.]52[:]37251/bin[.]sh,offline
,http[:]//42[.]85[.]13[.]20[:]45828/i,online
Mozi,http[:]//182[.]116[.]15[.]172[:]52913/bin[.]sh,offline
,http[:]//42[.]7[.]119[.]110[:]43491/i,online
mirai,http[:]//221[.]15[.]190[.]80[:]42471/bin[.]sh,offline
Mozi,http[:]//27[.]215[.]50[.]41[:]56854/bin[.]sh,offline
mirai,http[:]//27[.]11[.]15[.]56[:]33153/i,offline
mirai,http[:]//193[.]187[.]101[.]209[:]59417/i,offline
mirai,http[:]//183[.]92[.]207[.]51[:]57994/bin[.]sh,offline
mirai,http[:]//216[.]28[.]193[.]210[:]54058/i,offline
,http[:]//42[.]55[.]7[.]232[:]55832/bin[.]sh,online
Mozi,http[:]//27[.]215[.]123[.]199[:]46146/i,online
Mozi,http[:]//39[.]74[.]86[.]198[:]33823/i,offline
mirai,http[:]//49[.]89[.]75[.]50[:]55963/bin[.]sh,online
Mozi,http[:]//222[.]142[.]246[.]30[:]45576/i,offline
Mozi,http[:]//182[.]127[.]28[.]232[:]46971/bin[.]sh,offline
Mozi,http[:]//39[.]74[.]86[.]198[:]33823/bin[.]sh,offline
mirai,http[:]//222[.]141[.]24[.]19[:]51339/bin[.]sh,offline
Mozi,http[:]//85[.]96[.]239[.]71[:]58763/i,offline
mirai,http[:]//46[.]252[.]33[.]253[:]58901/bin[.]sh,offline
mirai,http[:]//222[.]127[.]154[.]221[:]58071/Mozi[.]m,online
,http[:]//89[.]189[.]188[.]39[:]48253/i,offline
mirai,http[:]//45[.]174[.]0[.]26[:]52418/bin[.]sh,offline
mirai,http[:]//45[.]174[.]0[.]26[:]52418/i,offline
mirai,http[:]//216[.]28[.]193[.]210[:]54058/bin[.]sh,offline
,http[:]//196[.]191[.]137[.]44[:]46216/bin[.]sh,offline
mirai,http[:]//49[.]89[.]75[.]50[:]55963/i,online
mirai,http[:]//87[.]15[.]14[.]11[:]33213/Mozi[.]m,offline
,http[:]//196[.]191[.]137[.]44[:]46216/i,offline
mirai,http[:]//61[.]71[.]255[.]225[:]39838/bin[.]sh,offline
Mozi,http[:]//219[.]156[.]112[.]197[:]53161/i,offline
Mozi,http[:]//182[.]124[.]168[.]18[:]40508/i,offline
mirai,http[:]//60[.]216[.]121[.]136[:]58592/i,online
Mozi,http[:]//27[.]204[.]196[.]143[:]37094/bin[.]sh,offline
Mozi,http[:]//182[.]121[.]86[.]15[:]48396/i,offline
Mozi,http[:]//38[.]43[.]193[.]197[:]51516/bin[.]sh,offline
Mozi,http[:]//41[.]84[.]232[.]245[:]36129/i,offline
Mozi,http[:]//27[.]204[.]196[.]143[:]37094/i,offline
mirai,http[:]//222[.]141[.]24[.]19[:]51339/i,offline
mirai,http[:]//196[.]189[.]46[.]69[:]50200/i,offline
mirai,http[:]//182[.]126[.]9[.]221[:]59405/i,offline
mirai,http[:]//211[.]158[.]220[.]45[:]58929/i,offline
mirai,http[:]//211[.]158[.]220[.]45[:]58929/bin[.]sh,offline
Mozi,http[:]//182[.]116[.]15[.]172[:]52913/i,offline
Mozi,http[:]//182[.]116[.]119[.]82[:]35615/i,offline
,http[:]//83[.]228[.]109[.]209[:]51890/bin[.]sh,online
,http[:]//42[.]179[.]154[.]108[:]52470/bin[.]sh,online
mirai,http[:]//45[.]177[.]33[.]169[:]46840/i,offline
mirai,http[:]//47[.]212[.]193[.]38[:]41812/i,online
Mozi,http[:]//222[.]140[.]181[.]143[:]59511/bin[.]sh,offline
mirai,http[:]//42[.]87[.]229[.]207[:]34345/bin[.]sh,online
mirai,http[:]//47[.]212[.]193[.]38[:]41812/bin[.]sh,online
mirai,http[:]//27[.]214[.]0[.]52[:]37251/i,offline
mirai,http[:]//42[.]87[.]229[.]207[:]34345/i,online
Mozi,http[:]//42[.]234[.]141[.]150[:]41068/bin[.]sh,offline
mirai,http[:]//45[.]231[.]145[.]15[:]56817/i,offline
Mozi,http[:]//95[.]155[.]243[.]196[:]55793/bin[.]sh,online
Mozi,http[:]//95[.]155[.]243[.]196[:]55793/i,online
Mozi,http[:]//42[.]235[.]91[.]63[:]36597/i,offline
,http[:]//42[.]55[.]220[.]149[:]55031/i,online
,http[:]//83[.]228[.]109[.]209[:]51890/i,online
,http[:]//187[.]19[.]16[.]202[:]8888/t/vcbrute1,offline
,http[:]//89[.]189[.]188[.]39[:]48253/bin[.]sh,offline
,http[:]//175[.]146[.]219[.]244[:]50802/i,online
,http[:]//163[.]142[.]87[.]109[:]60758/i,online
,http[:]//175[.]146[.]219[.]244[:]50802/bin[.]sh,online
,http[:]//181[.]197[.]146[.]98[:]55755/i,online
,http[:]//175[.]167[.]167[.]51[:]39578/i,online
,http[:]//175[.]165[.]86[.]194[:]41695/i,offline
mirai,http[:]//170[.]84[.]134[.]171[:]57368/bin[.]sh,offline
mirai,http[:]//170[.]84[.]134[.]171[:]57368/i,offline
mirai,http[:]//164[.]163[.]25[.]149[:]57619/i,offline
mirai,http[:]//175[.]173[.]212[.]106[:]54349/i,offline
Mozi,http[:]//178[.]46[.]196[.]5[:]60704/bin[.]sh,online
Mozi,http[:]//178[.]46[.]196[.]5[:]60704/i,online
mirai,http[:]//170[.]238[.]123[.]66[:]37609/i,offline
connectwise,https[:]//kbskitchen1[.]screenconnect[.]com/Bin/ScreenConnect[.]ClientSetup[.]msi?e=Access&y=Guest,online
"32-bit,elf,mips,Mozi",http[:]//221[.]15[.]213[.]37[:]44041/i,offline
"32-bit,elf,mips,Mozi",http[:]//27[.]202[.]32[.]42[:]34524/i,offline
"32-bit,elf,mips,Mozi",http[:]//27[.]202[.]32[.]42[:]34524/bin[.]sh,offline
"32-bit,elf,mips,Mozi",http[:]//27[.]215[.]78[.]164[:]59428/bin[.]sh,offline
mirai,http[:]//154[.]223[.]128[.]222[:]57127/i,offline
"32-bit,elf,mips,Mozi",http[:]//115[.]56[.]108[.]116[:]51720/i,offline
"32-bit,arm,elf,mirai,Mozi",http[:]//36[.]70[.]231[.]123[:]60320/i,offline
mirai,http[:]//154[.]223[.]128[.]222[:]57127/bin[.]sh,offline
"32-bit,elf,mips,Mozi",http[:]//182[.]117[.]69[.]11[:]59330/i,offline
"32-bit,arm,elf,mirai,Mozi",http[:]//36[.]70[.]231[.]123[:]60320/bin[.]sh,offline
"32-bit,elf,mips,Mozi",http[:]//123[.]4[.]40[.]181[:]47310/i,offline
"32-bit,elf,mips,Mozi",http[:]//115[.]54[.]166[.]15[:]52466/i,offline
"elf,mirai,ua-wget",http[:]//194[.]41[.]112[.]119/bins/arm,online
"elf,mirai,ua-wget",http[:]//5[.]175[.]222[.]237/bins/mpsl,online
"elf,mirai,ua-wget",http[:]//5[.]175[.]222[.]237/bins/i686,online
"elf,mirai,ua-wget",http[:]//85[.]11[.]167[.]202/hiddenbin/Space[.]mips,offline
"elf,mirai,ua-wget",http[:]//85[.]11[.]167[.]202/hiddenbin/Space[.]m68k,offline
"elf,mirai,ua-wget",http[:]//85[.]11[.]167[.]202/hiddenbin/Space[.]sh4,offline
"elf,mirai,ua-wget",http[:]//85[.]11[.]167[.]202/hiddenbin/Space[.]x86_64,offline
"elf,mirai,ua-wget",http[:]//85[.]11[.]167[.]202/hiddenbin/Space[.]spc,offline
"elf,mirai,ua-wget",http[:]//85[.]11[.]167[.]202/hiddenbin/Space[.]arm,offline
"elf,mirai,ua-wget",http[:]//85[.]11[.]167[.]202/hiddenbin/Space[.]x86,offline
"elf,mirai,ua-wget",http[:]//85[.]11[.]167[.]202/hiddenbin/Space[.]ppc,offline
"elf,mirai,ua-wget",http[:]//85[.]11[.]167[.]202/hiddenbin/Space[.]arm7,offline
"elf,mirai,ua-wget",http[:]//85[.]11[.]167[.]202/hiddenbin/Space[.]mpsl,offline
"elf,mirai,ua-wget",http[:]//85[.]11[.]167[.]202/hiddenbin/Space[.]arm6,offline
"32-bit,elf,mips,Mozi",http[:]//182[.]183[.]154[.]234[:]54523/i,offline
"elf,mirai,ua-wget",http[:]//85[.]11[.]167[.]202/hiddenbin/Space[.]arm5,offline
"elf,mirai,ua-wget",http[:]//5[.]175[.]222[.]237/bins/sh4,online
"32-bit,elf,mips,Mozi",http[:]//39[.]88[.]89[.]164[:]39667/i,offline
"32-bit,arm,elf,mirai,Mozi",http[:]//27[.]18[.]153[.]133[:]45841/i,offline
"32-bit,elf,mips,Mozi",http[:]//27[.]215[.]124[.]221[:]51704/i,offline
"32-bit,elf,mips,Mozi",http[:]//39[.]88[.]89[.]164[:]39667/bin[.]sh,offline
"32-bit,elf,mips,Mozi",http[:]//222[.]142[.]240[.]205[:]49546/i,offline
"32-bit,arm,elf,mirai,Mozi",http[:]//27[.]18[.]153[.]133[:]45841/bin[.]sh,offline
,http[:]//185[.]177[.]239[.]241[:]5001/fa[.]bin,offline
mirai,http[:]//176[.]65[.]139[.]206/iran[.]armv5l,offline
mirai,http[:]//176[.]65[.]139[.]206/iran[.]powerpc,offline
mirai,http[:]//176[.]65[.]139[.]206/iran[.]arc,offline
"pe32,pyd,SilentNet,stealer",https[:]//thisisafalsepositive[.]st/cdn/e/,offline
"pe32,pyd,SilentNet,stealer",https[:]//thisisafalsepositive[.]st/app[.]pyd,offline
"pe32,pyd,SilentNet,stealer",https[:]//thisisafalsepositive[.]st/shard/,offline
"pe32,pyd,SilentNet,stealer",https[:]//thisisafalsepositive[.]st/main[.]py,offline
"pe32,pyd,SilentNet,stealer",https[:]//thisisafalsepositive[.]st/python-3[.]12[.]7-embed-amd64[.]zip,offline
"pe32,pyd,SilentNet,stealer",https[:]//thisisafalsepositive[.]st/requirements[.]txt,offline
mirai,http[:]//176[.]65[.]139[.]206/iran[.]sparc,offline
mirai,http[:]//176[.]65[.]139[.]206/iran[.]armv6l,offline
mirai,http[:]//176[.]65[.]139[.]206/cat[.]sh,offline
mirai,http[:]//176[.]65[.]139[.]206/iran[.]mipsrouter,offline
mirai,http[:]//176[.]65[.]139[.]206/iran[.]x86_64,offline
mirai,http[:]//176[.]65[.]139[.]206/iran[.]m68k,offline
mirai,http[:]//176[.]65[.]139[.]206/iran[.]mips,offline
mirai,http[:]//176[.]65[.]139[.]206/iran[.]mipsel,offline
mirai,http[:]//176[.]65[.]139[.]206/iran[.]armv4l,offline
mirai,http[:]//176[.]65[.]139[.]206/iran[.]sh4,offline
mirai,http[:]//176[.]65[.]139[.]206/iran[.]armv7l,offline
mirai,http[:]//176[.]65[.]139[.]206/telnet[.]sh,offline
,http[:]//175[.]107[.]3[.]153[:]56616/Mozi[.]m,offline
,http[:]//153[.]117[.]66[.]116[:]58292/Mozi[.]m,offline
,http[:]//153[.]117[.]33[.]219[:]54572/Mozi[.]m,offline
,http[:]//103[.]213[.]112[.]219[:]38165/Mozi[.]m,offline
,http[:]//103[.]213[.]112[.]96[:]60012/Mozi[.]m,offline
,http[:]//115[.]51[.]97[.]245[:]35115/Mozi[.]m,offline
,http[:]//153[.]117[.]55[.]176[:]53673/Mozi[.]m,offline
,http[:]//43[.]230[.]94[.]180[:]34691/Mozi[.]m,offline
,http[:]//223[.]123[.]42[.]235[:]56121/Mozi[.]a,offline
,http[:]//222[.]137[.]83[.]238[:]52950/Mozi[.]m,offline
,http[:]//223[.]123[.]44[.]119[:]49538/Mozi[.]m,offline
,http[:]//101[.]53[.]225[.]48[:]42040/Mozi[.]m,offline
,http[:]//72[.]255[.]26[.]113[:]33462/Mozi[.]m,offline
,http[:]//101[.]53[.]228[.]21[:]40326/Mozi[.]m,offline
,http[:]//45[.]171[.]124[.]23[:]58187/Mozi[.]m,offline
,http[:]//119[.]73[.]7[.]168[:]56542/Mozi[.]m,offline
,http[:]//24[.]135[.]125[.]109[:]51631/Mozi[.]a,offline
,http[:]//59[.]97[.]251[.]217[:]43162/Mozi[.]m,offline
,http[:]//182[.]127[.]31[.]146[:]40571/Mozi[.]m,offline
,http[:]//196[.]190[.]157[.]12[:]49743/Mozi[.]m,offline
,http[:]//223[.]123[.]43[.]3[:]47137/Mozi[.]m,offline
,http[:]//139[.]135[.]60[.]192[:]56291/Mozi[.]m,offline
,http[:]//115[.]61[.]120[.]91[:]56781/Mozi[.]m,offline
,https[:]//becof[.]org/,offline
,http[:]//190[.]196[.]253[.]65[:]11381/Mozi[.]a,offline
,http[:]//190[.]196[.]253[.]39[:]10150/Mozi[.]m,offline
,http[:]//31[.]56[.]209[.]11/s[.]bat,online
mirai,http[:]//176[.]65[.]134[.]121[:]8080/stub[.]x86_64,online
mirai,http[:]//176[.]65[.]134[.]121[:]8080/stub[.]mips,online
,http[:]//31[.]56[.]209[.]11/pure[.]dat,online
mirai,http[:]//176[.]65[.]134[.]121[:]8080/stub[.]aarch64,online
mirai,http[:]//176[.]65[.]134[.]121[:]8080/bot[.]arm,online
,http[:]//31[.]56[.]209[.]11/svc[.]exe,online
DDoSAgent,http[:]//13[.]140[.]176[.]180[:]8080/mips,offline
,http[:]//190[.]196[.]253[.]49[:]11422/Mozi[.]m,offline
,http[:]//31[.]56[.]209[.]11/svc[.]ahk,offline
,http[:]//129[.]159[.]135[.]190/amd64,offline
,http[:]//103[.]186[.]77[.]95[:]39109/Mozi[.]m,offline
,http[:]//213[.]232[.]114[.]14/login,offline
,http[:]//213[.]232[.]114[.]14/crypto,offline
,http[:]//176[.]65[.]139[.]218/bins/David[.]x86_6,offline
,http[:]//13[.]140[.]176[.]180[:]8080/armv5,offline
,http[:]//129[.]159[.]135[.]190/x86_64,offline
,http[:]//213[.]232[.]114[.]14/dbus,offline
,http[:]//213[.]232[.]114[.]14/kde,offline
"jar,java,SilentNet",https[:]//www[.]minecraft-cheats[.]com/downloads/waterclient[.]jar,offline
"ClickFix,Foxveil,macho,macOS",https[:]//blueprint-71[.]com/2kqYRM0DCrnyJgoS4gVLl_FHJRRdTUhGCbjyuYwpZ6c/cc2/update,offline
mirai,http[:]//176[.]65[.]134[.]121[:]8080/bot[.]aarch64,online
mirai,http[:]//176[.]65[.]134[.]121[:]8080/stub[.]arm,online
"ClickFix,macOS,zsh",https[:]//blueprint-71[.]com/curl/amtkquxbo3/obh3bn3umykzjlth[.]json,offline
"c2-monitor-auto,dropped-by-amadey",http[:]//91[.]92[.]242[.]236/files-129312398/files/file_21ecd85d652d3e5a[.]exe,offline
"32-bit,elf,mips,Mozi",http[:]//222[.]142[.]240[.]205[:]49546/bin[.]sh,offline
"32-bit,arm,elf,mirai,Mozi",http[:]//222[.]79[.]178[.]215[:]48399/i,offline
"32-bit,arm,elf,mirai,Mozi",http[:]//58[.]23[.]80[.]161[:]41687/bin[.]sh,online
"32-bit,elf,mips,Mozi",http[:]//27[.]220[.]80[.]126[:]49696/bin[.]sh,offline
"32-bit,arm,elf,mirai,Mozi",http[:]//121[.]31[.]177[.]76[:]53364/i,offline
"32-bit,elf,mips,Mozi",http[:]//115[.]48[.]24[.]224[:]53645/i,offline
"32-bit,elf,mips,Mozi",http[:]//115[.]48[.]24[.]224[:]53645/bin[.]sh,offline
"32-bit,arm,elf,mirai,Mozi",http[:]//123[.]252[.]17[.]41[:]43633/bin[.]sh,offline
"32-bit,elf,mips,Mozi",http[:]//125[.]43[.]35[.]114[:]55836/i,offline
"32-bit,elf,mips,Mozi",http[:]//182[.]127[.]177[.]24[:]45378/i,offline
"32-bit,elf,mips,Mozi",http[:]//123[.]10[.]240[.]51[:]57371/bin[.]sh,offline
"32-bit,elf,mips,Mozi",http[:]//42[.]227[.]207[.]208[:]55036/i,offline
,http[:]//60[.]23[.]233[.]29[:]55839/i,offline
"32-bit,elf,mips,Mozi",http[:]//42[.]227[.]207[.]208[:]55036/bin[.]sh,offline
"32-bit,elf,mips,Mozi",http[:]//42[.]87[.]111[.]161[:]58407/i,offline
"32-bit,elf,mips,Mozi",http[:]//113[.]228[.]155[.]216[:]57635/i,online
"32-bit,arm,elf,mirai,Mozi",http[:]//87[.]15[.]14[.]11[:]33213/i,offline
,http[:]//60[.]23[.]233[.]29[:]55839/bin[.]sh,offline
"32-bit,elf,mips,Mozi",http[:]//42[.]87[.]111[.]161[:]58407/bin[.]sh,offline
"32-bit,elf,mips,Mozi",http[:]//123[.]13[.]151[.]182[:]37861/i,offline
"32-bit,elf,mips,Mozi",http[:]//123[.]4[.]197[.]252[:]39171/i,offline
"32-bit,elf,mips,Mozi",http[:]//123[.]13[.]151[.]182[:]37861/bin[.]sh,offline
,http[:]//113[.]238[.]160[.]155[:]40663/i,offline
mirai,http[:]//113[.]205[.]198[.]6[:]50027/bin[.]sh,online
mirai,http[:]//221[.]235[.]140[.]171[:]41526/i,offline
Mozi,http[:]//39[.]39[.]81[.]20[:]35084/i,offline
mirai,http[:]//120[.]28[.]144[.]3[:]41216/bin[.]sh,online
mirai,http[:]//122[.]139[.]15[.]251[:]53319/bin[.]sh,offline
mirai,http[:]//122[.]139[.]15[.]251[:]53319/i,offline
Mozi,http[:]//115[.]55[.]46[.]41[:]51225/bin[.]sh,offline
Mozi,http[:]//115[.]49[.]91[.]150[:]36589/bin[.]sh,offline
mirai,http[:]//120[.]28[.]144[.]161[:]37458/i,offline
Mozi,http[:]//117[.]199[.]77[.]239[:]52881/i,offline
mirai,http[:]//124[.]161[.]116[.]2[:]56229/i,offline
,http[:]//175[.]148[.]188[.]179[:]47274/i,offline
,http[:]//175[.]150[.]73[.]126[:]60411/bin[.]sh,online
,http[:]//175[.]150[.]73[.]126[:]60411/i,online
Mozi,http[:]//119[.]154[.]100[.]66[:]46030/i,offline
mirai,http[:]//124[.]161[.]116[.]2[:]56229/bin[.]sh,offline
,http[:]//119[.]116[.]156[.]92[:]38924/i,online
,http[:]//120[.]84[.]215[.]55[:]33664/i,offline
Mozi,http[:]//115[.]53[.]246[.]49[:]42289/i,offline
,http[:]//113[.]228[.]85[.]214[:]50311/i,online
mirai,http[:]//116[.]209[.]163[.]242[:]51681/bin[.]sh,offline
,http[:]//27[.]37[.]229[.]118[:]38849/i,offline
mirai,http[:]//101[.]59[.]79[.]119[:]52830/i,offline
mirai,http[:]//124[.]6[.]169[.]54[:]57589/i,offline
,http[:]//119[.]116[.]251[.]152[:]58006/bin[.]sh,offline
Mozi,http[:]//125[.]44[.]46[.]131[:]44847/i,offline
mirai,http[:]//124[.]6[.]169[.]54[:]57589/bin[.]sh,offline
Mozi,http[:]//125[.]44[.]188[.]76[:]35144/i,offline
mirai,http[:]//120[.]28[.]222[.]39[:]33186/bin[.]sh,offline
"32-bit,elf,mips,Mozi",http[:]//182[.]183[.]171[.]68[:]54523/i,offline
"32-bit,elf,mips,Mozi",http[:]//123[.]4[.]197[.]252[:]39171/bin[.]sh,offline
"32-bit,elf,mips,Mozi",http[:]//78[.]187[.]104[.]169[:]60403/i,offline
"32-bit,elf,mips,Mozi",http[:]//120[.]84[.]215[.]55[:]33664/bin[.]sh,online
"32-bit,elf,mips,Mozi",http[:]//27[.]207[.]39[.]227[:]55710/i,offline
,http[:]//182[.]114[.]198[.]88[:]55361/i,offline
Mozi,http[:]//27[.]215[.]49[.]114[:]45828/i,offline
"32-bit,elf,mips,Mozi",http[:]//79[.]111[.]175[.]89[:]14518/i,offline
"32-bit,elf,mips,Mozi",http[:]//79[.]111[.]175[.]89[:]14518/bin[.]sh,offline
"32-bit,elf,mips,Mozi",http[:]//113[.]239[.]217[.]79[:]41208/bin[.]sh,online
mirai,http[:]//112[.]254[.]146[.]106[:]55763/i,offline
,http[:]//182[.]114[.]198[.]88[:]55361/bin[.]sh,offline
"32-bit,arm,elf,mirai,Mozi",http[:]//112[.]254[.]146[.]106[:]55763/bin[.]sh,offline
"elf,mirai,ua-wget",http[:]//85[.]11[.]167[.]79/main_arm6,offline
"elf,mirai,ua-wget",http[:]//93[.]152[.]221[.]92/main_arm5,offline
"elf,mirai,ua-wget",http[:]//46[.]151[.]182[.]200/i486,online
"elf,mirai,ua-wget",http[:]//94[.]154[.]43[.]211/main_sh4,offline
"elf,mirai,ua-wget",http[:]//94[.]154[.]43[.]211/main_mpsl,offline
"elf,mirai,ua-wget",http[:]//93[.]152[.]221[.]92/main_mips,offline
"elf,mirai,ua-wget",http[:]//46[.]151[.]182[.]200/powerpc,online
"elf,mirai,ua-wget",http[:]//85[.]11[.]167[.]79/main_mpsl,offline
"elf,mirai,ua-wget",http[:]//93[.]152[.]221[.]92/main_arm,offline
"elf,mirai,ua-wget",http[:]//94[.]154[.]43[.]211/main_arm,offline
"elf,mirai,ua-wget",http[:]//94[.]154[.]43[.]211/main_mips,offline
"elf,mirai,ua-wget",http[:]//93[.]152[.]221[.]92/main_sh4,offline
"elf,mirai,ua-wget",http[:]//85[.]11[.]167[.]79/main_mips,offline
"elf,mirai,ua-wget",http[:]//85[.]11[.]167[.]79/main_arm,offline
"elf,mirai,ua-wget",http[:]//85[.]11[.]167[.]79/main_sh4,offline
"elf,mirai,ua-wget",http[:]//93[.]152[.]221[.]92/main_mpsl,offline
"elf,mirai,ua-wget",http[:]//94[.]154[.]43[.]211/main_arm6,offline
"elf,ua-wget",http[:]//94[.]154[.]43[.]211/main_x86,offline
"elf,ua-wget",http[:]//94[.]154[.]43[.]211/main_arm7,offline
"elf,ua-wget",http[:]//94[.]154[.]43[.]211/main_ppc,offline
"elf,ua-wget",http[:]//94[.]154[.]43[.]211/debug[.]dbg,offline
"elf,ua-wget",http[:]//176[.]65[.]132[.]207/hiddenbin/boatnet[.]ppc,offline
"elf,ua-wget",http[:]//176[.]65[.]132[.]207/hiddenbin/boatnet[.]spc,offline
"elf,mirai,ua-wget",http[:]//176[.]65[.]132[.]207/hiddenbin/boatnet[.]sh4,offline
"elf,ua-wget",http[:]//176[.]65[.]132[.]207/hiddenbin/boatnet[.]arm5,offline
"elf,ua-wget",http[:]//94[.]154[.]43[.]211/main_x86_64,offline
"elf,ua-wget",http[:]//176[.]65[.]132[.]207/hiddenbin/boatnet[.]arc,offline
"elf,ua-wget",http[:]//176[.]65[.]132[.]207/hiddenbin/boatnet[.]arm6,offline
"elf,ua-wget",http[:]//176[.]65[.]132[.]207/hiddenbin/boatnet[.]m68k,offline
"elf,ua-wget",http[:]//176[.]65[.]132[.]207/hiddenbin/boatnet[.]mips,offline
"elf,ua-wget",http[:]//176[.]65[.]132[.]207/hiddenbin/boatnet[.]x86,offline
"elf,ua-wget",http[:]//176[.]65[.]132[.]207/hiddenbin/boatnet[.]arm,offline
"elf,ua-wget",http[:]//176[.]65[.]132[.]207/hiddenbin/boatnet[.]arm7,offline
"elf,mirai,ua-wget",http[:]//46[.]151[.]182[.]200/sh4,online
"elf,mirai,ua-wget",http[:]//93[.]152[.]221[.]92/main_arm7,offline
"elf,mirai,ua-wget",http[:]//85[.]11[.]167[.]79/main_x86_64,offline
"elf,mirai,ua-wget",http[:]//85[.]11[.]167[.]79/main_ppc,offline
"elf,mirai,ua-wget",http[:]//85[.]11[.]167[.]79/main_m68k,offline
"elf,mirai,ua-wget",http[:]//93[.]152[.]221[.]92/main_m68k,offline
"elf,mirai,ua-wget",http[:]//85[.]11[.]167[.]79/main_x86,offline
"elf,mirai,ua-wget",http[:]//93[.]152[.]221[.]92/main_arm6,offline
"elf,mirai,ua-wget",http[:]//93[.]152[.]221[.]92/main_x86_64,offline
"elf,mirai,ua-wget",http[:]//85[.]11[.]167[.]79/main_arm7,offline
"elf,mirai,ua-wget",http[:]//93[.]152[.]221[.]92/main_x86,offline
"32-bit,elf,mips,Mozi",http[:]//182[.]183[.]14[.]57[:]33638/i,offline
Mozi,http[:]//219[.]155[.]202[.]224[:]39256/i,offline
"32-bit,elf,mips,Mozi",http[:]//182[.]183[.]14[.]57[:]33638/bin[.]sh,offline
,http[:]//150[.]241[.]65[.]250[:]889/venv/lib/python3[.]12/site-packages/cffi-2[.]1[.]1[.]dist-info/METADATA,offline
Mozi,http[:]//219[.]155[.]202[.]224[:]39256/bin[.]sh,offline
,http[:]//150[.]241[.]65[.]250[:]889/venv/lib/python3[.]12/site-packages/pip/_vendor/urllib3/fields[.]py,offline
,http[:]//150[.]241[.]65[.]250[:]889/venv/lib64/python3[.]12/site-packages/cryptography/hazmat/bindings/_rust[.]abi3[.]so,offline
,http[:]//150[.]241[.]65[.]250[:]889/venv/bin/python3[.]12,offline
"32-bit,elf,mips,Mozi",http[:]//219[.]157[.]244[.]150[:]59913/i,offline
mirai,http[:]//125[.]25[.]205[.]234[:]41954/i,offline
"32-bit,elf,mips,Mozi",http[:]//219[.]157[.]244[.]150[:]59913/bin[.]sh,offline
"32-bit,elf,mips,Mozi",http[:]//60[.]22[.]247[.]3[:]37470/i,offline
mirai,http[:]//125[.]25[.]205[.]234[:]41954/bin[.]sh,offline
"32-bit,elf,mips,Mozi",http[:]//119[.]179[.]238[.]227[:]50903/i,offline
Mozi,http[:]//182[.]118[.]244[.]56[:]47402/i,offline
,http[:]//175[.]165[.]150[.]216[:]43891/i,online
Mozi,http[:]//182[.]118[.]244[.]56[:]47402/bin[.]sh,offline
"32-bit,elf,mips,Mozi",http[:]//119[.]179[.]238[.]227[:]50903/bin[.]sh,offline
,http[:]//175[.]165[.]150[.]216[:]43891/bin[.]sh,offline
"32-bit,elf,mips,Mozi",http[:]//42[.]231[.]201[.]3[:]41551/i,offline
"d52f85,dropped-by-amadey",http[:]//62[.]60[.]226[.]140/files/7782139129/8I85ZiR[.]exe,offline
"d52f85,dropped-by-amadey",http[:]//62[.]60[.]226[.]140/files/7782139129/ICc4pxM[.]exe,offline
mirai,http[:]//105[.]184[.]31[.]186[:]51557/i,offline
"32-bit,elf,mips,Mozi",http[:]//182[.]117[.]124[.]53[:]38038/i,offline
"32-bit,elf,mips,Mozi",http[:]//60[.]19[.]240[.]88[:]49386/i,offline
"32-bit,arm,elf,mirai,Mozi",http[:]//125[.]65[.]145[.]0[:]52445/i,offline
"Amos,backdoor,ClickFix,macho,macOS,MacSync,safeguard-build,stealer,token-001e07c9,UnstoppableDomains,zsh",https[:]//genovaw[.]com/loader/agent/001e07c934e19b9d10f621c6b7546b43b2fb1c7b8fce2625fc7b767dfb626336,offline
"Amos,ClickFix,macOS,MacSync,safeguard-build,stealer,token-001e07c9,UnstoppableDomains,zsh,zsh-stage1",https[:]//genovaw[.]com/curl/001e07c934e19b9d10f621c6b7546b43b2fb1c7b8fce2625fc7b767dfb626336,offline
"Amos,ClickFix,macOS,MacSync,old-build-mirror,safeguard-build,stealer,token-b54cc90c,UnstoppableDomains,zsh,zsh-stage1",https[:]//implantdentistrytx[.]com/curl/b54cc90c9143f757e0ac59356414f14447d5f9cbbae0b0e61cf6b4e8ced28f42,offline
"cowrie,honeypot",http[:]//139[.]144[.]207[.]208/wget,offline
mirai,http[:]//105[.]184[.]31[.]186[:]51557/bin[.]sh,offline
"32-bit,arm,elf,mirai,Mozi",http[:]//125[.]65[.]145[.]0[:]52445/bin[.]sh,offline
"32-bit,arm,elf,mirai,Mozi",http[:]//180[.]190[.]108[.]2[:]59238/i,offline
"32-bit,arm,elf,mirai,Mozi",http[:]//180[.]190[.]108[.]2[:]59238/bin[.]sh,offline
"32-bit,arm,elf,mirai,Mozi",http[:]//58[.]65[.]210[.]9[:]32979/i,offline
"32-bit,arm,elf,mirai,Mozi",http[:]//105[.]186[.]118[.]54[:]40687/bin[.]sh,offline
"32-bit,arm,elf,mirai,Mozi",http[:]//58[.]65[.]210[.]9[:]32979/bin[.]sh,offline
"32-bit,arm,elf,mirai,Mozi",http[:]//219[.]156[.]99[.]138[:]35757/bin[.]sh,offline
"d52f85,dropped-by-amadey",http[:]//62[.]60[.]226[.]140/files/8824255239/kdXmkaA[.]exe,offline
"32-bit,elf,mips,Mozi",http[:]//182[.]120[.]6[.]67[:]60004/i,offline
"32-bit,elf,mips,Mozi",http[:]//115[.]49[.]27[.]226[:]32891/i,offline
mirai,http[:]//116[.]209[.]163[.]242[:]51681/i,offline
mirai,http[:]//112[.]198[.]195[.]40[:]43729/i,offline
"32-bit,elf,mips,Mozi",http[:]//115[.]49[.]27[.]226[:]32891/bin[.]sh,offline
"SilentNet,stealer",https[:]//kryptonclient-donutsmp[.]com/krypton-client-2[.]5[.]3[.]jar,offline
SilentNet,https[:]//radium-client[.]org/RadiumClient-1[.]4[.]2[.]jar,offline
mirai,http[:]//112[.]198[.]195[.]40[:]43729/bin[.]sh,offline
"176-65-134-121-8080,elf,mirai,ua-wget",http[:]//176[.]65[.]134[.]121[:]8080/bot[.]mips,online
"176-65-134-121-8080,elf,mirai,ua-wget",http[:]//176[.]65[.]134[.]121[:]8080/bot[.]x86_64,online
"176-65-148-112,exe,ua-wget",http[:]//176[.]65[.]148[.]112/win[.]exe,online
"158-94-208-79,elf,ua-wget",http[:]//158[.]94[.]208[.]79/armv7l,online
"32-bit,arm,elf,mirai,Mozi",http[:]//183[.]92[.]207[.]51[:]57994/i,offline
"94-154-43-156,elf,mirai,ua-wget",http[:]//94[.]154[.]43[.]156/x86_64,offline
"32-bit,elf,mips,Mozi",http[:]//42[.]230[.]33[.]233[:]54464/i,offline
"CoinMiner,d52f85,dropped-by-amadey",http[:]//62[.]60[.]226[.]140/files/logkni/rop[.]exe,offline
"32-bit,elf,mips,Mozi",http[:]//112[.]239[.]101[.]210[:]52848/i,offline
"32-bit,elf,mips,Mozi",http[:]//42[.]230[.]33[.]233[:]54464/bin[.]sh,offline
"32-bit,elf,mips,Mozi",http[:]//182[.]113[.]212[.]56[:]33107/i,offline
"elf,mirai,ua-wget",http[:]//176[.]65[.]139[.]206/main_x86_64,offline
"elf,mirai,ua-wget",http[:]//176[.]65[.]139[.]206/main_ppc,offline
"elf,mirai,ua-wget",http[:]//176[.]65[.]139[.]206/main_mips,offline
"elf,mirai,ua-wget",http[:]//176[.]65[.]139[.]206/main_arm7,offline
"elf,gafgyt,ua-wget",http[:]//46[.]151[.]182[.]200/arm5,online
"elf,gafgyt,ua-wget",http[:]//46[.]151[.]182[.]200/i686,online
"elf,mirai,ua-wget",http[:]//46[.]151[.]182[.]200/arc,online
"elf,gafgyt,ua-wget",http[:]//46[.]151[.]182[.]200/i586,online
"elf,gafgyt,ua-wget",http[:]//46[.]151[.]182[.]200/mips,online
"elf,mirai,ua-wget",http[:]//46[.]151[.]182[.]200/sparc,online
"elf,gafgyt,ua-wget",http[:]//46[.]151[.]182[.]200/mipsel,online
"elf,gafgyt,ua-wget",http[:]//46[.]151[.]182[.]200/m68k,online
"elf,gafgyt,ua-wget",http[:]//46[.]151[.]182[.]200/arm4,online
"elf,gafgyt,ua-wget",http[:]//46[.]151[.]182[.]200/ppc,online
"elf,mirai,ua-wget",http[:]//46[.]151[.]182[.]200/arm6,online
"elf,mirai,ua-wget",http[:]//176[.]65[.]139[.]206/main_arm,offline
"elf,mirai,ua-wget",http[:]//176[.]65[.]139[.]206/main_x86,offline
"elf,ua-wget",http[:]//176[.]65[.]139[.]206/main_m68k,offline
"elf,mirai,ua-wget",http[:]//176[.]65[.]139[.]206/main_mpsl,offline
"elf,mirai,ua-wget",http[:]//176[.]65[.]139[.]206/main_sh4,offline
"elf,mirai,ua-wget",http[:]//176[.]65[.]139[.]206/main_arm6,offline
"32-bit,elf,mips,Mozi",http[:]//119[.]186[.]205[.]186[:]38781/i,offline
"32-bit,elf,mips,Mozi",http[:]//119[.]166[.]68[.]97[:]43910/i,offline
"32-bit,elf,mips,Mozi",http[:]//112[.]239[.]101[.]210[:]52848/bin[.]sh,offline
"32-bit,elf,mips,Mozi",http[:]//182[.]113[.]212[.]56[:]33107/bin[.]sh,offline
"176-65-139-208,elf,mirai,ua-wget",http[:]//176[.]65[.]139[.]208/bins/arm5,online
"176-65-139-208,elf,mirai,ua-wget",http[:]//176[.]65[.]139[.]208/bins/arm7,online
"176-65-139-208,elf,mirai,ua-wget",http[:]//176[.]65[.]139[.]208/bins/mpsl,online
"176-65-139-208,elf,mirai,ua-wget",http[:]//176[.]65[.]139[.]208/bins/mips,online
"176-65-139-208,elf,mirai,ua-wget",http[:]//176[.]65[.]139[.]208/bins/arm6,online
"176-65-139-234,elf,mirai,ua-wget",http[:]//176[.]65[.]139[.]234/main_arm5,online
"176-65-139-234,elf,mirai,ua-wget",http[:]//176[.]65[.]139[.]234/main_ppc,online
"176-65-139-157,elf,mirai,ua-wget",http[:]//176[.]65[.]139[.]157/fvbig/sever1078[.]arm6l,online
"176-65-139-157,elf,mirai,ua-wget",http[:]//176[.]65[.]139[.]157/fvbig/sever1078[.]arm5,online
"176-65-139-157,elf,mirai,ua-wget",http[:]//176[.]65[.]139[.]157/fvbig/sever1078[.]mpsl,online
"176-65-139-157,elf,mirai,ua-wget",http[:]//176[.]65[.]139[.]157/fvbig/sever1078[.]armeabi-v7a,online
"176-65-139-157,elf,mirai,ua-wget",http[:]//176[.]65[.]139[.]157/fvbig/sever1078[.]x86_64,online
"176-65-139-157,elf,mirai,ua-wget",http[:]//176[.]65[.]139[.]157/fvbig/sever1078[.]mips,online
"176-65-139-157,elf,mirai,ua-wget",http[:]//176[.]65[.]139[.]157/fvbig/sever1078[.]arm64,online
"176-65-139-157,elf,mirai,ua-wget",http[:]//176[.]65[.]139[.]157/fvbig/sever1078[.]spc,online
"176-65-139-157,elf,mirai,ua-wget",http[:]//176[.]65[.]139[.]157/fvbig/sever1078[.]arm,online
"176-65-139-157,elf,mirai,ua-wget",http[:]//176[.]65[.]139[.]157/fvbig/sever1078[.]arm7,online
"176-65-139-157,elf,mirai,ua-wget",http[:]//176[.]65[.]139[.]157/fvbig/sever1078[.]arc,online
"32-bit,arm,elf,mirai,Mozi",http[:]//105[.]186[.]118[.]54[:]40687/i,offline
"176-65-139-157,elf,mirai,ua-wget",http[:]//176[.]65[.]139[.]157/fvbig/sever1078[.]ppc,online
"176-65-139-157,elf,mirai,ua-wget",http[:]//176[.]65[.]139[.]157/fvbig/sever1078[.]i686,online
"176-65-139-157,elf,mirai,ua-wget",http[:]//176[.]65[.]139[.]157/fvbig/sever1078[.]m68k,online
"176-65-139-157,elf,mirai,ua-wget",http[:]//176[.]65[.]139[.]157/fvbig/sever1078[.]arm6,online
"176-65-139-157,elf,mirai,ua-wget",http[:]//176[.]65[.]139[.]157/fvbig/sever1078[.]x86,online
"176-65-139-157,elf,mirai,ua-wget",http[:]//176[.]65[.]139[.]157/fvbig/sever1078[.]sh4,online
"176-65-139-157,sh,ua-wget",http[:]//176[.]65[.]139[.]157/1[.]sh,offline
"176-65-139-157,sh,ua-wget",http[:]//176[.]65[.]139[.]157/wawan[.]sh,offline
"32-bit,elf,mips,Mozi",http[:]//202[.]1[.]26[.]70[:]59283/bin[.]sh,offline
"94-154-43-241,elf,ua-wget",http[:]//94[.]154[.]43[.]241/bins/x86_64,offline
"94-154-43-241,elf,mirai,ua-wget",http[:]//94[.]154[.]43[.]241/bins/arm5,offline
"94-154-43-241,elf,mirai,ua-wget",http[:]//94[.]154[.]43[.]241/bins/m68k,offline
"94-154-43-241,elf,ua-wget",http[:]//94[.]154[.]43[.]241/bins/spc,offline
"94-154-43-241,elf,mirai,ua-wget",http[:]//94[.]154[.]43[.]241/bins/arm6,offline
"94-154-43-241,elf,ua-wget",http[:]//94[.]154[.]43[.]241/bins/mpsl,offline
"94-154-43-241,elf,ua-wget",http[:]//94[.]154[.]43[.]241/bins/i686,offline
"94-154-43-241,elf,ua-wget",http[:]//94[.]154[.]43[.]241/bins/musl,offline
"94-154-43-241,elf,mirai,ua-wget",http[:]//94[.]154[.]43[.]241/bins/ppc,offline
"94-154-43-241,elf,ua-wget",http[:]//94[.]154[.]43[.]241/bins/x86,offline
"94-154-43-241,elf,mirai,ua-wget",http[:]//94[.]154[.]43[.]241/bins/dbg,offline
"94-154-43-241,elf,mirai,ua-wget",http[:]//94[.]154[.]43[.]241/bins/mips,offline
"94-154-43-241,elf,mirai,ua-wget",http[:]//94[.]154[.]43[.]241/bins/arm7,offline
"94-154-43-241,elf,mirai,ua-wget",http[:]//94[.]154[.]43[.]241/bins/sh4,offline
"94-154-43-241,elf,mirai,ua-wget",http[:]//94[.]154[.]43[.]241/bins/arm,offline
"32-bit,elf,mips,Mozi",http[:]//119[.]166[.]68[.]97[:]43910/bin[.]sh,offline
Mozi,http[:]//115[.]61[.]17[.]43[:]36475/i,offline
"32-bit,elf,mips,Mozi",http[:]//123[.]189[.]140[.]235[:]40664/i,online
"32-bit,elf,mips,Mozi",http[:]//123[.]189[.]140[.]235[:]40664/bin[.]sh,offline
Mozi,http[:]//115[.]61[.]17[.]43[:]36475/bin[.]sh,offline
"AppleScript,ClickFix,infostealer,macOS,scpt",https[:]//update[.]googlecert[.]help/Installer%20GoogleCert[.]scpt,offline
"c2-monitor-auto,dropped-by-amadey",http[:]//91[.]92[.]242[.]236/files-129312398/files/file_c2ac581522120018[.]exe,offline
"c2-monitor-auto,dropped-by-amadey,Stealc",http[:]//91[.]92[.]242[.]236/files-129312398/files/file_76557ad9a956049b[.]exe,offline
,https[:]//c1[.]dstatbots[.]win/dstat/,offline
"32-bit,elf,mips,Mozi",http[:]//42[.]239[.]238[.]31[:]49751/bin[.]sh,offline
"32-bit,elf,mips,Mozi",http[:]//42[.]239[.]232[.]244[:]39023/i,offline
"32-bit,elf,mips,Mozi",http[:]//42[.]239[.]232[.]244[:]39023/bin[.]sh,offline
"32-bit,elf,mips,Mozi",http[:]//175[.]175[.]36[.]192[:]38792/i,online
,http[:]//94[.]241[.]30[.]16[:]52465/i,offline
"32-bit,elf,mips,Mozi",http[:]//175[.]175[.]36[.]192[:]38792/bin[.]sh,online
"32-bit,elf,mips,Mozi",http[:]//178[.]35[.]81[.]8[:]42063/i,offline
"32-bit,elf,mips,Mozi",http[:]//39[.]59[.]57[.]253[:]43968/i,offline
"32-bit,elf,mips,Mozi",http[:]//39[.]59[.]57[.]253[:]43968/bin[.]sh,offline
"bat,connectwise",https[:]//github[.]com/flyingman11/Monero/releases/download/v1[.]0[.]0/Monero-installer-v1[.]0[.]0[.]bat,online
"32-bit,arm,elf,mirai,Mozi",http[:]//196[.]190[.]105[.]170[:]39910/i,offline
Mozi,http[:]//115[.]61[.]118[.]230[:]46482/bin[.]sh,offline
Mozi,http[:]//112[.]248[.]247[.]253[:]50048/i,offline
"32-bit,elf,mips,Mozi",http[:]//113[.]230[.]65[.]104[:]46052/i,offline
,http[:]//217[.]60[.]97[.]40/r/up[.]txt,offline
"32-bit,arm,elf,mirai,Mozi",http[:]//170[.]238[.]123[.]135[:]33318/i,offline
"32-bit,elf,mips,Mozi",http[:]//27[.]220[.]80[.]126[:]49696/i,offline
Mozi,http[:]//112[.]248[.]247[.]253[:]50048/bin[.]sh,offline
"32-bit,elf,mips,Mozi",http[:]//113[.]230[.]65[.]104[:]46052/bin[.]sh,offline
"32-bit,elf,mips,Mozi",http[:]//123[.]14[.]192[.]80[:]44348/i,offline
"32-bit,arm,elf,mirai,Mozi",http[:]//170[.]238[.]123[.]135[:]33318/bin[.]sh,offline
mirai,http[:]//222[.]127[.]76[.]16[:]60349/i,offline
,http[:]//175[.]175[.]71[.]204[:]60282/i,offline
mirai,http[:]//37[.]98[.]127[.]184[:]37798/i,offline
mirai,http[:]//37[.]98[.]127[.]184[:]37798/bin[.]sh,offline
Mozi,http[:]//222[.]140[.]181[.]143[:]59511/i,offline
mirai,http[:]//58[.]23[.]80[.]161[:]41687/i,online
mirai,http[:]//187[.]142[.]86[.]112[:]39559/i,offline
mirai,http[:]//170[.]84[.]133[.]234[:]56140/i,offline
mirai,http[:]//223[.]151[.]75[.]55[:]51379/bin[.]sh,offline
,http[:]//221[.]15[.]15[.]87[:]41114/bin[.]sh,offline
,http[:]//42[.]55[.]7[.]232[:]55832/i,online
mirai,http[:]//27[.]24[.]40[.]180[:]50081/i,offline
,http[:]//42[.]179[.]154[.]108[:]52470/i,online
Mozi,http[:]//186[.]149[.]204[.]12[:]44092/bin[.]sh,offline
Mozi,http[:]//182[.]116[.]37[.]55[:]48418/i,offline
Mozi,http[:]//27[.]202[.]213[.]104[:]47161/i,offline
,http[:]//59[.]97[.]250[.]69[:]33684/bin[.]sh,offline
,http[:]//175[.]175[.]63[.]177[:]56180/bin[.]sh,online
,http[:]//175[.]166[.]115[.]209[:]55257/bin[.]sh,online
Mozi,http[:]//27[.]202[.]213[.]104[:]47161/bin[.]sh,offline
mirai,http[:]//182[.]126[.]143[.]32[:]60965/bin[.]sh,offline
,http[:]//95[.]54[.]82[.]154[:]29012/i,online
Mozi,http[:]//182[.]127[.]28[.]232[:]46971/i,offline
,http[:]//180[.]110[.]39[.]190[:]3588/bin[.]sh,offline
mirai,http[:]//187[.]142[.]86[.]112[:]39559/bin[.]sh,offline
mirai,http[:]//164[.]163[.]25[.]177[:]49334/bin[.]sh,offline
mirai,http[:]//46[.]252[.]33[.]253[:]58901/i,offline
Mozi,http[:]//182[.]126[.]86[.]37[:]36430/bin[.]sh,offline
Mozi,http[:]//182[.]116[.]51[.]230[:]38010/bin[.]sh,offline
Mozi,http[:]//221[.]14[.]37[.]243[:]47221/i,offline
Mozi,http[:]//159[.]196[.]55[.]40[:]52215/i,online
Mozi,http[:]//182[.]126[.]86[.]37[:]36430/i,offline
mirai,http[:]//183[.]23[.]130[.]153[:]54790/bin[.]sh,offline
mirai,http[:]//180[.]190[.]185[.]100[:]51465/i,offline
,http[:]//175[.]174[.]100[.]13[:]42309/bin[.]sh,online
mirai,http[:]//221[.]209[.]103[.]66[:]46379/i,offline
mirai,http[:]//183[.]128[.]113[.]74[:]41782/bin[.]sh,offline
mirai,http[:]//222[.]127[.]76[.]16[:]60349/bin[.]sh,offline
mirai,http[:]//221[.]15[.]187[.]9[:]56991/i,offline
mirai,http[:]//175[.]173[.]212[.]106[:]54349/bin[.]sh,offline
Mozi,http[:]//42[.]224[.]28[.]149[:]34525/i,offline
mirai,http[:]//222[.]173[.]239[.]186[:]60503/i,online
mirai,http[:]//223[.]151[.]75[.]55[:]51379/i,offline
mirai,http[:]//182[.]52[.]72[.]14[:]45483/bin[.]sh,offline
,http[:]//178[.]206[.]102[.]22[:]49024/i,offline
,http[:]//42[.]6[.]60[.]216[:]53925/i,offline
mirai,http[:]//46[.]159[.]136[.]93[:]50492/bin[.]sh,offline
Mozi,http[:]//219[.]157[.]186[.]104[:]55676/i,offline
Mozi,http[:]//219[.]157[.]186[.]104[:]55676/bin[.]sh,offline
Mozi,http[:]//221[.]14[.]37[.]243[:]47221/bin[.]sh,offline
Mozi,http[:]//182[.]121[.]9[.]253[:]59649/i,offline
mirai,http[:]//222[.]127[.]73[.]23[:]55820/i,offline
,http[:]//182[.]126[.]117[.]243[:]52960/bin[.]sh,offline
Mozi,http[:]//85[.]219[.]201[.]2[:]42660/i,offline
,http[:]//221[.]15[.]15[.]87[:]41114/i,offline
mirai,http[:]//183[.]128[.]113[.]74[:]41782/i,offline
mirai,http[:]//193[.]187[.]101[.]227[:]48156/i,online
mirai,http[:]//193[.]187[.]101[.]227[:]48156/bin[.]sh,online
,http[:]//175[.]174[.]100[.]13[:]42309/i,online
,http[:]//175[.]166[.]115[.]209[:]55257/i,online
,http[:]//175[.]175[.]63[.]177[:]56180/i,online
Mozi,http[:]//219[.]157[.]7[.]128[:]34448/i,offline
,http[:]//27[.]37[.]101[.]170[:]52175/i,offline
mirai,http[:]//177[.]84[.]28[.]154[:]33407/i,offline
mirai,http[:]//170[.]84[.]133[.]234[:]56140/bin[.]sh,offline
,http[:]//175[.]147[.]225[.]150[:]37066/i,offline
Mozi,http[:]//42[.]224[.]188[.]114[:]52819/i,offline
Mozi,http[:]//42[.]239[.]12[.]252[:]36146/bin[.]sh,offline
Mozi,http[:]//222[.]138[.]214[.]222[:]52414/i,offline
Mozi,http[:]//61[.]163[.]149[.]2[:]47861/i,offline
Mozi,http[:]//42[.]239[.]12[.]252[:]36146/i,offline
mirai,http[:]//27[.]153[.]144[.]194[:]49429/bin[.]sh,offline
,http[:]//175[.]147[.]225[.]150[:]37066/bin[.]sh,offline
mirai,http[:]//27[.]153[.]144[.]194[:]49429/i,offline
,http[:]//27[.]44[.]145[.]153[:]53273/i,offline
Mozi,http[:]//182[.]121[.]9[.]253[:]59649/bin[.]sh,offline
Mozi,http[:]//42[.]224[.]196[.]233[:]55298/bin[.]sh,offline
,http[:]//163[.]142[.]93[.]214[:]42447/i,offline
mirai,http[:]//222[.]173[.]239[.]186[:]60503/bin[.]sh,online
mirai,http[:]//42[.]234[.]72[.]213[:]55509/bin[.]sh,offline
,http[:]//175[.]148[.]2[.]195[:]45066/bin[.]sh,offline
Mozi,http[:]//42[.]239[.]238[.]31[:]49751/i,offline
,http[:]//175[.]173[.]130[.]151[:]57947/i,offline
Mozi,http[:]//59[.]103[.]116[.]83[:]60542/bin[.]sh,offline
Mozi,http[:]//221[.]0[.]56[.]130[:]49220/bin[.]sh,offline
mirai,http[:]//221[.]15[.]187[.]9[:]56991/bin[.]sh,offline
Mozi,http[:]//27[.]215[.]124[.]221[:]51704/bin[.]sh,offline
,http[:]//175[.]165[.]81[.]227[:]44202/i,offline
mirai,http[:]//45[.]177[.]32[.]104[:]37770/bin[.]sh,offline
,http[:]//175[.]146[.]154[.]144[:]50845/i,offline
mirai,http[:]//170[.]254[.]10[.]219[:]36562/i,offline
,http[:]//42[.]6[.]60[.]216[:]53925/bin[.]sh,offline
,http[:]//42[.]177[.]186[.]47[:]44672/i,offline
,http[:]//60[.]21[.]175[.]220[:]52097/bin[.]sh,online
,http[:]//182[.]126[.]117[.]243[:]52960/i,offline
,http[:]//60[.]19[.]223[.]178[:]56221/i,offline
,http[:]//221[.]200[.]217[.]246[:]44036/i,offline
,http[:]//221[.]200[.]217[.]246[:]44036/bin[.]sh,offline
,http[:]//60[.]23[.]233[.]134[:]53829/i,offline
"32-bit,elf,mips,Mozi",http[:]//123[.]14[.]192[.]80[:]44348/bin[.]sh,offline
"32-bit,arm,elf,mirai,Mozi",http[:]//182[.]126[.]143[.]32[:]60965/i,offline
"32-bit,arm,elf,mirai,Mozi",http[:]//170[.]254[.]10[.]219[:]36562/bin[.]sh,offline
"c2-monitor-auto,dropped-by-amadey,RemusStealer",http[:]//91[.]92[.]242[.]236/files-129312398/files/file_3bff196d75bd390f[.]exe,offline
,http[:]//217[.]60[.]195[.]239/mpsl,offline
,http[:]//217[.]60[.]195[.]239/mips,offline
,http[:]//217[.]60[.]195[.]239/arm7,offline
"32-bit,elf,mips,Mozi",http[:]//59[.]97[.]249[.]41[:]39681/i,offline
"32-bit,arm,elf,mirai,Mozi",http[:]//219[.]156[.]99[.]138[:]35757/i,offline
"32-bit,elf,mips,Mozi",http[:]//221[.]15[.]255[.]59[:]52731/i,offline
"32-bit,elf,mips,Mozi",http[:]//222[.]140[.]159[.]192[:]48083/bin[.]sh,offline
"32-bit,arm,elf,mirai,Mozi",http[:]//171[.]214[.]226[.]22[:]55713/i,offline
"32-bit,elf,mips,Mozi",http[:]//182[.]117[.]70[.]206[:]45012/i,offline
"32-bit,elf,mips,Mozi",http[:]//212[.]69[.]61[.]19[:]44444/i,offline
"32-bit,elf,mips,Mozi",http[:]//221[.]15[.]255[.]59[:]52731/bin[.]sh,offline
"32-bit,arm,elf,mirai,Mozi",http[:]//171[.]214[.]226[.]22[:]55713/bin[.]sh,offline
"32-bit,elf,mips,Mozi",http[:]//112[.]248[.]184[.]226[:]56893/i,offline
"32-bit,elf,mips,Mozi",http[:]//115[.]61[.]118[.]230[:]46482/i,offline
"32-bit,elf,mips,Mozi",http[:]//182[.]117[.]70[.]206[:]45012/bin[.]sh,offline
"32-bit,elf,mips,Mozi",http[:]//112[.]248[.]184[.]226[:]56893/bin[.]sh,offline
"elf,ua-wget",http[:]//45[.]194[.]92[.]41/z/89/mips,offline
"elf,ua-wget",http[:]//45[.]194[.]92[.]41/001010101010010110101011101010101101010111010101/nwfaiehg4ewijfgriehgirehaughrarg[.]mpsl,offline
"elf,mirai,ua-wget",http[:]//45[.]194[.]92[.]41/LjEZs/uYtea[.]m68k,offline
"elf,ua-wget",http[:]//45[.]194[.]92[.]41/0010101010100101101010111010101/nwfaiehg4ewijfgriehgirehaughrarg[.]arm5,offline
"elf,ua-wget",http[:]//45[.]194[.]92[.]41/bins/pmips,offline
"elf,mirai,ua-wget",http[:]//45[.]194[.]92[.]41/001010101010010110101011101010101101010111010101/nwfaiehg4ewijfgriehgirehaughrarg[.]arm5,offline
"elf,ua-wget",http[:]//45[.]194[.]92[.]41/bins/psh4,offline
"elf,ua-wget",http[:]//45[.]194[.]92[.]41/001010101010010110101011101010101101010111010101/nwfaiehg4ewijfgriehgirehaughrarg[.]ppc,offline
"elf,ua-wget",http[:]//45[.]194[.]92[.]41/hiddenbin/Space[.]mips,offline
"elf,gafgyt,ua-wget",http[:]//146[.]19[.]198[.]131/telnetd,online
"elf,gafgyt,ua-wget",http[:]//220[.]158[.]234[.]65/m-6[.]8-k[.]Sakura,online
"elf,gafgyt,ua-wget",http[:]//220[.]158[.]234[.]65/x-8[.]6-[.]Sakura,online
"elf,gafgyt,ua-wget",http[:]//220[.]158[.]234[.]65/s-h[.]4-[.]Sakura,online
"elf,gafgyt,ua-wget",http[:]//220[.]158[.]234[.]65/a-r[.]m-4[.]Sakura,online
"elf,mirai,ua-wget",http[:]//5[.]175[.]222[.]237/bins/mips,online
"elf,mirai,ua-wget",http[:]//5[.]175[.]222[.]237/bins/arm5,online
"elf,ua-wget",http[:]//45[.]194[.]92[.]41/bins/sora[.]m68k,offline
"elf,ua-wget",http[:]//45[.]194[.]92[.]41/bins/sora[.]arm,offline
"elf,ua-wget",http[:]//45[.]194[.]92[.]41/bins/sora[.]arm7,offline
"elf,ua-wget",http[:]//45[.]194[.]92[.]41/arm,offline
"elf,mirai,ua-wget",http[:]//45[.]194[.]92[.]41/x86,offline
"elf,ua-wget",http[:]//45[.]194[.]92[.]41/mpsl,offline
"elf,ua-wget",http[:]//45[.]194[.]92[.]41/sh4,offline
"elf,mirai,ua-wget",http[:]//5[.]175[.]222[.]237/bins/x86,online
"elf,mirai,ua-wget",http[:]//5[.]175[.]222[.]237/bins/arm6,online
"elf,mirai,ua-wget",http[:]//5[.]175[.]222[.]237/bins/arm7,online
"elf,mirai,ua-wget",http[:]//5[.]175[.]222[.]237/bins/m68k,online
mirai,http[:]//185[.]9[.]139[.]117[:]60732/i,offline
"connectwise,msi,rmm,screenconnect",http[:]//54[.]54[.]43[.]70[:]8040/Bin/ScreenConnect[.]ClientSetup[.]msi,offline
"c2-monitor-auto,dropped-by-amadey",https[:]//rmm[.]smartscreen[.]lifestyle/download/loader[.]exe,offline
"32-bit,elf,mips,Mozi",http[:]//190[.]109[.]240[.]131[:]59948/i,offline
mirai,http[:]//185[.]9[.]139[.]117[:]60732/bin[.]sh,offline
mirai,http[:]//196[.]190[.]10[.]252[:]43626/i,offline
"32-bit,elf,mips,Mozi",http[:]//190[.]109[.]240[.]131[:]59948/bin[.]sh,offline
mirai,http[:]//196[.]190[.]10[.]252[:]43626/bin[.]sh,offline
"32-bit,arm,elf,mirai,Mozi",http[:]//124[.]234[.]207[.]204[:]54858/i,online
"c2-monitor-auto,dropped-by-amadey",http[:]//91[.]92[.]242[.]236/files-129312398/files/file_f5287192891ab0b3[.]exe,offline
"32-bit,arm,elf,mirai,Mozi",http[:]//222[.]127[.]154[.]221[:]53039/i,offline
"32-bit,arm,elf,mirai,Mozi",http[:]//120[.]28[.]215[.]200[:]59852/i,online
"32-bit,arm,elf,mirai,Mozi",http[:]//120[.]28[.]215[.]200[:]59852/bin[.]sh,online
"32-bit,elf,mips,Mozi",http[:]//61[.]137[.]129[.]154[:]47459/bin[.]sh,offline
"32-bit,elf,mips,Mozi",http[:]//221[.]15[.]219[.]187[:]50986/bin[.]sh,offline
"ascii,ClickFix",https[:]//api-relay[.]cc/hex/traffic,offline
fakemas,https[:]//massgravel[.]net/Update[.]zip,offline
fakemas,https[:]//massgravel[.]net/Updatef[.]zip,offline
"elf,iot,Mozi",http[:]//42[.]7[.]119[.]110[:]43491/Mozi[.]m,online
"fakemas,powershell,ps1,ua-ps",https[:]//massgravel[.]net/get,offline
"redis,shell-script",http[:]//86[.]38[.]182[.]86/go[.]sh,offline
script,http[:]//92[.]112[.]124[.]119/bins/wget[.]sh,offline
"redis,shell-script",https[:]//files[.]catbox[.]moe/xlk3av[.]sh,offline
"c2-monitor-auto,dropped-by-amadey",http[:]//91[.]92[.]242[.]236/files-129312398/files/file_742b121e91ae4eee[.]exe,offline
"c2-monitor-auto,dropped-by-amadey",http[:]//91[.]92[.]242[.]236/files-129312398/files/file_6191e9005d808a32[.]exe,offline
"32-bit,arm,elf,mirai,Mozi",http[:]//27[.]210[.]89[.]227[:]38903/i,online
"32-bit,arm,elf,mirai,Mozi",http[:]//27[.]210[.]89[.]227[:]38903/bin[.]sh,online
Mozi,http[:]//112[.]248[.]163[.]165[:]55998/i,offline
"32-bit,arm,elf,mirai,Mozi",http[:]//105[.]224[.]111[.]111[:]58391/bin[.]sh,offline
"32-bit,elf,mips,Mozi",http[:]//39[.]74[.]235[.]56[:]50788/i,offline
"32-bit,elf,mips,Mozi",http[:]//123[.]10[.]153[.]208[:]54004/i,offline
"32-bit,elf,mips,Mozi",http[:]//112[.]248[.]163[.]165[:]55998/bin[.]sh,offline
"32-bit,elf,mips,Mozi",http[:]//123[.]10[.]153[.]208[:]54004/bin[.]sh,offline
"32-bit,elf,mips,Mozi",http[:]//115[.]55[.]189[.]90[:]53629/bin[.]sh,offline
"32-bit,elf,mips,Mozi",http[:]//119[.]118[.]15[.]202[:]46901/bin[.]sh,offline
mirai,http[:]//125[.]24[.]82[.]234[:]44386/i,offline
mirai,http[:]//125[.]24[.]82[.]234[:]44386/bin[.]sh,offline
"32-bit,arm,elf,mirai,Mozi",http[:]//180[.]252[.]219[.]2[:]38828/i,offline
"32-bit,arm,elf,mirai,Mozi",http[:]//180[.]252[.]219[.]2[:]38828/bin[.]sh,offline
"32-bit,elf,mips,Mozi",http[:]//115[.]56[.]111[.]183[:]33633/i,offline
"32-bit,elf,mips,Mozi",http[:]//175[.]148[.]117[.]80[:]41461/i,offline
Mozi,http[:]//115[.]55[.]171[.]65[:]34943/i,offline
"32-bit,elf,mips,Mozi",http[:]//175[.]148[.]117[.]80[:]41461/bin[.]sh,offline
"32-bit,elf,mips,Mozi",http[:]//103[.]160[.]130[.]109[:]52338/bin[.]sh,online
"32-bit,elf,mips,Mozi",http[:]//182[.]119[.]165[.]88[:]43098/i,offline
"32-bit,elf,mips,Mozi",http[:]//113[.]236[.]70[.]214[:]42403/i,offline
"32-bit,elf,mips,Mozi",http[:]//113[.]236[.]70[.]214[:]42403/bin[.]sh,offline
"32-bit,elf,mips,Mozi",http[:]//182[.]119[.]165[.]88[:]43098/bin[.]sh,offline
"32-bit,elf,mips,Mozi",http[:]//216[.]129[.]184[.]213[:]37015/i,offline
"32-bit,elf,mips,Mozi",http[:]//182[.]127[.]7[.]247[:]60965/i,offline
"32-bit,elf,mips,Mozi",http[:]//115[.]55[.]63[.]87[:]59639/bin[.]sh,offline
Mozi,http[:]//123[.]10[.]240[.]49[:]57187/i,offline
"32-bit,elf,mips,Mozi",http[:]//216[.]129[.]184[.]213[:]37015/bin[.]sh,online
"32-bit,elf,mips,Mozi",http[:]//182[.]127[.]7[.]247[:]60965/bin[.]sh,offline
"32-bit,arm,elf,mirai,Mozi",http[:]//125[.]24[.]167[.]30[:]34045/bin[.]sh,offline
"elf,mirai,ua-wget",http[:]//176[.]65[.]139[.]131/bins/i686,online
"elf,gafgyt,ua-wget",http[:]//220[.]158[.]234[.]65/a-r[.]m-6[.]Sakura,online
"elf,gafgyt,ua-wget",http[:]//220[.]158[.]234[.]65/a-r[.]m-5[.]Sakura,online
"elf,gafgyt,ua-wget",http[:]//220[.]158[.]234[.]65/a-r[.]m-7[.]Sakura,online
"elf,gafgyt,ua-wget",http[:]//220[.]158[.]234[.]65/m-i[.]p-s[.]Sakura,online
"elf,gafgyt,ua-wget",http[:]//220[.]158[.]234[.]65/i-5[.]8-6[.]Sakura,online
"elf,gafgyt,ua-wget",http[:]//220[.]158[.]234[.]65/p-p[.]c-[.]Sakura,online
"elf,gafgyt,ua-wget",http[:]//220[.]158[.]234[.]65/m-p[.]s-l[.]Sakura,online
"elf,gafgyt,ua-wget",http[:]//220[.]158[.]234[.]65/x-3[.]2-[.]Sakura,online
"elf,gafgyt,ua-wget",http[:]//146[.]19[.]198[.]131/sh,online
"elf,gafgyt,ua-wget",http[:]//146[.]19[.]198[.]131/ftp,online
"elf,gafgyt,ua-wget",http[:]//146[.]19[.]198[.]131/cron,online
"elf,gafgyt,ua-wget",http[:]//146[.]19[.]198[.]131/bash,online
"elf,gafgyt,ua-wget",http[:]//146[.]19[.]198[.]131/pftp,online
"elf,gafgyt,ua-wget",http[:]//146[.]19[.]198[.]131/apache2,online
"elf,gafgyt,ua-wget",http[:]//146[.]19[.]198[.]131/ntpd,online
"elf,gafgyt,ua-wget",http[:]//146[.]19[.]198[.]131/wget,online
"elf,gafgyt,ua-wget",http[:]//146[.]19[.]198[.]131/openssh,online
"elf,gafgyt,ua-wget",http[:]//146[.]19[.]198[.]131/sshd,online
"elf,mirai,ua-wget",http[:]//176[.]65[.]139[.]131/bins/mpsl,online
"32-bit,arm,elf,mirai,Mozi",http[:]//36[.]88[.]136[.]194[:]54521/i,offline
"32-bit,elf,mips,Mozi",http[:]//221[.]0[.]56[.]130[:]49220/i,offline
"32-bit,arm,elf,mirai,Mozi",http[:]//42[.]234[.]72[.]213[:]55509/i,offline
"32-bit,elf,mips,Mozi",http[:]//182[.]116[.]51[.]230[:]38010/i,offline
mirai,http[:]//105[.]184[.]7[.]6[:]49853/i,offline
"32-bit,elf,mips,Mozi",http[:]//83[.]228[.]109[.]209[:]38568/i,offline
"32-bit,arm,elf,mirai,Mozi",http[:]//138[.]204[.]196[.]244[:]50726/i,offline
"32-bit,elf,mips,Mozi",http[:]//83[.]228[.]109[.]209[:]38568/bin[.]sh,offline
"32-bit,arm,elf,mirai,Mozi",http[:]//138[.]204[.]196[.]244[:]50726/bin[.]sh,offline
"32-bit,elf,mips,Mozi",http[:]//42[.]231[.]73[.]143[:]48507/i,offline
,http[:]//119[.]116[.]87[.]232[:]48737/i,online
"32-bit,elf,mips,Mozi",http[:]//59[.]97[.]248[.]180[:]36849/bin[.]sh,offline
"32-bit,elf,mips,Mozi",http[:]//42[.]239[.]189[.]92[:]49081/i,offline
"32-bit,elf,mips,Mozi",http[:]//42[.]239[.]189[.]92[:]49081/bin[.]sh,offline
"32-bit,elf,mips,Mozi",http[:]//175[.]165[.]84[.]229[:]40004/i,offline
"32-bit,elf,mips,Mozi",http[:]//59[.]180[.]148[.]101[:]44426/bin[.]sh,offline
"32-bit,elf,mips,Mozi",http[:]//94[.]241[.]35[.]237[:]52465/i,offline
"32-bit,elf,mips,Mozi",http[:]//42[.]231[.]73[.]143[:]48507/bin[.]sh,offline
Mozi,http[:]//182[.]117[.]70[.]32[:]36403/i,offline
"32-bit,elf,mips,Mozi",http[:]//115[.]63[.]189[.]198[:]36990/i,offline
"32-bit,elf,mips,Mozi",http[:]//94[.]241[.]35[.]237[:]52465/bin[.]sh,offline
"32-bit,elf,mips,Mozi",http[:]//222[.]141[.]76[.]173[:]51351/i,offline
Mozi,http[:]//182[.]117[.]70[.]32[:]36403/bin[.]sh,offline
"32-bit,elf,mips,Mozi",http[:]//222[.]141[.]76[.]173[:]51351/bin[.]sh,offline
"32-bit,elf,mips,Mozi",http[:]//222[.]140[.]159[.]192[:]48083/i,offline
"32-bit,arm,elf,mirai,Mozi",http[:]//120[.]28[.]189[.]248[:]52467/i,offline
,https[:]//pub-e95a23a0e3944ef49a26647f1ec168e0[.]r2[.]dev/Docusign_Install_file[.]zip,offline
"32-bit,arm,elf,mirai,Mozi",http[:]//123[.]135[.]157[.]215[:]38284/i,offline
"32-bit,elf,mips,Mozi",http[:]//77[.]79[.]160[.]210[:]40029/i,offline
"32-bit,arm,elf,mirai,Mozi",http[:]//120[.]28[.]189[.]248[:]52467/bin[.]sh,offline
"32-bit,arm,elf,mirai,Mozi",http[:]//123[.]135[.]157[.]215[:]38284/bin[.]sh,offline
"d52f85,dropped-by-amadey",http[:]//62[.]60[.]226[.]140/files/7782139129/TZbZCwk[.]exe,offline
,http[:]//signageinsignia[.]co[.]za/kizzy/ch[.]jpg,offline
,http[:]//223[.]123[.]43[.]5[:]52544/Mozi[.]m,offline
"android,apk ",https[:]//kong07[.]s3[.]us-east-1[.]amazonaws[.]com/88fb64728be7/sched/163112/sch_c19fd227d1b4eb1a/latest[.]apk,offline
"Amos,AppleScript,ClickFix,macOS,MacSync,stealer,token-b54cc90c,UnstoppableDomains,zsh",https[:]//roptik[.]com/dynamic?txd=b54cc90c9143f757e0ac59356414f14447d5f9cbbae0b0e61cf6b4e8ced28f42,offline
"Amos,ClickFix,macOS,MacSync,stealer,token-b54cc90c,UnstoppableDomains,zsh",https[:]//roptik[.]com/curl/b54cc90c9143f757e0ac59356414f14447d5f9cbbae0b0e61cf6b4e8ced28f42,offline
"32-bit,elf,mips,Mozi",http[:]//115[.]50[.]7[.]47[:]48396/i,offline
,http[:]//123[.]190[.]73[.]22[:]38059/i,online
,https[:]//raw[.]githubusercontent[.]com/DindaPutriFN/DindaPutriFN/main/api/xray[.]zip,offline
,https[:]//raw[.]githubusercontent[.]com/DindaPutriFN/FN-API/main/ohp,offline
,https[:]//raw[.]githubusercontent[.]com/DindaPutriFN/Autoscript/main/chisel[.]sh,offline
,https[:]//raw[.]githubusercontent[.]com/DindaPutriFN/sslh/main/http[.]json,offline
"32-bit,elf,mips,Mozi",http[:]//125[.]43[.]224[.]175[:]47417/i,offline
,http[:]//123[.]190[.]73[.]22[:]38059/bin[.]sh,online
"32-bit,arm,elf,mirai,Mozi",http[:]//105[.]184[.]72[.]17[:]47163/i,offline
"32-bit,elf,mips,Mozi",http[:]//125[.]43[.]224[.]175[:]47417/bin[.]sh,offline
"32-bit,elf,mips,Mozi",http[:]//119[.]115[.]65[.]183[:]53858/i,offline
"32-bit,elf,mips,Mozi",http[:]//119[.]115[.]65[.]183[:]53858/bin[.]sh,offline
"32-bit,elf,mips,Mozi",http[:]//115[.]42[.]71[.]239[:]59734/i,offline
"ascii,bash,sh,ua-wget",http[:]//94[.]154[.]43[.]227[:]8080/bins/cirqueira[.]sh,offline
hta,http[:]//96[.]44[.]167[.]210/18/bcc[.]hta,offline
hta,http[:]//107[.]175[.]148[.]115/60/givingbestthings[.]hta,offline
"Formbook,stego",https[:]//firebasestorage[.]googleapis[.]com/v0/b/julyendingapama[.]firebasestorage[.]app/o/kingjoo[.]png?alt=media&token=36145a21-d722-4709-9287-f8d67e90830a,online
"MassLogger,stego",http[:]//5[.]175[.]169[.]207/img_113727[.]png,offline
"MassLogger,stego",http[:]//5[.]175[.]169[.]207/img_113850[.]png,offline
"ascii,MassLogger",https[:]//rough-truth-e072[.]publicftpresend[.]workers[.]dev/,offline
"rat,RemcosRAT,stego",http[:]//204[.]44[.]93[.]77/128/img_032911[.]png,online
"ascii,rat,RemcosRAT",http[:]//204[.]44[.]93[.]77/86RbddL0,offline
"32-bit,elf,mips,Mozi",http[:]//182[.]115[.]74[.]13[:]47904/i,offline
"rat,RemcosRAT",http[:]//96[.]44[.]167[.]210/16/goodthingsformebest[.]jS,offline
"rat,RemcosRAT,stego",https[:]//bun-pullz[.]b-cdn[.]net/img_083453[.]png,offline
"ascii,rat,RemcosRAT",http[:]//212[.]2[.]35[.]14/9E2J3518,offline
"rat,RemcosRAT,stego",http[:]//212[.]2[.]35[.]14/35/img_182135[.]png,offline
"hta,rat,RemcosRAT",http[:]//212[.]2[.]35[.]14/35/givingmebestthings[.]hta,offline
"rat,RemcosRAT,stego",http[:]//107[.]173[.]227[.]124/60/img_185503[.]png,offline
"ascii,rat,RemcosRAT",http[:]//212[.]2[.]35[.]14/9xJZ2C1I,offline
"hta,rat,RemcosRAT",http[:]//107[.]173[.]227[.]124/60/goodthings[.]hta,offline
"rat,RemcosRAT",http[:]//96[.]44[.]167[.]210/15/img_222310[.]png,online
"ascii,rat,RemcosRAT",http[:]//96[.]44[.]167[.]210/2lgdJx7f,offline
"hta,rat,RemcosRAT",http[:]//192[.]236[.]217[.]110/83/goodthings[.]hta,offline
"hta,rat,RemcosRAT",http[:]//96[.]44[.]167[.]210/15/givenmebestthingsforbetter[.]hta,offline
"ascii,rat,RemcosRAT",http[:]//192[.]236[.]217[.]110/Qf1VjDIZ,offline
"rat,RemcosRAT,stego",http[:]//192[.]236[.]217[.]110/83/img_215522[.]png,online
"ascii,rat,RemcosRAT",http[:]//107[.]172[.]235[.]223/M95A4mOj,offline
"rat,RemcosRAT,stego",http[:]//107[.]172[.]235[.]223/26/img_233938[.]png,offline
"ascii,rat,RemcosRAT",http[:]//107[.]172[.]172[.]220/3JG108a1,offline
"ascii,rat,RemcosRAT",http[:]//107[.]172[.]172[.]220/cVr76416,offline
"rat,RemcosRAT,stego",http[:]//107[.]172[.]172[.]220/80/img_001141[.]png,offline
"hta,rat,RemcosRAT",http[:]//107[.]172[.]172[.]220/80/ggb[.]hta,offline
"ascii,Encoded,rat,RemcosRAT,rev-base64-loader",http[:]//96[.]44[.]167[.]210/16/jnFgmFd[.]txt,online
"rat,RemcosRAT,stego",http[:]//107[.]174[.]33[.]14/70/img_003449[.]png,offline
"hta,rat,RemcosRAT",http[:]//96[.]44[.]167[.]210/16/CMH[.]hta,online
"32-bit,elf,mips,Mozi",http[:]//182[.]115[.]74[.]13[:]47904/bin[.]sh,offline
"ascii,Encoded,Formbook,rev-base64-loader",http[:]//216[.]9[.]224[.]48/100/cFghrke[.]txt,online
"32-bit,arm,elf,mirai,Mozi",http[:]//36[.]34[.]67[.]136[:]49979/i,offline
"32-bit,arm,elf,mirai,Mozi",http[:]//105[.]225[.]46[.]86[:]45281/i,offline
"32-bit,arm,elf,mirai,Mozi",http[:]//105[.]225[.]46[.]86[:]45281/bin[.]sh,offline
"stego,xworm",https[:]//pub-45a83f302a1943ed8d62418c2af947ef[.]r2[.]dev/pin[.]png,online
"32-bit,arm,elf,mirai,Mozi",http[:]//36[.]34[.]67[.]136[:]49979/bin[.]sh,offline
"ascii,Encoded,rat,rev-base64-loader,SiriusRAT",https[:]//epibenie[.]dz/non/AkSdjmc[.]txt,offline
"rat,SiriusRAT,stego",http[:]//64[.]89[.]160[.]97/5[.]jpg,online
"rat,SiriusRAT,stego",http[:]//107[.]173[.]227[.]126/img/5[.]jpg,online
"rat,SiriusRAT,stego",http[:]//signageinsignia[.]co[.]za/kizzy/5[.]jpg,offline
"32-bit,elf,mips,Mozi",http[:]//115[.]42[.]71[.]239[:]59734/bin[.]sh,offline
"c2-monitor-auto,dropped-by-amadey",http[:]//91[.]92[.]242[.]236/files-129312398/files/file_b8bd750043950a6c[.]exe,offline
"ClickFix,powershell",http[:]//45[.]39[.]84[.]142/velcap3b,offline
"base64,powershell",http[:]//45[.]39[.]84[.]142/velcap3c,offline
"ClickFix,TerminalFix",https[:]//cdn[.]jsdelivr[.]net/gh/zor-876/futures-import@04e2419/llm,offline
"ClickFix,TerminalFix",https[:]//imap[.]usslimsounds[.]com/c76db9ce-59d0-4dc0-84ed-5d152ec39f16/hutepkeazyauxbqsiykw[.]dll,offline
"32-bit,elf,mips,Mozi",http[:]//23[.]242[.]193[.]144[:]56127/i,offline
"elf,mirai,ua-wget",http[:]//94[.]154[.]43[.]38/arm4,offline
"elf,ua-wget",http[:]//45[.]198[.]224[.]168/x86_64,online
"32-bit,elf,mips,Mozi",http[:]//23[.]242[.]193[.]144[:]56127/bin[.]sh,offline
Mozi,http[:]//42[.]238[.]245[.]75[:]51782/i,offline
"ascii,rat,RemcosRAT",http[:]//107[.]172[.]235[.]217/0Kgj2R4k,offline
"rat,RemcosRAT,stego",http[:]//107[.]172[.]235[.]217/60/img_170647[.]png,offline
"hta,rat,RemcosRAT",http[:]//107[.]172[.]235[.]217/60/googthings[.]hta,offline
"ascii,rat,RemcosRAT",http[:]//185[.]29[.]9[.]17/jEP9920M,offline
"rat,RemcosRAT,stego",http[:]//185[.]29[.]9[.]17/35/img_191046[.]png,offline
"adb,miner,mirai",http[:]//144[.]31[.]148[.]40[:]8000/minerd,offline
,http[:]//198[.]23[.]144[.]123/80/seal[.]hta,offline
,http[:]//198[.]23[.]144[.]123/92/achievesomething[.]hta,offline
,http[:]//198[.]23[.]144[.]123/60/hce[.]hta,offline
"32-bit,arm,elf,mirai,Mozi",http[:]//105[.]186[.]135[.]207[:]42709/bin[.]sh,offline
Mozi,http[:]//42[.]238[.]245[.]75[:]51782/bin[.]sh,offline
"ascii,js,RemcosRAT",https[:]//dcfpp[.]com/_wildcard_[.]coqtarwars[.]vu/64[.]js,offline
"ascii,Encoded,GuLoader",https[:]//velvetcanyonline[.]xyz/nemmet[.]ocx,offline
"Ngioweb,ua-wget",http[:]//193[.]243[.]147[.]115/avTECH,offline
"Ngioweb,ua-wget",http[:]//193[.]243[.]147[.]115/avtech[.]arm7,offline
,http[:]//star[.]zcnet[.]net[:]7766/Server[.]exe,online
Zombie,http[:]//star[.]zcnet[.]net[:]7766/Soft[.]exe,online
,http[:]//115[.]55[.]32[.]62[:]51225/Mozi[.]m,offline
,http[:]//223[.]29[.]233[.]41[:]53846/Mozi[.]m,offline
,http[:]//139[.]135[.]46[.]29[:]54110/Mozi[.]m,offline
,http[:]//100[.]1[.]84[.]193[:]43176/Mozi[.]m,offline
,http[:]//211[.]47[.]121[.]143[:]4501/Mozi[.]m,offline
,http[:]//116[.]77[.]75[.]252[:]36945/Mozi[.]m,offline
,http[:]//42[.]226[.]65[.]222[:]45778/Mozi[.]m,offline
,http[:]//111[.]92[.]157[.]244[:]38877/Mozi[.]m,offline
,http[:]//223[.]123[.]43[.]247[:]35048/Mozi[.]m,offline
,http[:]//124[.]29[.]214[.]201[:]55872/Mozi[.]m,offline
,http[:]//223[.]123[.]43[.]133[:]41090/Mozi[.]m,offline
,http[:]//144[.]48[.]135[.]104[:]34606/Mozi[.]m,offline
,http[:]//202[.]47[.]46[.]183[:]34873/Mozi[.]m,offline
,http[:]//120[.]28[.]215[.]50[:]47233/Mozi[.]m,offline
,http[:]//175[.]107[.]2[.]130[:]37748/Mozi[.]m,offline
,http[:]//190[.]196[.]253[.]2[:]10167/Mozi[.]m,offline
,http[:]//gonzaskid-1[.]paiza-user-free[.]cloud/bins/test[.]txt,offline
Mozi,http[:]//115[.]50[.]68[.]1[:]49733/Mozi[.]m,offline
mirai,http[:]//176[.]65[.]139[.]206/AGbot[.]armv5l,offline
,http[:]//88[.]250[.]103[.]55[:]37563/bin[.]sh,offline
,http[:]//176[.]65[.]139[.]206/AGbot[.]armv5,offline
,http[:]//172[.]86[.]85[.]39[:]8080/mips,offline
,http[:]//172[.]86[.]85[.]39[:]8080/armv5,offline
"rat,RemcosRAT,stego",http[:]//198[.]23[.]144[.]123/img/img_194225[.]png,offline
"ascii,rat,RemcosRAT",http[:]//198[.]23[.]144[.]123/SA9rF2U4,offline
"32-bit,elf,mips,Mozi",http[:]//123[.]4[.]234[.]39[:]44023/i,offline
Mozi,http[:]//115[.]48[.]238[.]219[:]49387/bin[.]sh,offline
,http[:]//60[.]23[.]235[.]104[:]55926/i,offline
mirai,http[:]//101[.]108[.]60[.]81[:]48439/i,offline
,http[:]//27[.]44[.]147[.]65[:]47414/i,offline
mirai,http[:]//36[.]70[.]238[.]138[:]33543/i,offline
,http[:]//31[.]4[.]254[.]241[:]38189/i,online
mirai,http[:]//222[.]124[.]53[.]60[:]53077/i,offline
,http[:]//120[.]84[.]212[.]87[:]40964/i,offline
mirai,http[:]//117[.]63[.]5[.]188[:]50519/bin[.]sh,offline
,http[:]//123[.]188[.]47[.]12[:]44057/i,offline
Mozi,http[:]//186[.]149[.]204[.]12[:]44092/i,offline
mirai,http[:]//222[.]142[.]73[.]243[:]43545/i,offline
mirai,http[:]//113[.]205[.]23[.]106[:]40539/i,offline
,https[:]//raw[.]githubusercontent[.]com/rany2/warp[.]sh/master/warp[.]sh,online
,https[:]//raw[.]githubusercontent[.]com/praiman99/Certificate-Openvpn-Mod/Beginner/vpn[.]zip,online
,https[:]//raw[.]githubusercontent[.]com/praiman99/AutoScriptVPN-AIO/Beginner/rclone[.]conf,online
Mozi,http[:]//115[.]57[.]180[.]108[:]53436/bin[.]sh,offline
Mozi,http[:]//115[.]57[.]186[.]6[:]41134/i,offline
,http[:]//178[.]176[.]107[.]122[:]56618/bin[.]sh,offline
,https[:]//docs[.]google[.]com/uc?export=download&id=1IbwfNpKpa1JzvXsDT-WgNpp5nWrklisG,offline
,https[:]//raw[.]githubusercontent[.]com/DindaPutriFN/DindaPutriFN/main/openvpn/vpn[.]sh,offline
,https[:]//raw[.]githubusercontent[.]com/DindaPutriFN/warp/main/install-warp[.]sh,offline
,https[:]//raw[.]githubusercontent[.]com/DindaPutriFN/enhanced/main/set-br[.]sh,offline
,https[:]//raw[.]githubusercontent[.]com/mrshahnawazyt/Autoscript-1[.]13/refs/heads/master/setup[.]sh,online
,http[:]//123[.]190[.]227[.]145[:]58949/i,offline
,http[:]//218[.]60[.]130[.]229[:]34929/bin[.]sh,offline
,https[:]//github[.]com/praiman99/Plugin-FN/raw/Beginner/plugin[.]sh,online
,https[:]//raw[.]githubusercontent[.]com/powermx/badvpn/master/badvpn-udpgw,online
,https[:]//raw[.]githubusercontent[.]com/DindaPutriFN/warp/main/menu-warp[.]sh,offline
mirai,http[:]//177[.]86[.]229[.]12[:]55511/i,offline
mirai,http[:]//177[.]86[.]229[.]12[:]55511/bin[.]sh,offline
mirai,http[:]//45[.]233[.]226[.]43[:]33036/bin[.]sh,offline
Mozi,http[:]//222[.]138[.]207[.]123[:]44163/bin[.]sh,offline
Mozi,http[:]//115[.]55[.]63[.]87[:]59639/i,offline
mirai,http[:]//113[.]221[.]15[.]241[:]40251/bin[.]sh,offline
mirai,http[:]//60[.]177[.]183[.]136[:]58343/bin[.]sh,offline
Mozi,http[:]//202[.]1[.]26[.]13[:]38660/bin[.]sh,online
Mozi,http[:]//59[.]103[.]116[.]83[:]60542/i,offline
Mozi,http[:]//27[.]207[.]224[.]71[:]51240/bin[.]sh,offline
Mozi,http[:]//182[.]126[.]249[.]69[:]48803/bin[.]sh,offline
Mozi,http[:]//115[.]51[.]21[.]226[:]37861/bin[.]sh,offline
Mozi,http[:]//103[.]152[.]100[.]5[:]57037/i,offline
,http[:]//60[.]21[.]175[.]220[:]52097/i,online
,http[:]//175[.]165[.]76[.]85[:]48150/bin[.]sh,offline
mirai,http[:]//210[.]208[.]110[.]4[:]44632/bin[.]sh,offline
mirai,http[:]//36[.]70[.]238[.]138[:]33543/bin[.]sh,offline
,http[:]//113[.]228[.]149[.]83[:]48412/i,offline
mirai,http[:]//210[.]208[.]110[.]42[:]32844/i,offline
Mozi,http[:]//182[.]113[.]214[.]69[:]33107/i,offline
,http[:]//27[.]37[.]226[.]47[:]45931/i,offline
mirai,http[:]//121[.]224[.]220[.]11[:]54375/bin[.]sh,offline
Mozi,http[:]//125[.]41[.]209[.]99[:]59686/i,offline
Mozi,http[:]//222[.]138[.]207[.]123[:]44163/i,offline
mirai,http[:]//210[.]208[.]110[.]4[:]44632/i,offline
Mozi,http[:]//125[.]40[.]115[.]183[:]58072/i,offline
mirai,http[:]//60[.]184[.]202[.]36[:]46773/i,offline
,http[:]//60[.]23[.]234[.]234[:]49984/bin[.]sh,offline
,http[:]//119[.]118[.]15[.]202[:]46901/i,offline
Mozi,http[:]//42[.]55[.]142[.]110[:]50334/bin[.]sh,offline
Mozi,http[:]//221[.]15[.]4[.]210[:]35561/bin[.]sh,offline
mirai,http[:]//115[.]199[.]196[.]35[:]51207/i,offline
mirai,http[:]//113[.]221[.]15[.]241[:]40251/i,offline
,http[:]//119[.]114[.]225[.]60[:]51581/bin[.]sh,offline
mirai,http[:]//120[.]28[.]222[.]39[:]33186/i,offline
mirai,http[:]//171[.]213[.]148[.]99[:]57731/i,offline
Mozi,http[:]//42[.]224[.]0[.]83[:]41984/bin[.]sh,offline
,http[:]//42[.]53[.]185[.]196[:]33943/i,online
mirai,http[:]//119[.]191[.]224[.]72[:]50861/i,offline
,http[:]//60[.]23[.]234[.]234[:]49984/i,offline
,http[:]//77[.]79[.]160[.]210[:]40029/bin[.]sh,offline
,http[:]//24[.]54[.]95[.]49[:]43165/i,offline
,http[:]//85[.]15[.]92[.]109[:]41040/bin[.]sh,offline
Mozi,http[:]//115[.]54[.]145[.]23[:]35356/i,offline
Mozi,http[:]//41[.]84[.]232[.]67[:]36129/i,offline
mirai,http[:]//182[.]90[.]198[.]254[:]39663/bin[.]sh,offline
Mozi,http[:]//222[.]137[.]78[.]6[:]55214/bin[.]sh,offline
Mozi,http[:]//222[.]137[.]78[.]6[:]55214/i,offline
,http[:]//60[.]22[.]9[.]165[:]38407/bin[.]sh,offline
,http[:]//175[.]168[.]218[.]36[:]41691/i,online
mirai,http[:]//222[.]138[.]218[.]44[:]51347/i,offline
Mozi,http[:]//182[.]121[.]145[.]250[:]50720/bin[.]sh,offline
mirai,http[:]//60[.]177[.]183[.]136[:]58343/i,offline
Mozi,http[:]//115[.]61[.]112[.]8[:]51599/bin[.]sh,offline
,http[:]//61[.]137[.]201[.]69[:]59939/bin[.]sh,offline
mirai,http[:]//222[.]127[.]68[.]176[:]53259/bin[.]sh,online
mirai,http[:]//115[.]203[.]66[.]96[:]33332/bin[.]sh,offline
Mozi,http[:]//123[.]129[.]155[.]183[:]59273/i,offline
Mozi,http[:]//125[.]40[.]86[.]221[:]56285/i,offline
mirai,http[:]//120[.]28[.]144[.]3[:]41216/i,online
Mozi,http[:]//42[.]55[.]142[.]110[:]50334/i,offline
,http[:]//108[.]168[.]45[.]166[:]46534/bin[.]sh,offline
mirai,http[:]//60[.]184[.]202[.]36[:]46773/bin[.]sh,offline
,http[:]//31[.]4[.]254[.]241[:]38189/bin[.]sh,online
mirai,http[:]//222[.]124[.]53[.]60[:]53077/bin[.]sh,offline
mirai,http[:]//183[.]23[.]130[.]153[:]54790/i,offline
"elf,mirai,ua-wget",http[:]//176[.]65[.]139[.]206/AGbot[.]i586,offline
"elf,mirai,ua-wget",http[:]//176[.]65[.]139[.]206/AGbot[.]mipsel,offline
"elf,mirai,ua-wget",http[:]//176[.]65[.]139[.]206/AGbot[.]x86_64,offline
"elf,mirai,ua-wget",http[:]//176[.]65[.]139[.]206/AGbot[.]powerpc,offline
"elf,mirai,ua-wget",http[:]//176[.]65[.]139[.]206/AGbot[.]i486,offline
"elf,mirai,ua-wget",http[:]//176[.]65[.]139[.]206/AGbot[.]armv6l,offline
"elf,mirai,ua-wget",http[:]//176[.]65[.]139[.]206/AGbot[.]i686,offline
"elf,mirai,ua-wget",http[:]//176[.]65[.]139[.]206/AGbot[.]mips,offline
"elf,mirai,ua-wget",http[:]//176[.]65[.]139[.]206/AGbot[.]armv4l,offline
mirai,http[:]//101[.]108[.]5[.]0[:]44866/i,offline
,http[:]//175[.]150[.]87[.]90[:]46746/i,online
mirai,http[:]//115[.]199[.]196[.]35[:]51207/bin[.]sh,offline
Mozi,http[:]//182[.]126[.]102[.]26[:]41130/bin[.]sh,offline
Mozi,http[:]//125[.]59[.]31[.]55[:]38445/bin[.]sh,offline
Mozi,http[:]//182[.]113[.]214[.]69[:]33107/bin[.]sh,offline
mirai,http[:]//115[.]58[.]180[.]160[:]33235/i,offline
Mozi,http[:]//182[.]126[.]249[.]69[:]48803/i,offline
mirai,http[:]//222[.]142[.]73[.]243[:]43545/bin[.]sh,offline
Mozi,http[:]//42[.]234[.]141[.]150[:]41068/i,offline
Mozi,http[:]//125[.]44[.]57[.]12[:]38038/bin[.]sh,offline
Mozi,http[:]//125[.]45[.]55[.]175[:]33910/bin[.]sh,offline
Mozi,http[:]//182[.]176[.]116[.]4[:]56150/i,offline
mirai,http[:]//182[.]52[.]72[.]14[:]45483/i,offline
,http[:]//61[.]137[.]129[.]154[:]47459/i,offline
,http[:]//119[.]114[.]225[.]60[:]51581/i,offline
Mozi,http[:]//115[.]57[.]180[.]108[:]53436/i,offline
mirai,http[:]//171[.]113[.]226[.]74[:]47723/i,offline
mirai,http[:]//46[.]159[.]136[.]93[:]50492/i,offline
mirai,http[:]//124[.]234[.]207[.]204[:]54858/bin[.]sh,online
mirai,http[:]//119[.]99[.]166[.]191[:]43512/i,offline
,http[:]//175[.]173[.]130[.]151[:]57947/bin[.]sh,offline
mirai,http[:]//118[.]250[.]3[.]143[:]55215/i,online
mirai,http[:]//222[.]138[.]218[.]44[:]51347/bin[.]sh,offline
Mozi,http[:]//103[.]31[.]103[.]204[:]47741/bin[.]sh,offline
,http[:]//123[.]159[.]76[.]89[:]48887/i,online
Mozi,http[:]//123[.]12[.]227[.]0[:]39181/bin[.]sh,offline
mirai,http[:]//171[.]113[.]226[.]74[:]47723/bin[.]sh,offline
mirai,http[:]//115[.]203[.]66[.]96[:]33332/i,offline
,http[:]//113[.]238[.]228[.]3[:]48279/bin[.]sh,offline
"ascii,Formbook,opendir,powershell,ps1",http[:]//45[.]141[.]21[.]100/host/newt[.]ps1,offline
"ascii,opendir,powershell,ps1",http[:]//45[.]141[.]21[.]100/host/xloaderkenzie[.]ps1,offline
,http[:]//60[.]18[.]16[.]151[:]54382/bin[.]sh,offline
Mozi,http[:]//115[.]55[.]46[.]41[:]51225/i,offline
Mozi,http[:]//42[.]228[.]127[.]53[:]58478/i,offline
mirai,http[:]//171[.]36[.]18[.]157[:]35519/bin[.]sh,offline
"ascii,opendir,powershell,ps1,VIPKeylogger",https[:]//hpfile[.]cyou/nnez/Crypted[.]ps1,offline
mirai,http[:]//182[.]90[.]198[.]254[:]39663/i,offline
,http[:]//42[.]59[.]115[.]239[:]57703/i,offline
mirai,http[:]//36[.]69[.]88[.]198[:]43829/bin[.]sh,offline
Mozi,http[:]//103[.]160[.]130[.]109[:]52338/i,online
mirai,http[:]//103[.]87[.]194[.]104[:]37558/i,offline
Mozi,http[:]//202[.]1[.]26[.]13[:]38660/i,online
mirai,http[:]//103[.]87[.]194[.]104[:]37558/bin[.]sh,offline
Mozi,http[:]//125[.]59[.]31[.]55[:]38445/i,offline
,http[:]//123[.]159[.]76[.]89[:]48887/bin[.]sh,online
,http[:]//108[.]168[.]0[.]60[:]34880/bin[.]sh,offline
,http[:]//42[.]87[.]170[.]211[:]57635/i,offline
mirai,http[:]//114[.]227[.]56[.]221[:]50414/i,online
mirai,http[:]//36[.]88[.]136[.]194[:]54521/bin[.]sh,offline
Mozi,http[:]//125[.]45[.]55[.]175[:]33910/i,offline
Mozi,http[:]//123[.]12[.]227[.]0[:]39181/i,offline
Mozi,http[:]//115[.]48[.]238[.]219[:]49387/i,offline
,http[:]//27[.]44[.]147[.]55[:]51674/bin[.]sh,offline
,http[:]//175[.]150[.]87[.]90[:]46746/bin[.]sh,online
mirai,http[:]//27[.]209[.]171[.]43[:]55419/i,offline
Mozi,http[:]//115[.]54[.]145[.]23[:]35356/bin[.]sh,offline
,http[:]//108[.]168[.]45[.]166[:]46534/i,offline
,http[:]//217[.]64[.]135[.]181[:]46543/i,offline
mirai,http[:]//105[.]186[.]135[.]207[:]42709/i,offline
Mozi,http[:]//222[.]137[.]145[.]145[:]45159/i,offline
Mozi,http[:]//221[.]15[.]4[.]210[:]35561/i,offline
Mozi,http[:]//115[.]57[.]186[.]6[:]41134/bin[.]sh,offline
Mozi,http[:]//103[.]31[.]103[.]204[:]47741/i,offline
mirai,http[:]//222[.]127[.]68[.]176[:]53259/i,online
"32-bit,elf,mips,Mozi",http[:]//175[.]150[.]92[.]98[:]60118/bin[.]sh,offline
"32-bit,elf,mips,Mozi",http[:]//119[.]114[.]152[.]239[:]34836/i,online
,http[:]//119[.]116[.]251[.]152[:]58006/i,offline
"32-bit,elf,mips,Mozi",http[:]//27[.]96[.]93[.]32[:]54541/i,offline
"32-bit,elf,mips,Mozi",http[:]//182[.]126[.]102[.]26[:]41130/i,offline
"IRAHook,rat,stealer",https[:]//www[.]dropbox[.]com/scl/fi/qqt7rovwn3ruglev5ea79/bundle[.]zip?rlkey=hq47jctwzehpmnm8lrw7gjvjm&st=g6t8sc7q&dl=1,offline
"32-bit,elf,mips,Mozi",http[:]//119[.]180[.]62[.]17[:]32897/i,offline
"32-bit,elf,mips,Mozi",http[:]//119[.]180[.]62[.]17[:]32897/bin[.]sh,offline
"32-bit,arm,elf,mirai,Mozi",http[:]//103[.]140[.]87[.]105[:]43482/i,offline
screenconnect,https[:]//foundrysourcings[.]co[.]uk/Ad0be/download[.]php,offline
"32-bit,arm,elf,mirai,Mozi",http[:]//103[.]140[.]87[.]105[:]43482/bin[.]sh,offline
"d52f85,dropped-by-amadey",http[:]//62[.]60[.]226[.]140/files/5356600191/WAom4nk[.]exe,offline
mirai,http[:]//42[.]228[.]39[.]193[:]33505/i,offline
"32-bit,elf,mips,Mozi",http[:]//115[.]57[.]238[.]102[:]33308/i,offline
mirai,http[:]//42[.]228[.]39[.]193[:]33505/bin[.]sh,offline
"32-bit,arm,elf,mirai,Mozi",http[:]//113[.]17[.]176[.]184[:]42461/bin[.]sh,offline
"32-bit,elf,mips,Mozi",http[:]//115[.]57[.]238[.]102[:]33308/bin[.]sh,offline
"32-bit,arm,elf,mirai,Mozi",http[:]//222[.]246[.]41[.]42[:]44313/i,offline
"32-bit,arm,elf,mirai,Mozi",http[:]//125[.]106[.]122[.]6[:]34466/i,offline
"32-bit,elf,mips,Mozi",http[:]//113[.]255[.]193[.]216[:]43347/i,online
"32-bit,elf,mips,Mozi",http[:]//182[.]183[.]25[.]199[:]51904/i,offline
,http[:]//115[.]61[.]112[.]176[:]54918/i,offline
"elf,mirai,ua-wget",http[:]//45[.]198[.]224[.]168/arm,online
"elf,mirai,ua-wget",http[:]//45[.]198[.]224[.]168/arm7,online
"elf,mirai,ua-wget",http[:]//45[.]198[.]224[.]168/arm6,online
"elf,mirai,ua-wget",http[:]//45[.]198[.]224[.]168/mips,online
"elf,mirai,ua-wget",http[:]//45[.]198[.]224[.]168/ppc,online
"elf,mirai,ua-wget",http[:]//45[.]198[.]224[.]168/x86,online
"elf,mirai,ua-wget",http[:]//45[.]198[.]224[.]168/mipsel,online
"elf,mirai,ua-wget",http[:]//45[.]198[.]224[.]168/m68k,online
"elf,mirai,ua-wget",http[:]//176[.]65[.]139[.]131/x86_64,offline
"elf,mirai,ua-wget",http[:]//176[.]65[.]139[.]131/i686,offline
"elf,mirai,ua-wget",http[:]//46[.]151[.]182[.]200/arm/,offline
"32-bit,arm,elf,mirai,Mozi",http[:]//125[.]106[.]122[.]6[:]34466/bin[.]sh,offline
"32-bit,elf,mips,Mozi",http[:]//219[.]157[.]201[.]128[:]48170/i,offline
"32-bit,elf,mips,Mozi",http[:]//219[.]157[.]201[.]128[:]48170/bin[.]sh,offline
"32-bit,elf,mips,Mozi",http[:]//175[.]146[.]154[.]144[:]50845/bin[.]sh,online
,http[:]//115[.]61[.]112[.]176[:]54918/bin[.]sh,offline
"32-bit,elf,mips,Mozi",http[:]//115[.]50[.]68[.]1[:]49733/i,offline
"32-bit,elf,mips,Mozi",http[:]//115[.]50[.]68[.]1[:]49733/bin[.]sh,offline
"32-bit,arm,elf,mirai,Mozi",http[:]//105[.]224[.]228[.]138[:]51349/i,offline
mirai,http[:]//222[.]127[.]55[.]224[:]51117/i,online
Mozi,http[:]//222[.]142[.]247[.]141[:]59644/i,offline
"minecraft,SilentNet,stealer",https[:]//thisisafalsepositive[.]st/cdn/e/d860d1fc242f,offline
"elf,iot,Mozi",http[:]//123[.]185[.]245[.]118[:]47609/Mozi[.]a,offline
"fakemas,zip",https[:]//workerstats[.]net/downloadables/nig20084[.]zip,offline
"32-bit,arm,elf,mirai,Mozi",http[:]//60[.]198[.]35[.]226[:]40639/i,offline
"minecraft,SilentNet,stealer",https[:]//dfdghfhddhdhfhdfhdfyhdfdfh[.]pages[.]dev/blob[.]bin,offline
"minecraft,SilentNet,stealer",https[:]//dfdghfhddhdhfhdfhdfyhdfdfh[.]pages[.]dev/data[.]bin,offline
"ClickFix,Loader,msi",https[:]//uasputnik[.]com/astra[.]msi,offline
"fakemas,zip",https[:]//workerstats[.]net/downloadables/getthem20084[.]zip,offline
"minecraft,SilentNet,stealer",https[:]//dfdghfhddhdhfhdfhdfyhdfdfh[.]pages[.]dev/lib[.]bin,offline
"minecraft,SilentNet,stealer",https[:]//thisisafalsepositive[.]st/cdn/e/b5e3f9c1a7d4,offline
"c2-monitor-auto,dropped-by-amadey",http[:]//91[.]92[.]242[.]236/files-129312398/files/file_045648317ec0e2ac[.]exe,offline
"minecraft,SilentNet,stealer",https[:]//thisisafalsepositive[.]st/cdn/e/3b8f6d2a9c1e,offline
"ClickFix,msi",https[:]//uasputnik[.]com/neon[.]msi,offline
SilentNet,https[:]//www[.]kryptonclient[.]lol/KryptonClient[.]jar,offline
SilentNet,https[:]//kryptonclient[.]vip/krypton-1[.]21[.]11[.]jar,offline
"minecraft,SilentNet,stealer",https[:]//thisisafalsepositive[.]st/cdn/e/d6c9a4e1f7b3,offline
"minecraft,SilentNet,stealer",https[:]//thisisafalsepositive[.]st/cdn/e/f7a2e8c4d1b6,offline
"minecraft,SilentNet,stealer",https[:]//thisisafalsepositive[.]st/cdn/e/a1f8d3b7c2e9,offline
"c2-monitor-auto,dropped-by-amadey",http[:]//91[.]92[.]242[.]236/files-129312398/files/file_de11a5227f1c8426[.]exe,offline
"c2-monitor-auto,dropped-by-amadey",http[:]//91[.]92[.]242[.]236/files-129312398/files/file_091fc1598026c3a5[.]exe,offline
"32-bit,arm,elf,mirai,Mozi",http[:]//183[.]151[.]130[.]98[:]49538/i,offline
"32-bit,arm,elf,mirai,Mozi",http[:]//60[.]198[.]35[.]226[:]40639/bin[.]sh,offline
"32-bit,arm,elf,mirai,Mozi",http[:]//105[.]224[.]228[.]138[:]51349/bin[.]sh,offline
"32-bit,elf,mips,Mozi",http[:]//175[.]165[.]86[.]86[:]52969/i,offline
"32-bit,elf,mips,Mozi",http[:]//42[.]231[.]73[.]79[:]58966/i,offline
Mozi,http[:]//222[.]142[.]247[.]141[:]59644/bin[.]sh,offline
"32-bit,elf,mips,Mozi",http[:]//115[.]49[.]201[.]132[:]50072/i,offline
"32-bit,arm,elf,mirai,Mozi",http[:]//183[.]151[.]130[.]98[:]49538/bin[.]sh,offline
"32-bit,elf,mips,Mozi",http[:]//175[.]165[.]86[.]86[:]52969/bin[.]sh,offline
"32-bit,elf,mips,Mozi",http[:]//42[.]231[.]73[.]79[:]58966/bin[.]sh,offline
,http[:]//176[.]119[.]79[.]164[:]37662/i,offline
"32-bit,elf,mips,Mozi",http[:]//116[.]138[.]241[.]167[:]51937/bin[.]sh,offline
,http[:]//176[.]119[.]79[.]164[:]37662/bin[.]sh,offline
"32-bit,arm,elf,mirai,Mozi",http[:]//196[.]189[.]101[.]82[:]53189/i,offline
"32-bit,arm,elf,mirai,Mozi",http[:]//190[.]109[.]228[.]251[:]46137/i,offline
Mozi,http[:]//61[.]53[.]149[.]8[:]37773/i,offline
"32-bit,arm,elf,mirai,Mozi",http[:]//180[.]244[.]8[.]137[:]47931/bin[.]sh,offline
"32-bit,elf,mips,Mozi",http[:]//60[.]214[.]59[.]175[:]47349/i,offline
mirai,http[:]//196[.]190[.]133[.]180[:]44589/i,offline
Mozi,http[:]//125[.]41[.]6[.]16[:]43493/i,offline
"32-bit,arm,elf,mirai,Mozi",http[:]//196[.]189[.]101[.]82[:]53189/bin[.]sh,offline
Mozi,http[:]//61[.]53[.]149[.]8[:]37773/bin[.]sh,offline
"32-bit,arm,elf,mirai,Mozi",http[:]//190[.]109[.]228[.]251[:]46137/bin[.]sh,offline
"32-bit,arm,elf,mirai,Mozi",http[:]//85[.]12[.]237[.]201[:]49126/i,offline
Mozi,http[:]//182[.]121[.]176[.]90[:]34797/i,offline
"32-bit,elf,mips,Mozi",http[:]//60[.]214[.]59[.]175[:]47349/bin[.]sh,offline
Mozi,http[:]//125[.]41[.]6[.]16[:]43493/bin[.]sh,offline
"32-bit,elf,mips,Mozi",http[:]//221[.]15[.]219[.]187[:]50986/i,offline
"32-bit,arm,elf,mirai,Mozi",http[:]//85[.]12[.]237[.]201[:]49126/bin[.]sh,offline
"32-bit,elf,mips,Mozi",http[:]//39[.]88[.]2[.]110[:]55663/i,offline
"32-bit,elf,mips,Mozi",http[:]//182[.]127[.]4[.]31[:]60965/bin[.]sh,offline
"32-bit,elf,mips,Mozi",http[:]//123[.]12[.]10[.]152[:]51720/bin[.]sh,offline
Mozi,http[:]//182[.]127[.]114[.]159[:]59951/i,offline
"32-bit,elf,mips,Mozi",http[:]//39[.]88[.]2[.]110[:]55663/bin[.]sh,offline
Mozi,http[:]//42[.]232[.]234[.]77[:]47411/i,offline
"32-bit,elf,mips,Mozi",http[:]//115[.]54[.]114[.]29[:]45001/i,offline
"32-bit,elf,mips,Mozi",http[:]//115[.]56[.]155[.]201[:]58943/i,offline
"32-bit,arm,elf,mirai,Mozi",http[:]//180[.]244[.]8[.]137[:]47931/i,offline
"32-bit,elf,mips,Mozi",http[:]//175[.]165[.]84[.]157[:]36905/bin[.]sh,offline
Mozi,http[:]//42[.]232[.]234[.]77[:]47411/bin[.]sh,offline
"32-bit,elf,mips,Mozi",http[:]//119[.]186[.]147[.]110[:]54100/i,offline
"32-bit,elf,mips,Mozi",http[:]//42[.]224[.]196[.]233[:]55298/i,offline
"32-bit,arm,elf,mirai,Mozi",http[:]//196[.]190[.]10[.]252[:]49298/bin[.]sh,offline
"32-bit,elf,mips,Mozi",http[:]//42[.]6[.]143[.]173[:]37885/i,offline
"32-bit,elf,mips,Mozi",http[:]//119[.]186[.]147[.]110[:]54100/bin[.]sh,offline
"32-bit,elf,mips,Mozi",http[:]//113[.]231[.]19[.]37[:]42510/i,offline
"32-bit,arm,elf,mirai,Mozi",http[:]//222[.]127[.]48[.]186[:]50098/i,offline
"32-bit,arm,elf,mirai,Mozi",http[:]//222[.]127[.]48[.]186[:]50098/bin[.]sh,offline
"32-bit,elf,mips,Mozi",http[:]//221[.]14[.]107[.]177[:]37729/i,offline
"32-bit,arm,elf,mirai,Mozi",http[:]//113[.]17[.]176[.]184[:]42461/i,offline
"32-bit,arm,elf,mirai,Mozi",http[:]//196[.]191[.]137[.]44[:]37171/i,offline
"32-bit,elf,mips,Mozi",http[:]//39[.]73[.]205[.]54[:]57452/i,offline
,http[:]//113[.]231[.]19[.]37[:]42510/bin[.]sh,offline
"32-bit,elf,mips,Mozi",http[:]//42[.]226[.]214[.]128[:]55487/i,offline
"32-bit,elf,mips,Mozi",http[:]//182[.]121[.]145[.]250[:]50720/i,offline
Mozi,http[:]//123[.]5[.]170[.]49[:]52052/i,offline
"32-bit,elf,mips,Mozi",http[:]//39[.]73[.]205[.]54[:]57452/bin[.]sh,offline
"elf,mirai,ua-wget",http[:]//176[.]65[.]139[.]131/m68k,offline
"elf,mirai,ua-wget",http[:]//176[.]65[.]139[.]131/ppc,offline
"elf,mirai,ua-wget",http[:]//176[.]65[.]139[.]131/spc,offline
"elf,mirai,ua-wget",http[:]//176[.]65[.]139[.]131/sh4,offline
"elf,mirai,ua-wget",http[:]//176[.]65[.]139[.]131/mpsl,offline
"d52f85,dropped-by-amadey",http[:]//62[.]60[.]226[.]140/files/7154003499/rXZriBa[.]exe,offline
"32-bit,elf,mips,Mozi",http[:]//42[.]226[.]214[.]128[:]55487/bin[.]sh,offline
"32-bit,elf,mips,Mozi",http[:]//222[.]142[.]242[.]76[:]51781/i,offline
mirai,http[:]//222[.]127[.]53[.]189[:]44150/i,offline
"32-bit,elf,mips,Mozi",http[:]//222[.]142[.]242[.]76[:]51781/bin[.]sh,offline
"32-bit,elf,mips,Mozi",http[:]//182[.]123[.]192[.]25[:]51135/i,offline
"32-bit,elf,mips,Mozi",http[:]//61[.]53[.]148[.]53[:]39023/i,offline
"32-bit,elf,mips,Mozi",http[:]//115[.]55[.]234[.]102[:]53882/bin[.]sh,offline
"d52f85,dropped-by-amadey",http[:]//62[.]60[.]226[.]140/files/5356600191/fPk5ovp[.]exe,offline
"32-bit,elf,mips,Mozi",http[:]//61[.]53[.]148[.]53[:]39023/bin[.]sh,offline
Mozi,http[:]//182[.]124[.]13[.]13[:]34809/i,offline
"32-bit,elf,mips,Mozi",http[:]//89[.]189[.]181[.]54[:]60243/bin[.]sh,online
"32-bit,elf,mips,Mozi",http[:]//60[.]23[.]232[.]20[:]51644/i,offline
"d52f85,dropped-by-amadey",https[:]//github[.]com/serhat9611/pruva-download/releases/download/v0[.]1[.]7/Pruva-Buyuk-0[.]1[.]7[.]exe,online
"connectwise,d52f85,dropped-by-amadey",https[:]//userhotels[.]org/Adobe%20Acrobat_Reader[.]exe,offline
"d52f85,dropped-by-amadey",http[:]//62[.]60[.]226[.]140/files/7299809293/Zar7QE5[.]exe,offline
"32-bit,arm,elf,mirai,Mozi",http[:]//171[.]36[.]18[.]157[:]35519/i,offline
"32-bit,elf,mips,Mozi",http[:]//125[.]46[.]198[.]87[:]41297/i,offline
"32-bit,arm,elf,mirai,Mozi",http[:]//216[.]126[.]86[.]6[:]57863/i,offline
"32-bit,elf,mips,Mozi",http[:]//125[.]46[.]198[.]87[:]41297/bin[.]sh,offline
"32-bit,arm,elf,mirai,Mozi",http[:]//124[.]158[.]191[.]121[:]53328/i,offline
"363d88e5a9c1d1a3f45f3741a6e2fcaa,dropped-by-vidar",http[:]//amaamn[.]com/cursor[.]ps1,offline
"32-bit,arm,elf,mirai,Mozi",http[:]//216[.]126[.]86[.]6[:]57863/bin[.]sh,offline
"32-bit,elf,mips,Mozi",http[:]//78[.]85[.]226[.]138[:]46350/i,offline
"32-bit,elf,mips,Mozi",http[:]//78[.]85[.]226[.]138[:]46350/bin[.]sh,offline
"32-bit,elf,mips,Mozi",http[:]//115[.]48[.]160[.]255[:]52757/bin[.]sh,offline
"32-bit,elf,mips,Mozi",http[:]//27[.]207[.]224[.]71[:]51240/i,offline
"32-bit,elf,mips,Mozi",http[:]//123[.]10[.]203[.]156[:]35020/i,offline
"32-bit,arm,elf,mirai,Mozi",http[:]//121[.]224[.]220[.]11[:]54375/i,offline
mirai,http[:]//196[.]190[.]1[.]39[:]40480/i,offline
"32-bit,arm,elf,mirai,Mozi",http[:]//120[.]28[.]215[.]200[:]38097/i,offline
"32-bit,arm,elf,mirai,Mozi",http[:]//218[.]58[.]236[.]22[:]48839/i,offline
"32-bit,elf,mips,Mozi",http[:]//42[.]55[.]5[.]239[:]44015/bin[.]sh,offline
Mozi,http[:]//121[.]9[.]71[.]102[:]41772/i,offline
"32-bit,elf,mips,Mozi",http[:]//42[.]226[.]64[.]10[:]47116/i,offline
"32-bit,arm,elf,mirai,Mozi",http[:]//120[.]28[.]215[.]200[:]38097/bin[.]sh,offline
"32-bit,elf,mips,Mozi",http[:]//42[.]6[.]143[.]173[:]37885/bin[.]sh,offline
"32-bit,arm,elf,mirai,Mozi",http[:]//175[.]43[.]154[.]55[:]58959/i,offline
"32-bit,elf,mips,Mozi",http[:]//42[.]226[.]64[.]10[:]47116/bin[.]sh,offline
"32-bit,arm,elf,mirai,Mozi",http[:]//175[.]43[.]154[.]55[:]58959/bin[.]sh,offline
"32-bit,elf,mips,Mozi",http[:]//113[.]237[.]37[.]213[:]60329/bin[.]sh,offline
"32-bit,elf,mips,Mozi",http[:]//180[.]110[.]39[.]190[:]3588/i,offline
"32-bit,elf,mips,Mozi",http[:]//125[.]99[.]198[.]27[:]34353/bin[.]sh,offline
"32-bit,arm,elf,mirai,Mozi",http[:]//105[.]184[.]131[.]46[:]59191/i,offline
,https[:]//gpsmarocpro[.]com/Setup[.]exe,offline
CoinMiner,https[:]//gpsmarocpro[.]com/3[.]exe,offline
,http[:]//94[.]154[.]43[.]227/bins/cirqueira[.]sh_sh4[.]sh,offline
,http[:]//94[.]154[.]43[.]227/bins/cirqueira[.]sh_i686[.]sh,offline
,http[:]//94[.]154[.]43[.]227/bins/cirqueira[.]sh_i586[.]sh,offline
,https[:]//gpsmarocpro[.]com/ChromeSetup[.]exe,offline
,http[:]//94[.]154[.]43[.]227/bins/cirqueira[.]sh_m68k[.]sh,online
,http[:]//94[.]154[.]43[.]227/bins/cirqueira[.]sh_x86_64[.]sh,offline
,http[:]//94[.]154[.]43[.]227/bins/cirqueira[.]sh_armv6l[.]sh,offline
,http[:]//94[.]154[.]43[.]227/bins/cirqueira[.]sh_arc[.]sh,offline
,http[:]//94[.]154[.]43[.]227/bins/cirqueira[.]sh_powerpc-440fp[.]sh,online
,http[:]//94[.]154[.]43[.]227/bins/cirqueira[.]sh_sparc[.]sh,online
,http[:]//94[.]154[.]43[.]227/bins/cirqueira[.]sh_mipsel[.]sh,online
,http[:]//94[.]154[.]43[.]227/bins/cirqueira[.]sh_i486[.]sh,offline
,http[:]//94[.]154[.]43[.]227/bins/cirqueira[.]sh_armv5l[.]sh,online
,http[:]//94[.]154[.]43[.]227/bins/cirqueira[.]sh_powerpc[.]sh,offline
,http[:]//94[.]154[.]43[.]227/bins/cirqueira[.]sh_armv7l[.]sh,offline
,http[:]//94[.]154[.]43[.]227/bins/cirqueira[.]sh_armv4l[.]sh,offline
,http[:]//94[.]154[.]43[.]227/bins/cirqueira[.]sh_mips[.]sh,offline
"32-bit,arm,elf,mirai,Mozi",http[:]//105[.]184[.]131[.]46[:]59191/bin[.]sh,offline
"9d2ca3,dropped-by-amadey,HijackLoader",http[:]//91[.]92[.]242[.]236/files-129312398/files/file_b0e97b1b9380ab95[.]msi,offline
Mozi,http[:]//42[.]227[.]206[.]143[:]55545/i,offline
"45-86-62-54,exe,SalatStealer,ua-wget",http[:]//45[.]86[.]62[.]54/Setup[.]exe,offline
"77-91-100-221,exe,ua-wget",http[:]//77[.]91[.]100[.]221/setup[.]exe,offline
"3c967638c9707bd9a6aa9b0d44570c7a,dropped-by-vidar",https[:]//amaamn[.]com/cursor[.]ps1,offline
"32-bit,arm,elf,mirai,Mozi",http[:]//106[.]40[.]243[.]125[:]34782/bin[.]sh,offline
Mozi,http[:]//119[.]179[.]239[.]29[:]45461/i,offline
"cloud-sharing-com,rustystealer,ua-wget",https[:]//cloud-sharing[.]com/service[.]png,offline
"193-148-56-217,ua-wget",http[:]//193[.]148[.]56[.]217/update,online
"32-bit,arm,elf,mirai,Mozi",http[:]//117[.]95[.]130[.]165[:]42399/bin[.]sh,offline
Mozi,http[:]//119[.]179[.]239[.]29[:]45461/bin[.]sh,offline
"32-bit,arm,elf,mirai,Mozi",http[:]//124[.]235[.]130[.]225[:]59252/i,offline
"172-86-84-161,exe,rustystealer,ua-wget",http[:]//172[.]86[.]84[.]161/update[.]exe,offline
"32-bit,elf,mips,Mozi",http[:]//42[.]54[.]145[.]237[:]43491/bin[.]sh,offline
"45-141-21-129,exe,ua-wget",http[:]//45[.]141[.]21[.]129/test[.]exe,offline
mirai,http[:]//45[.]183[.]184[.]74[:]46447/bin[.]sh,offline
"hVNC,minecraft,SilentNet,stealer",https[:]//windowsdiagnostics[.]st/api/static/exodus[.]asar,offline
"CoinMiner,hVNC,minecraft,SilentNet,stealer",https[:]//windowsdiagnostics[.]st/api/static/Office365,offline
"hVNC,minecraft,OverlordRAT,SilentNet,stealer",https[:]//windowsdiagnostics[.]st/api/static/svhost,offline
"hVNC,minecraft,SilentNet,stealer",https[:]//windowsdiagnostics[.]st/api/static/index[.]js,online
"hVNC,minecraft,SilentNet,stealer",https[:]//windowsdiagnostics[.]st/api/static/python,offline
"32-bit,arm,elf,mirai,Mozi",http[:]//105[.]224[.]241[.]56[:]36241/i,offline
"32-bit,elf,mips,Mozi",http[:]//182[.]127[.]179[.]75[:]38633/i,offline
"32-bit,elf,mips,Mozi",http[:]//182[.]127[.]179[.]75[:]38633/bin[.]sh,offline
"32-bit,arm,elf,mirai,Mozi",http[:]//1[.]70[.]76[.]88[:]49433/bin[.]sh,offline
"94-154-43-37,elf,mirai,ua-wget",http[:]//94[.]154[.]43[.]37/[.]Sx86,offline
"94-154-43-37,elf,mirai,ua-wget",http[:]//94[.]154[.]43[.]37/[.]Sx86_64,offline
"94-154-43-37,elf,mirai,ua-wget",http[:]//94[.]154[.]43[.]37/[.]Smpsl,offline
"94-154-43-37,elf,mirai,ua-wget",http[:]//94[.]154[.]43[.]37/[.]Sarm5,offline
"176-65-139-231,exe,SparkRAT,ua-wget",http[:]//176[.]65[.]139[.]231/client[.]exe,offline
"94-154-43-37,mirai,sh,ua-wget",http[:]//94[.]154[.]43[.]37/wget[.]sh,offline
"94-154-43-37,elf,mirai,ua-wget",http[:]//94[.]154[.]43[.]37/[.]Sarm6,offline
"94-154-43-37,elf,mirai,ua-wget",http[:]//94[.]154[.]43[.]37/[.]Sm68k,offline
"94-154-43-37,elf,mirai,ua-wget",http[:]//94[.]154[.]43[.]37/[.]Sppc,offline
"94-154-43-37,elf,mirai,ua-wget",http[:]//94[.]154[.]43[.]37/[.]Sspc,offline
"94-154-43-37,elf,mirai,ua-wget",http[:]//94[.]154[.]43[.]37/[.]Smips,offline
"94-154-43-37,elf,mirai,ua-wget",http[:]//94[.]154[.]43[.]37/[.]Sarm7,offline
"144-172-84-8,ua-wget",http[:]//144[.]172[.]84[.]8/d,offline
"144-172-84-8,ua-wget",http[:]//144[.]172[.]84[.]8/c,offline
"144-172-84-8,ua-wget",http[:]//144[.]172[.]84[.]8/collect,offline
"144-172-84-8,ua-wget",http[:]//144[.]172[.]84[.]8/m,offline
"94-154-43-37,ua-wget",http[:]//94[.]154[.]43[.]37/[.]Sarm4,offline
"94-154-43-136,elf,mirai,ua-wget",http[:]//94[.]154[.]43[.]136/cumminer[.]x86_64,offline
"94-154-43-227,sh,ua-wget",http[:]//94[.]154[.]43[.]227/loader[.]sh,online
"94-154-43-227,sh,ua-wget",http[:]//94[.]154[.]43[.]227/bins/cirqueira[.]sh,offline
"32-bit,arm,elf,mirai,Mozi",http[:]//105[.]224[.]241[.]56[:]36241/bin[.]sh,offline
,http[:]//182[.]116[.]21[.]20[:]57680/i,offline
"94-154-43-245,sh,ua-wget",http[:]//94[.]154[.]43[.]245/run[.]sh,offline
"176-65-139-229,elf,mirai,ua-wget",http[:]//176[.]65[.]139[.]229/manta[.]m68k,offline
"176-65-139-229,elf,mirai,ua-wget",http[:]//176[.]65[.]139[.]229/manta[.]mpsl,offline
"176-65-139-229,elf,mirai,ua-wget",http[:]//176[.]65[.]139[.]229/manta[.]sh4,offline
"176-65-139-229,elf,mirai,ua-wget",http[:]//176[.]65[.]139[.]229/manta[.]x86_64,offline
"176-65-139-229,elf,mirai,ua-wget",http[:]//176[.]65[.]139[.]229/manta[.]ppc,offline
"176-65-139-229,elf,mirai,ua-wget",http[:]//176[.]65[.]139[.]229/manta[.]mips,offline
"176-65-139-229,elf,mirai,ua-wget",http[:]//176[.]65[.]139[.]229/manta[.]arm6,offline
"176-65-139-229,elf,gafgyt,ua-wget",http[:]//176[.]65[.]139[.]229/manta[.]arm5,offline
"176-65-139-229,elf,mirai,ua-wget",http[:]//176[.]65[.]139[.]229/manta[.]x86_32,offline
"176-65-139-229,elf,gafgyt,ua-wget",http[:]//176[.]65[.]139[.]229/manta[.]arm4,offline
"176-65-139-229,elf,mirai,ua-wget",http[:]//176[.]65[.]139[.]229/manta[.]arm64,offline
"176-65-139-229,elf,mirai,ua-wget",http[:]//176[.]65[.]139[.]229/manta[.]arm7,offline
"176-65-139-229,sh,ua-wget",http[:]//176[.]65[.]139[.]229/cat[.]sh,offline
"176-65-139-229,ua-wget",http[:]//176[.]65[.]139[.]229/manta[.]mips64,offline
"94-154-43-30,elf,mirai,ua-wget",http[:]//94[.]154[.]43[.]30/fvbig/sever1078[.]sh4,offline
"94-154-43-30,elf,mirai,ua-wget",http[:]//94[.]154[.]43[.]30/fvbig/sever1078[.]m68k,offline
"94-154-43-30,elf,mirai,ua-wget",http[:]//94[.]154[.]43[.]30/fvbig/sever1078[.]x86_64,offline
"94-154-43-30,elf,mirai,ua-wget",http[:]//94[.]154[.]43[.]30/fvbig/sever1078[.]mips,offline
"94-154-43-30,elf,mirai,ua-wget",http[:]//94[.]154[.]43[.]30/fvbig/sever1078[.]i686,offline
"94-154-43-30,elf,mirai,ua-wget",http[:]//94[.]154[.]43[.]30/fvbig/sever1078[.]x86,offline
"94-154-43-30,elf,mirai,ua-wget",http[:]//94[.]154[.]43[.]30/fvbig/sever1078[.]arm,offline
"94-154-43-30,elf,mirai,ua-wget",http[:]//94[.]154[.]43[.]30/fvbig/sever1078[.]android,offline
"94-154-43-30,elf,mirai,ua-wget",http[:]//94[.]154[.]43[.]30/fvbig/sever1078[.]ppc,offline
"94-154-43-30,elf,mirai,ua-wget",http[:]//94[.]154[.]43[.]30/fvbig/sever1078[.]arm6,offline
"32-bit,elf,mips,Mozi",http[:]//182[.]116[.]21[.]20[:]57680/bin[.]sh,offline
"94-154-43-30,elf,mirai,ua-wget",http[:]//94[.]154[.]43[.]30/fvbig/sever1078[.]spc,offline
"94-154-43-30,elf,mirai,ua-wget",http[:]//94[.]154[.]43[.]30/fvbig/sever1078[.]arm64,offline
"94-154-43-30,mirai,sh,ua-wget",http[:]//94[.]154[.]43[.]30/1[.]sh,offline
"94-154-43-30,elf,mirai,ua-wget",http[:]//94[.]154[.]43[.]30/fvbig/sever1078[.]arm5,offline
"94-154-43-30,elf,mirai,ua-wget",http[:]//94[.]154[.]43[.]30/fvbig/sever1078[.]arm7,offline
"94-154-43-30,elf,mirai,ua-wget",http[:]//94[.]154[.]43[.]30/fvbig/sever1078[.]arm6l,offline
"94-154-43-30,elf,mirai,ua-wget",http[:]//94[.]154[.]43[.]30/fvbig/sever1078[.]mpsl,offline
"94-154-43-30,elf,mirai,ua-wget",http[:]//94[.]154[.]43[.]30/fvbig/sever1078[.]arc,offline
"94-154-43-30,elf,mirai,ua-wget",http[:]//94[.]154[.]43[.]30/fvbig/sever1078[.]armeabi-v7a,offline
"94-154-43-30,ua-wget",http[:]//94[.]154[.]43[.]30/fvbig/sever1078[.]i586,offline
"elf,iot,mirai,Mozi",http[:]//222[.]127[.]55[.]224[:]51117/Mozi[.]a,online
"178-16-52-139,connectwise,exe,ua-wget",https[:]//178[.]16[.]52[.]139/Bin/ScreenConnect[.]ClientSetup[.]exe,offline
"178-16-52-139,connectwise,exe,ua-wget",https[:]//178[.]16[.]52[.]139/bin/support[.]client[.]exe,offline
"217-60-103-56,elf,Prometei,ua-wget",https[:]//217[.]60[.]103[.]56/aarch64,online
"217-60-103-56,sh,ua-wget",https[:]//217[.]60[.]103[.]56/clean,online
"94-154-43-71,elf,mirai,ua-wget",http[:]//94[.]154[.]43[.]71/bins/m68k,offline
"94-154-43-71,elf,mirai,ua-wget",http[:]//94[.]154[.]43[.]71/bins/arm5,offline
"176-65-139-234,elf,mirai,ua-wget",http[:]//176[.]65[.]139[.]234/vlxx[.]arm5,offline
"176-65-139-234,elf,mirai,ua-wget",http[:]//176[.]65[.]139[.]234/vlxx[.]x86_64,offline
"176-65-139-234,elf,mirai,ua-wget",http[:]//176[.]65[.]139[.]234/vlxx[.]arm,offline
"176-65-139-234,elf,mirai,ua-wget",http[:]//176[.]65[.]139[.]234/vlxx[.]ppc,offline
"176-65-139-234,elf,mirai,ua-wget",http[:]//176[.]65[.]139[.]234/vlxx[.]mips,offline
"176-65-139-234,elf,mirai,ua-wget",http[:]//176[.]65[.]139[.]234/vlxx[.]m68k,offline
"94-154-43-71,elf,mirai,ua-wget",http[:]//94[.]154[.]43[.]71/bins/arm,offline
"176-65-139-234,elf,mirai,ua-wget",http[:]//176[.]65[.]139[.]234/vlxx[.]mpsl,offline
"94-154-43-71,elf,ua-wget",http[:]//94[.]154[.]43[.]71/bins/dbg,offline
"176-65-139-234,elf,mirai,ua-wget",http[:]//176[.]65[.]139[.]234/vlxx[.]x86,offline
"176-65-139-234,elf,mirai,ua-wget",http[:]//176[.]65[.]139[.]234/vlxx[.]sh4,offline
"176-65-139-234,elf,mirai,ua-wget",http[:]//176[.]65[.]139[.]234/vlxx[.]arm7,offline
"176-65-139-234,elf,mirai,ua-wget",http[:]//176[.]65[.]139[.]234/vlxx[.]arm6,offline
"32-bit,elf,mips,Mozi",http[:]//115[.]55[.]234[.]102[:]53882/i,offline
"c2-monitor-auto,CoinMiner,dropped-by-amadey",http[:]//91[.]92[.]242[.]236/files-129312398/files/file_d3ed19af96c997bd[.]exe,offline
"c2-monitor-auto,dropped-by-amadey",http[:]//91[.]92[.]242[.]236/files-129312398/files/file_2d2d07c900d61a1f[.]exe,offline
"c2-monitor-auto,dropped-by-amadey",http[:]//91[.]92[.]242[.]236/files-129312398/files/file_41040e24d59b2c6f[.]msi,offline
"172-86-74-220,elf,mirai,ua-wget",http[:]//172[.]86[.]74[.]220/bins/reaver[.]arm6,offline
"172-86-74-220,elf,mirai,ua-wget",http[:]//172[.]86[.]74[.]220/bins/reaver[.]arm7,offline
"172-86-74-220,elf,mirai,ua-wget",http[:]//172[.]86[.]74[.]220/bins/reaver[.]arm5,offline
"172-86-74-220,elf,mirai,ua-wget",http[:]//172[.]86[.]74[.]220/bins/reaver[.]arm,offline
"172-86-74-220,elf,mirai,ua-wget",http[:]//172[.]86[.]74[.]220/bins/reaver[.]mpsl,offline
"172-86-74-220,elf,mirai,ua-wget",http[:]//172[.]86[.]74[.]220/bins/reaver[.]x86,offline
"172-86-74-220,elf,mirai,ua-wget",http[:]//172[.]86[.]74[.]220/bins/reaver[.]mips,offline
"172-86-74-220,elf,mirai,ua-wget",http[:]//172[.]86[.]74[.]220/bins/reaver[.]x86_64,offline
"172-86-74-220,sh,ua-wget",http[:]//172[.]86[.]74[.]220/payloads[.]sh,offline
"172-86-74-220,elf,mirai,ua-wget",http[:]//172[.]86[.]74[.]220/bins/c2_server,offline
"172-86-123-51,connectwise,exe,ua-wget",https[:]//172[.]86[.]123[.]51/Bin/ScreenConnect[.]ClientSetup[.]exe,offline
"172-86-123-51,connectwise,exe,ua-wget",https[:]//172[.]86[.]123[.]51/bin/support[.]client[.]exe,offline
"32-bit,arm,elf,mirai,Mozi",http[:]//222[.]127[.]186[.]27[:]49861/bin[.]sh,offline
"64-bit,elf,x86-64",http[:]//172[.]86[.]85[.]39[:]8080/x86_64,offline
"217-145-226-120,connectwise,exe,ua-wget",https[:]//217[.]145[.]226[.]120/Bin/ScreenConnect[.]ClientSetup[.]exe,offline
"217-145-226-120,connectwise,exe,ua-wget",https[:]//217[.]145[.]226[.]120/bin/support[.]client[.]exe,offline
"176-65-139-145,elf,mirai,ua-wget",http[:]//176[.]65[.]139[.]145/bins/pppc,offline
"176-65-139-145,elf,mirai,ua-wget",http[:]//176[.]65[.]139[.]145/bins/x86_64,offline
"176-65-139-152,elf,mirai,ua-wget",http[:]//176[.]65[.]139[.]152/iran[.]armv4l,offline
"176-65-139-152,elf,mirai,ua-wget",http[:]//176[.]65[.]139[.]152/iran[.]mips,offline
"176-65-139-152,elf,FlyLegitBot,ua-wget",http[:]//176[.]65[.]139[.]152/iran[.]x86_64,offline
"176-65-139-152,elf,FlyLegitBot,ua-wget",http[:]//176[.]65[.]139[.]152/iran[.]i486,offline
"176-65-139-152,elf,mirai,ua-wget",http[:]//176[.]65[.]139[.]152/iran[.]armv6l,offline
"176-65-139-152,elf,mirai,ua-wget",http[:]//176[.]65[.]139[.]152/iran[.]armv5l,offline
"176-65-139-152,elf,ua-wget",http[:]//176[.]65[.]139[.]152/iran[.]powerpc,offline
"144-172-117-212,connectwise,exe,ua-wget",https[:]//144[.]172[.]117[.]212/Bin/ScreenConnect[.]ClientSetup[.]exe,offline
"144-172-117-212,connectwise,exe,ua-wget",https[:]//144[.]172[.]117[.]212/bin/support[.]client[.]exe,offline
"176-65-139-152,FlyLegitBot,sh,ua-wget",http[:]//176[.]65[.]139[.]152/payload[.]sh,offline
"176-65-139-152,elf,ua-wget",http[:]//176[.]65[.]139[.]152/iran[.]sh4,offline
"176-65-139-152,elf,mirai,ua-wget",http[:]//176[.]65[.]139[.]152/iran[.]armv7l,offline
"176-65-139-152,elf,ua-wget",http[:]//176[.]65[.]139[.]152/iran[.]m68k,offline
"176-65-139-152,elf,ua-wget",http[:]//176[.]65[.]139[.]152/iran[.]arc,offline
"176-65-139-152,FlyLegitBot,sh,ua-wget",http[:]//176[.]65[.]139[.]152/cat[.]sh,offline
"176-65-139-152,elf,mirai,ua-wget",http[:]//176[.]65[.]139[.]152/iran[.]mipsrouter,offline
"176-65-139-152,elf,ua-wget",http[:]//176[.]65[.]139[.]152/iran[.]mipsel,offline
"176-65-139-220,elf,mirai,ua-wget",http[:]//176[.]65[.]139[.]220/amd64,online
"176-65-139-220,elf,mirai,ua-wget",http[:]//176[.]65[.]139[.]220/android_arm64,online
"176-65-139-220,elf,mirai,ua-wget",http[:]//176[.]65[.]139[.]220/arm64,online
"176-65-139-220,elf,mirai,ua-wget",http[:]//176[.]65[.]139[.]220/mipsle,online
"176-65-139-220,elf,mirai,ua-wget",http[:]//176[.]65[.]139[.]220/armv7l,online
"176-65-139-220,elf,mirai,ua-wget",http[:]//176[.]65[.]139[.]220/i386,online
"176-65-139-220,mirai,sh,ua-wget",http[:]//176[.]65[.]139[.]220/bins[.]sh,online
"176-65-139-220,exe,ua-wget",http[:]//176[.]65[.]139[.]220/bot[.]exe,online
"176-65-139-208,elf,ua-wget",http[:]//176[.]65[.]139[.]208/bins/px86_64,offline
"176-65-139-208,elf,ua-wget",http[:]//176[.]65[.]139[.]208/bins/parm5,offline
"176-65-139-208,elf,ua-wget",http[:]//176[.]65[.]139[.]208/bins/pmipsel,offline
"176-65-139-208,elf,ua-wget",http[:]//176[.]65[.]139[.]208/bins/pmips,offline
"176-65-139-208,elf,ua-wget",http[:]//176[.]65[.]139[.]208/bins/parm7,offline
"176-65-139-208,elf,ua-wget",http[:]//176[.]65[.]139[.]208/bins/parm6,offline
"176-65-139-153,elf,mirai,ua-wget",http[:]//176[.]65[.]139[.]153/bins/dbg,online
"176-65-139-208,elf,ua-wget",http[:]//176[.]65[.]139[.]208/bins/px86,offline
"176-65-139-153,elf,mirai,ua-wget",http[:]//176[.]65[.]139[.]153/bins/x86_64,online
"176-65-139-153,elf,mirai,ua-wget",http[:]//176[.]65[.]139[.]153/bins/spc,online
"176-65-139-153,elf,mirai,ua-wget",http[:]//176[.]65[.]139[.]153/bins/arm,online
"176-65-139-197,elf,mirai,ua-wget",http[:]//176[.]65[.]139[.]197/main_arm,online
"176-65-139-197,elf,mirai,ua-wget",http[:]//176[.]65[.]139[.]197/main_spc,online
"176-65-139-197,elf,mirai,ua-wget",http[:]//176[.]65[.]139[.]197/main_x64,online
"176-65-139-197,elf,mirai,ua-wget",http[:]//176[.]65[.]139[.]197/main_mpsl,online
"176-65-139-197,elf,mirai,ua-wget",http[:]//176[.]65[.]139[.]197/main_x86_64,online
"176-65-139-197,elf,mirai,ua-wget",http[:]//176[.]65[.]139[.]197/main_arm64,online
"176-65-139-197,elf,mirai,ua-wget",http[:]//176[.]65[.]139[.]197/main_ppc,online
"176-65-139-197,elf,mirai,ua-wget",http[:]//176[.]65[.]139[.]197/main_m68k,online
"176-65-139-197,elf,mirai,ua-wget",http[:]//176[.]65[.]139[.]197/main_arm7,online
"176-65-139-197,elf,mirai,ua-wget",http[:]//176[.]65[.]139[.]197/main_x86,online
"176-65-139-197,elf,mirai,ua-wget",http[:]//176[.]65[.]139[.]197/main_arm6,online
"176-65-139-197,elf,mirai,ua-wget",http[:]//176[.]65[.]139[.]197/main_mips,online
"176-65-139-197,elf,mirai,ua-wget",http[:]//176[.]65[.]139[.]197/main_arm5,online
"176-65-139-197,elf,mirai,ua-wget",http[:]//176[.]65[.]139[.]197/main_sh4,online
"176-65-139-227,elf,mirai,ua-wget",http[:]//176[.]65[.]139[.]227/bins/x86,offline
"176-65-139-227,elf,mirai,ua-wget",http[:]//176[.]65[.]139[.]227/bins/arm6,offline
"176-65-139-227,elf,mirai,ua-wget",http[:]//176[.]65[.]139[.]227/bins/pm68k,offline
"176-65-139-227,elf,mirai,ua-wget",http[:]//176[.]65[.]139[.]227/bins/px86,offline
"176-65-139-227,elf,mirai,ua-wget",http[:]//176[.]65[.]139[.]227/bins/ppc,offline
"176-65-139-227,elf,mirai,ua-wget",http[:]//176[.]65[.]139[.]227/bins/parm6,offline
"176-65-139-227,elf,mirai,ua-wget",http[:]//176[.]65[.]139[.]227/bins/pppc,offline
"176-65-139-227,elf,mirai,ua-wget",http[:]//176[.]65[.]139[.]227/bins/parm5,offline
"176-65-139-227,elf,mirai,ua-wget",http[:]//176[.]65[.]139[.]227/bins/m68k,online
"176-65-139-227,elf,mirai,ua-wget",http[:]//176[.]65[.]139[.]227/bins/arm,offline
"176-65-139-227,elf,mirai,ua-wget",http[:]//176[.]65[.]139[.]227/bins/parm,offline
"176-65-139-227,elf,mirai,ua-wget",http[:]//176[.]65[.]139[.]227/bins/arm5,offline
"176-65-139-227,elf,mirai,ua-wget",http[:]//176[.]65[.]139[.]227/bins/pmips,offline
"176-65-139-227,elf,mirai,ua-wget",http[:]//176[.]65[.]139[.]227/bins/pmpsl,offline
"176-65-139-227,sh,ua-wget",http[:]//176[.]65[.]139[.]227/kla[.]sh,offline
"176-65-139-227,sh,ua-wget",http[:]//176[.]65[.]139[.]227/bins/kla[.]sh,offline
"176-65-139-227,sh,ua-wget",http[:]//176[.]65[.]139[.]227/z[.]sh,offline
"176-65-139-227,sh,ua-wget",http[:]//176[.]65[.]139[.]227/test[.]sh,offline
"176-65-139-227,elf,mirai,ua-wget",http[:]//176[.]65[.]139[.]227/bins/arm7,offline
"176-65-139-227,elf,mirai,ua-wget",http[:]//176[.]65[.]139[.]227/bins/psh4,offline
"176-65-139-227,elf,mirai,ua-wget",http[:]//176[.]65[.]139[.]227/bins/x86_64,offline
"176-65-139-227,elf,mirai,ua-wget",http[:]//176[.]65[.]139[.]227/bins/parm7,offline
"176-65-139-227,sh,ua-wget",http[:]//176[.]65[.]139[.]227/adb[.]sh,offline
"32-bit,elf,mips,Mozi",http[:]//60[.]18[.]16[.]151[:]54382/i,offline
"32-bit,arm,elf,mirai,Mozi",http[:]//203[.]177[.]251[.]31[:]35586/i,offline
"32-bit,elf,mips,Mozi",http[:]//27[.]207[.]37[.]137[:]57538/i,offline
"176-65-139-250,elf,mirai,ua-wget",http[:]//176[.]65[.]139[.]250/iran[.]powerpc,offline
"176-65-139-217,mirai,sh,ua-wget",http[:]//176[.]65[.]139[.]217/ohshit[.]sh,offline
"32-bit,arm,elf,mirai,Mozi",http[:]//124[.]6[.]167[.]113[:]48183/bin[.]sh,offline
"176-65-139-250,elf,mirai,ua-wget",http[:]//176[.]65[.]139[.]250/iran[.]sparc,offline
"176-65-139-218,elf,mirai,ua-wget",http[:]//176[.]65[.]139[.]218/bins/David[.]spc,online
"176-65-139-250,mirai,sh,ua-wget",http[:]//176[.]65[.]139[.]250/telnet[.]sh,offline
"176-65-139-250,mirai,sh,ua-wget",http[:]//176[.]65[.]139[.]250/cat[.]sh,offline
"176-65-139-250,elf,mirai,ua-wget",http[:]//176[.]65[.]139[.]250/iran[.]mipsrouter,offline
"176-65-139-250,elf,mirai,ua-wget",http[:]//176[.]65[.]139[.]250/iran[.]x86_64,offline
"176-65-139-250,elf,mirai,ua-wget",http[:]//176[.]65[.]139[.]250/iran[.]mipsel,offline
"176-65-139-250,elf,mirai,ua-wget",http[:]//176[.]65[.]139[.]250/iran[.]m68k,offline
"176-65-139-250,elf,mirai,ua-wget",http[:]//176[.]65[.]139[.]250/iran[.]arc,offline
"176-65-139-139,elf,mirai,ua-wget",http[:]//176[.]65[.]139[.]139/hiddenbin/x86,online
"176-65-139-250,elf,mirai,ua-wget",http[:]//176[.]65[.]139[.]250/iran[.]mips,offline
"176-65-139-250,elf,mirai,ua-wget",http[:]//176[.]65[.]139[.]250/iran[.]armv6l,offline
"176-65-139-250,elf,mirai,ua-wget",http[:]//176[.]65[.]139[.]250/iran[.]armv7l,offline
"176-65-139-250,elf,mirai,ua-wget",http[:]//176[.]65[.]139[.]250/iran[.]i486,offline
"176-65-139-250,elf,mirai,ua-wget",http[:]//176[.]65[.]139[.]250/iran[.]sh4,offline
"176-65-139-250,elf,mirai,ua-wget",http[:]//176[.]65[.]139[.]250/iran[.]armv5l,offline
"176-65-139-250,elf,mirai,ua-wget",http[:]//176[.]65[.]139[.]250/iran[.]aarch64,offline
"176-65-139-250,elf,mirai,ua-wget",http[:]//176[.]65[.]139[.]250/iran[.]armv4l,offline
"176-65-139-139,elf,mirai,ua-wget",http[:]//176[.]65[.]139[.]139/hiddenbin/arm5,online
"176-65-139-139,elf,mirai,ua-wget",http[:]//176[.]65[.]139[.]139/hiddenbin/android-arm64,online
"176-65-139-139,elf,mirai,ua-wget",http[:]//176[.]65[.]139[.]139/hiddenbin/x86_64,online
"176-65-139-139,elf,mirai,ua-wget",http[:]//176[.]65[.]139[.]139/hiddenbin/mips,offline
"176-65-139-139,elf,mirai,ua-wget",http[:]//176[.]65[.]139[.]139/hiddenbin/arm6,online
"176-65-139-139,elf,mirai,ua-wget",http[:]//176[.]65[.]139[.]139/hiddenbin/arm,online
"176-65-139-139,elf,mirai,ua-wget",http[:]//176[.]65[.]139[.]139/hiddenbin/android-arm,online
"176-65-139-139,elf,mirai,ua-wget",http[:]//176[.]65[.]139[.]139/hiddenbin/m68k,offline
"176-65-139-139,elf,mirai,ua-wget",http[:]//176[.]65[.]139[.]139/hiddenbin/arc,offline
"176-65-139-139,elf,mirai,ua-wget",http[:]//176[.]65[.]139[.]139/hiddenbin/mipsel,online
"176-65-139-139,elf,mirai,ua-wget",http[:]//176[.]65[.]139[.]139/hiddenbin/ppc,online
"176-65-139-139,elf,mirai,ua-wget",http[:]//176[.]65[.]139[.]139/hiddenbin/arm7,online
"176-65-139-139,elf,mirai,ua-wget",http[:]//176[.]65[.]139[.]139/hiddenbin/i686,online
"176-65-139-139,elf,mirai,ua-wget",http[:]//176[.]65[.]139[.]139/hiddenbin/sh4,online
"94-154-43-217,elf,ua-wget",http[:]//94[.]154[.]43[.]217/bins/musl,offline
"94-154-43-217,elf,ua-wget",http[:]//94[.]154[.]43[.]217/bins/dbg,offline
"94-154-43-83,elf,ua-wget",http[:]//94[.]154[.]43[.]83/bins/dbg,offline
"94-154-43-83,elf,mirai,ua-wget",http[:]//94[.]154[.]43[.]83/bins/arm,offline
"94-154-43-83,elf,ua-wget",http[:]//94[.]154[.]43[.]83/bins/musl,offline
"32-bit,elf,mips,Mozi",http[:]//27[.]207[.]37[.]137[:]57538/bin[.]sh,offline
"176-65-139-253,elf,ua-wget",http[:]//176[.]65[.]139[.]253/bins/dbg,online
"32-bit,arm,elf,mirai,Mozi",http[:]//203[.]177[.]251[.]31[:]35586/bin[.]sh,offline
"217-60-195-161,elf,mirai,ua-wget",http[:]//217[.]60[.]195[.]161/bot,online
"217-60-195-161,elf,mirai,ua-wget",http[:]//217[.]60[.]195[.]161/mipsel,online
"217-60-195-161,elf,mirai,ua-wget",http[:]//217[.]60[.]195[.]161/aarch64,online
"217-60-195-161,elf,mirai,ua-wget",http[:]//217[.]60[.]195[.]161/mips,online
"217-60-195-161,elf,mirai,ua-wget",http[:]//217[.]60[.]195[.]161/armv5l,online
"217-60-195-161,elf,mirai,ua-wget",http[:]//217[.]60[.]195[.]161/i686,online
"217-60-195-161,elf,mirai,ua-wget",http[:]//217[.]60[.]195[.]161/powerpc,online
"217-60-195-161,elf,mirai,ua-wget",http[:]//217[.]60[.]195[.]161/armv4l,online
"217-60-195-161,elf,mirai,ua-wget",http[:]//217[.]60[.]195[.]161/armv7l,online
"217-60-195-161,elf,mirai,ua-wget",http[:]//217[.]60[.]195[.]161/mips64,online
"217-60-195-187,elf,mirai,ua-wget",http[:]//217[.]60[.]195[.]187/armv6,online
"176-65-139-251,elf,Kaiji,ua-wget",http[:]//176[.]65[.]139[.]251/linux_mipsel,online
"176-65-139-251,BlackMoon,exe,ua-wget",http[:]//176[.]65[.]139[.]251/win[.]exe,online
Mozi,http[:]//85[.]95[.]191[.]148[:]40321/i,offline
mirai,http[:]//36[.]69[.]88[.]198[:]43829/i,offline
,http[:]//27[.]37[.]230[.]100[:]33664/i,offline
,http[:]//46[.]252[.]33[.]253[:]37189/bin[.]sh,offline
,http[:]//61[.]137[.]141[.]220[:]57818/i,offline
mirai,http[:]//42[.]5[.]242[.]102[:]56084/i,offline
mirai,http[:]//27[.]204[.]232[.]247[:]38808/i,offline
,http[:]//61[.]137[.]141[.]220[:]57818/bin[.]sh,offline
mirai,http[:]//42[.]5[.]242[.]102[:]56084/bin[.]sh,offline
mirai,http[:]//27[.]209[.]171[.]43[:]55419/bin[.]sh,offline
,http[:]//60[.]22[.]9[.]165[:]38407/i,offline
,http[:]//27[.]37[.]230[.]100[:]33664/bin[.]sh,offline
,http[:]//42[.]56[.]2[.]157[:]54858/i,offline
,http[:]//39[.]87[.]231[.]186[:]50803/i,offline
,http[:]//42[.]59[.]230[.]50[:]58920/bin[.]sh,offline
mirai,http[:]//36[.]69[.]68[.]206[:]47515/i,offline
,http[:]//5[.]167[.]65[.]75[:]14652/i,offline
Mozi,http[:]//42[.]227[.]4[.]254[:]47075/bin[.]sh,offline
Mozi,http[:]//222[.]142[.]214[.]152[:]60003/i,offline
Mozi,http[:]//59[.]103[.]116[.]68[:]54471/i,offline
,http[:]//42[.]177[.]228[.]212[:]42620/bin[.]sh,offline
mirai,http[:]//221[.]15[.]187[.]9[:]43353/bin[.]sh,offline
,http[:]//37[.]112[.]51[.]183[:]14798/i,offline
,http[:]//42[.]53[.]171[.]19[:]33727/i,offline
mirai,http[:]//66[.]205[.]236[.]147[:]42536/bin[.]sh,offline
Mozi,http[:]//222[.]141[.]46[.]30[:]49993/bin[.]sh,offline
Mozi,http[:]//220[.]202[.]77[.]205[:]39802/i,offline
mirai,http[:]//45[.]163[.]68[.]69[:]54423/i,offline
mirai,http[:]//223[.]151[.]74[.]233[:]51379/i,offline
,http[:]//221[.]200[.]166[.]125[:]40452/bin[.]sh,offline
mirai,http[:]//36[.]70[.]104[.]216[:]35261/i,offline
mirai,http[:]//36[.]70[.]104[.]216[:]35261/bin[.]sh,offline
,http[:]//5[.]167[.]65[.]75[:]14652/bin[.]sh,offline
,http[:]//221[.]200[.]214[.]3[:]41149/bin[.]sh,offline
,http[:]//221[.]200[.]214[.]3[:]41149/i,offline
,http[:]//42[.]177[.]228[.]212[:]42620/i,offline
,http[:]//89[.]189[.]181[.]54[:]60243/i,online
"elf,ua-wget",http[:]//176[.]65[.]139[.]214/iran[.]aarch64,offline
,http[:]//222[.]134[.]172[.]251[:]54395/i,offline
Mozi,http[:]//222[.]139[.]39[.]105[:]57183/i,offline
mirai,http[:]//87[.]9[.]4[.]3[:]33213/i,offline
mirai,http[:]//84[.]1[.]217[.]223[:]37216/i,offline
,http[:]//42[.]59[.]230[.]50[:]58920/i,offline
,http[:]//42[.]57[.]58[.]71[:]40804/bin[.]sh,offline
mirai,http[:]//222[.]127[.]186[.]27[:]49861/i,offline
,http[:]//42[.]53[.]171[.]19[:]33727/bin[.]sh,offline
,http[:]//42[.]178[.]89[.]250[:]41737/bin[.]sh,offline
,http[:]//42[.]178[.]89[.]250[:]41737/i,offline
Mozi,http[:]//42[.]234[.]68[.]154[:]40326/i,offline
mirai,http[:]//45[.]5[.]88[.]205[:]40346/i,offline
mirai,http[:]//45[.]5[.]88[.]205[:]40346/bin[.]sh,offline
Mozi,http[:]//222[.]137[.]208[.]71[:]35853/i,offline
Mozi,http[:]//42[.]224[.]0[.]83[:]41984/i,offline
Mozi,http[:]//42[.]232[.]86[.]164[:]39689/i,offline
,http[:]//37[.]112[.]51[.]183[:]14798/bin[.]sh,offline
,http[:]//42[.]231[.]89[.]238[:]43070/i,offline
Mozi,http[:]//221[.]14[.]172[.]171[:]60014/bin[.]sh,offline
Mozi,http[:]//27[.]207[.]142[.]228[:]54471/i,offline
Mozi,http[:]//27[.]207[.]142[.]228[:]54471/bin[.]sh,offline
,http[:]//42[.]231[.]89[.]238[:]43070/bin[.]sh,offline
Mozi,http[:]//42[.]227[.]4[.]254[:]47075/i,offline
mirai,http[:]//45[.]163[.]68[.]69[:]54423/bin[.]sh,offline
Mozi,http[:]//59[.]103[.]116[.]68[:]54471/bin[.]sh,offline
,http[:]//61[.]69[.]169[.]69[:]39370/bin[.]sh,online
mirai,http[:]//45[.]183[.]184[.]74[:]46447/i,offline
,http[:]//61[.]137[.]201[.]69[:]59939/i,offline
mirai,http[:]//84[.]1[.]217[.]223[:]37216/bin[.]sh,offline
,http[:]//42[.]57[.]58[.]71[:]40804/i,offline
,http[:]//42[.]52[.]205[.]201[:]34992/bin[.]sh,offline
,http[:]//42[.]54[.]145[.]237[:]43491/i,offline
,http[:]//42[.]52[.]205[.]201[:]34992/i,offline
mirai,http[:]//87[.]9[.]4[.]3[:]33213/bin[.]sh,offline
Mozi,http[:]//39[.]79[.]143[.]125[:]58794/bin[.]sh,offline
,http[:]//91[.]219[.]167[.]155[:]11206/bin[.]sh,offline
"elf,ua-wget",http[:]//176[.]65[.]139[.]214/iran[.]arc,offline
"elf,ua-wget",http[:]//176[.]65[.]139[.]214/iran[.]i486,offline
mirai,http[:]//159[.]255[.]20[.]65[:]37678/bin[.]sh,offline
,http[:]//175[.]148[.]2[.]195[:]45066/i,offline
Mozi,http[:]//112[.]248[.]107[.]159[:]44463/i,offline
Mozi,http[:]//112[.]248[.]107[.]159[:]44463/bin[.]sh,offline
,http[:]//163[.]142[.]93[.]136[:]34870/i,offline
,http[:]//196[.]190[.]133[.]180[:]54777/i,offline
,http[:]//124[.]94[.]244[.]77[:]42381/i,offline
Mozi,http[:]//220[.]202[.]77[.]205[:]39802/bin[.]sh,offline
mirai,http[:]//117[.]63[.]5[.]188[:]50519/i,offline
,http[:]//119[.]115[.]167[.]46[:]40167/i,offline
mirai,http[:]//117[.]95[.]130[.]165[:]42399/i,offline
Mozi,http[:]//125[.]40[.]153[.]24[:]49867/bin[.]sh,offline
Mozi,http[:]//125[.]45[.]146[.]153[:]54591/i,offline
Mozi,http[:]//125[.]40[.]153[.]24[:]49867/i,offline
,http[:]//218[.]60[.]130[.]229[:]34929/i,offline
Mozi,http[:]//219[.]157[.]20[.]228[:]54025/bin[.]sh,offline
Mozi,http[:]//115[.]53[.]219[.]69[:]43712/i,offline
mirai,http[:]//112[.]198[.]239[.]2[:]52699/bin[.]sh,offline
,http[:]//120[.]84[.]212[.]110[:]55570/i,offline
Mozi,http[:]//176[.]193[.]139[.]219[:]33741/i,online
mirai,http[:]//109[.]236[.]44[.]237[:]48039/i,online
mirai,http[:]//180[.]191[.]22[.]126[:]48658/bin[.]sh,offline
mirai,http[:]//112[.]198[.]186[.]249[:]39869/i,offline
,http[:]//113[.]229[.]28[.]199[:]55293/bin[.]sh,offline
Mozi,http[:]//123[.]12[.]239[.]4[:]50342/i,offline
Mozi,http[:]//112[.]247[.]5[.]140[:]33414/i,online
,http[:]//115[.]48[.]12[.]75[:]59273/i,offline
Mozi,http[:]//115[.]61[.]112[.]8[:]51599/i,offline
mirai,http[:]//118[.]125[.]24[.]91[:]57865/bin[.]sh,offline
mirai,http[:]//175[.]150[.]139[.]66[:]58465/bin[.]sh,offline
mirai,http[:]//210[.]208[.]110[.]147[:]44117/bin[.]sh,offline
mirai,http[:]//203[.]177[.]177[.]85[:]50158/bin[.]sh,offline
Mozi,http[:]//115[.]48[.]138[.]159[:]37256/bin[.]sh,offline
,http[:]//120[.]84[.]215[.]18[:]53753/bin[.]sh,offline
,http[:]//120[.]26[.]164[.]252[:]9918/linux,online
mirai,http[:]//116[.]53[.]43[.]195[:]37347/bin[.]sh,offline
Mozi,http[:]//115[.]55[.]243[.]111[:]42815/i,offline
,http[:]//175[.]150[.]93[.]234[:]32800/i,online
mirai,http[:]//113[.]226[.]77[.]192[:]43284/i,offline
mirai,http[:]//123[.]170[.]115[.]119[:]51837/bin[.]sh,offline
,http[:]//123[.]190[.]231[.]92[:]48591/bin[.]sh,offline
Mozi,http[:]//123[.]9[.]94[.]173[:]40508/i,offline
Mozi,http[:]//190[.]103[.]71[.]175[:]58441/i,offline
,http[:]//115[.]49[.]1[.]206[:]43455/bin[.]sh,offline
mirai,http[:]//180[.]190[.]200[.]74[:]45140/bin[.]sh,online
,http[:]//121[.]179[.]209[.]191[:]51700/i,online
mirai,http[:]//218[.]58[.]236[.]22[:]48839/bin[.]sh,offline
Mozi,http[:]//119[.]180[.]117[.]170[:]59232/i,offline
Mozi,http[:]//123[.]12[.]239[.]4[:]50342/bin[.]sh,offline
,http[:]//113[.]228[.]149[.]83[:]48412/bin[.]sh,offline
Mozi,http[:]//123[.]9[.]94[.]173[:]40508/bin[.]sh,offline
mirai,http[:]//123[.]170[.]115[.]119[:]51837/i,offline
Mozi,http[:]//119[.]180[.]117[.]170[:]59232/bin[.]sh,offline
mirai,http[:]//110[.]139[.]38[.]166[:]34127/bin[.]sh,offline
mirai,http[:]//210[.]208[.]110[.]20[:]49599/bin[.]sh,offline
Mozi,http[:]//115[.]51[.]21[.]226[:]37861/i,offline
,http[:]//119[.]115[.]165[.]13[:]53044/i,offline
mirai,http[:]//180[.]190[.]200[.]74[:]45140/i,online
,http[:]//113[.]231[.]8[.]215[:]46094/bin[.]sh,offline
mirai,http[:]//216[.]126[.]86[.]52[:]50663/i,offline
mirai,http[:]//106[.]40[.]243[.]125[:]34782/i,offline
mirai,http[:]//210[.]208[.]111[.]220[:]51724/bin[.]sh,offline
,http[:]//113[.]231[.]8[.]215[:]46094/i,offline
Mozi,http[:]//115[.]53[.]247[.]75[:]42289/bin[.]sh,offline
Mozi,http[:]//115[.]53[.]247[.]75[:]42289/i,offline
mirai,http[:]//101[.]108[.]77[.]202[:]34045/i,offline
Mozi,http[:]//123[.]11[.]15[.]19[:]44366/i,offline
mirai,http[:]//112[.]198[.]193[.]5[:]50747/bin[.]sh,offline
Mozi,http[:]//115[.]48[.]138[.]159[:]37256/i,offline
mirai,http[:]//112[.]198[.]193[.]5[:]50747/i,online
mirai,http[:]//210[.]208[.]111[.]234[:]47140/bin[.]sh,offline
mirai,http[:]//116[.]118[.]158[.]55[:]32913/i,offline
,http[:]//115[.]48[.]12[.]75[:]59273/bin[.]sh,offline
,http[:]//113[.]228[.]153[.]175[:]50645/i,offline
Mozi,http[:]//219[.]157[.]54[.]36[:]55298/bin[.]sh,offline
,http[:]//113[.]230[.]82[.]33[:]33281/bin[.]sh,online
mirai,http[:]//116[.]53[.]43[.]195[:]37347/i,offline
,http[:]//175[.]148[.]153[.]150[:]55280/i,offline
mirai,http[:]//123[.]252[.]17[.]41[:]43633/i,offline
mirai,http[:]//109[.]236[.]44[.]237[:]48039/bin[.]sh,online
Mozi,http[:]//125[.]40[.]8[.]47[:]49412/bin[.]sh,offline
Mozi,http[:]//182[.]117[.]77[.]218[:]51712/i,offline
mirai,http[:]//175[.]150[.]139[.]66[:]58465/i,offline
mirai,http[:]//110[.]139[.]38[.]166[:]34127/i,offline
Mozi,http[:]//182[.]127[.]113[.]138[:]57224/i,offline
Mozi,http[:]//124[.]131[.]156[.]42[:]40396/i,offline
,http[:]//120[.]84[.]212[.]110[:]55570/bin[.]sh,offline
,http[:]//163[.]142[.]94[.]143[:]50864/i,offline
mirai,http[:]//203[.]177[.]177[.]85[:]50158/i,offline
Mozi,http[:]//123[.]12[.]10[.]152[:]51720/i,offline
Mozi,http[:]//123[.]11[.]10[.]63[:]44952/bin[.]sh,offline
mirai,http[:]//118[.]125[.]24[.]91[:]57865/i,offline
mirai,http[:]//180[.]191[.]22[.]126[:]48658/i,offline
Mozi,http[:]//182[.]120[.]0[.]145[:]51655/i,offline
Mozi,http[:]//123[.]11[.]10[.]63[:]44952/i,offline
Mozi,http[:]//123[.]9[.]41[.]116[:]55845/i,offline
Mozi,http[:]//125[.]44[.]16[.]169[:]38237/i,offline
Mozi,http[:]//182[.]127[.]4[.]31[:]60965/i,offline
mirai,http[:]//113[.]226[.]77[.]192[:]43284/bin[.]sh,offline
mirai,http[:]//216[.]126[.]86[.]52[:]50663/bin[.]sh,offline
,http[:]//175[.]150[.]93[.]234[:]32800/bin[.]sh,online
Mozi,http[:]//123[.]11[.]15[.]19[:]44366/bin[.]sh,offline
mirai,http[:]//180[.]190[.]189[.]204[:]46062/i,offline
mirai,http[:]//112[.]198[.]239[.]2[:]52699/i,offline
Mozi,http[:]//121[.]231[.]77[.]20[:]2312/i,offline
,http[:]//113[.]228[.]153[.]175[:]50645/bin[.]sh,offline
Mozi,http[:]//121[.]231[.]77[.]20[:]2312/bin[.]sh,offline
mirai,http[:]//210[.]208[.]106[.]68[:]50834/i,offline
Mozi,http[:]//115[.]63[.]80[.]217[:]45926/bin[.]sh,offline
mirai,http[:]//210[.]208[.]110[.]147[:]44117/i,offline
mirai,http[:]//210[.]208[.]106[.]68[:]50834/bin[.]sh,offline
,http[:]//113[.]229[.]28[.]199[:]55293/i,offline
Mozi,http[:]//115[.]55[.]201[.]246[:]43780/i,offline
Mozi,http[:]//115[.]48[.]33[.]204[:]60299/bin[.]sh,offline
mirai,http[:]//112[.]198[.]186[.]249[:]39869/bin[.]sh,offline
mirai,http[:]//193[.]187[.]101[.]209[:]35497/i,offline
,http[:]//138[.]204[.]196[.]244[:]53649/i,offline
,http[:]//221[.]200[.]213[.]226[:]58937/i,offline
,https[:]//www[.]bluehorizons[.]travel/daemonx,offline
,http[:]//47[.]109[.]94[.]146[:]8899/slt,offline
"c2-monitor-auto,CoinMiner,dropped-by-amadey",http[:]//91[.]92[.]242[.]236/files-129312398/files/file_2e3410806cced002[.]exe,offline
"32-bit,elf,mips,Mozi",http[:]//115[.]48[.]160[.]255[:]52757/i,offline
"158-94-211-116,connectwise,exe,ua-wget",https[:]//158[.]94[.]211[.]116/Bin/ScreenConnect[.]ClientSetup[.]exe,offline
"158-94-211-116,connectwise,exe,ua-wget",https[:]//158[.]94[.]211[.]116/bin/support[.]client[.]exe,offline
"elf,mirai,ua-wget",http[:]//213[.]232[.]114[.]14/nokillbins/gnome,online
"elf,mirai,ua-wget",http[:]//213[.]232[.]114[.]14/nokillbins/ext4,online
"elf,gafgyt,mirai,ua-wget",http[:]//213[.]232[.]114[.]14/nokillbins/kernal,online
"elf,gafgyt,mirai,ua-wget",http[:]//213[.]232[.]114[.]14/nokillbins/systemd,online
"elf,gafgyt,mirai,ua-wget",http[:]//213[.]232[.]114[.]14/nokillbins/watchdogd,online
"elf,mirai,ua-wget",http[:]//213[.]232[.]114[.]14/nokillbins/ntpd,online
"elf,gafgyt,mirai,ua-wget",http[:]//213[.]232[.]114[.]14/nokillbins/sshd,online
"elf,mirai,ua-wget",http[:]//213[.]232[.]114[.]14/nokillbins/bash,online
"elf,mirai,ua-wget",http[:]//213[.]232[.]114[.]14/nokillbins/getty,online
"elf,mirai,ua-wget",http[:]//213[.]232[.]114[.]14/nokillbins/ntp,online
"elf,ua-wget",http[:]//213[.]232[.]114[.]14/nokillbins/kde,offline
"elf,ua-wget",http[:]//213[.]232[.]114[.]14/nokillbins/crypto,offline
"elf,ua-wget",http[:]//213[.]232[.]114[.]14/nokillbins/login,offline
"elf,ua-wget",http[:]//213[.]232[.]114[.]14/nokillbins/dbus,offline
"176-65-139-214,elf,mirai,ua-wget",http[:]//176[.]65[.]139[.]214/iran[.]mips,offline
"176-65-139-214,elf,mirai,ua-wget",http[:]//176[.]65[.]139[.]214/iran[.]mipsel,offline
"176-65-139-214,elf,mirai,ua-wget",http[:]//176[.]65[.]139[.]214/iran[.]powerpc,offline
"176-65-139-214,elf,mirai,ua-wget",http[:]//176[.]65[.]139[.]214/iran[.]armv5l,offline
"176-65-139-214,elf,mirai,ua-wget",http[:]//176[.]65[.]139[.]214/iran[.]m68k,offline
"176-65-139-214,elf,mirai,ua-wget",http[:]//176[.]65[.]139[.]214/iran[.]armv6l,offline
"176-65-139-214,mirai,sh,ua-wget",http[:]//176[.]65[.]139[.]214/cat[.]sh,offline
"176-65-139-214,elf,mirai,ua-wget",http[:]//176[.]65[.]139[.]214/iran[.]x86_64,offline
"176-65-139-214,elf,mirai,ua-wget",http[:]//176[.]65[.]139[.]214/iran[.]sparc,offline
"176-65-139-214,elf,mirai,ua-wget",http[:]//176[.]65[.]139[.]214/iran[.]armv4l,offline
"176-65-139-214,elf,mirai,ua-wget",http[:]//176[.]65[.]139[.]214/iran[.]sh4,offline
"176-65-139-214,elf,mirai,ua-wget",http[:]//176[.]65[.]139[.]214/iran[.]armv7l,offline
"176-65-139-214,mirai,sh,ua-wget",http[:]//176[.]65[.]139[.]214/telnet[.]sh,offline
"176-65-139-214,elf,mirai,ua-wget",http[:]//176[.]65[.]139[.]214/iran[.]mipsrouter,offline
"docker,malware-download,mirai",http[:]//85[.]137[.]54[.]178[:]8080/bins/1,online
"32-bit,elf,mips,Mozi",http[:]//125[.]47[.]2[.]116[:]54760/i,offline
"32-bit,elf,mips,Mozi",http[:]//125[.]47[.]2[.]116[:]54760/bin[.]sh,offline
"32-bit,elf,mips,Mozi",http[:]//115[.]53[.]219[.]69[:]43712/bin[.]sh,offline
"32-bit,arm,elf,mirai,Mozi",http[:]//170[.]238[.]123[.]134[:]46770/i,offline
"32-bit,arm,elf,mirai,Mozi",http[:]//170[.]238[.]123[.]134[:]46770/bin[.]sh,offline
"32-bit,elf,mips,Mozi",http[:]//61[.]52[.]132[.]82[:]51257/i,offline
"32-bit,elf,mips,Mozi",http[:]//182[.]127[.]31[.]146[:]40571/i,offline
"32-bit,elf,mips,Mozi",http[:]//115[.]55[.]201[.]246[:]43780/bin[.]sh,offline
"honeypot,Kaiji,mirai",http[:]//176[.]65[.]139[.]251/linux_mips64,online
"honeypot,Kaiji,mirai",http[:]//176[.]65[.]139[.]251/linux_aarch64,online
"honeypot,Kaiji,mirai",http[:]//176[.]65[.]139[.]251/linux_386,online
"honeypot,Kaiji,mirai",http[:]//176[.]65[.]139[.]251/linux_arm7,online
"honeypot,Kaiji,mirai",http[:]//176[.]65[.]139[.]251/linux_arm5,online
"honeypot,Kaiji,mirai",http[:]//176[.]65[.]139[.]251/linux_mips64el,online
"honeypot,Kaiji,mirai",http[:]//176[.]65[.]139[.]251/linux_arm6,online
"honeypot,Kaiji,mirai",http[:]//176[.]65[.]139[.]251/linux_amd64,online
"honeypot,Kaiji,mirai",http[:]//176[.]65[.]139[.]251/linux_mips,online
"honeypot,mirai",http[:]//176[.]65[.]139[.]251/linux_arm,offline
"honeypot,mirai",http[:]//176[.]65[.]139[.]251/linux_m68k,offline
"honeypot,mirai",http[:]//176[.]65[.]139[.]251/linux_mpsel,offline
"32-bit,elf,mips,Mozi",http[:]//182[.]118[.]247[.]196[:]35998/i,offline
"elf,ua-wget",http[:]//94[.]154[.]43[.]71/bins/mpsl,offline
"elf,mirai,ua-wget",http[:]//94[.]154[.]43[.]71/bins/sh4,offline
"elf,mirai,ua-wget",http[:]//94[.]154[.]43[.]71/bins/arm6,offline
"elf,ua-wget",http[:]//94[.]154[.]43[.]71/bins/x86,offline
"elf,ua-wget",http[:]//94[.]154[.]43[.]71/bins/i686,offline
"elf,ua-wget",http[:]//94[.]154[.]43[.]71/bins/spc,offline
"elf,ua-wget",http[:]//94[.]154[.]43[.]71/bins/x86_64,offline
"elf,mirai,ua-wget",http[:]//94[.]154[.]43[.]83/bins/m68k,offline
"elf,ua-wget",http[:]//94[.]154[.]43[.]83/bins/mpsl,offline
"elf,mirai,ua-wget",http[:]//94[.]154[.]43[.]83/bins/mips,offline
"elf,mirai,ua-wget",http[:]//94[.]154[.]43[.]83/bins/arm5,offline
"elf,mirai,ua-wget",http[:]//94[.]154[.]43[.]83/bins/arm7,offline
"elf,ua-wget",http[:]//94[.]154[.]43[.]83/bins/i686,offline
"elf,gafgyt,ua-wget",http[:]//94[.]154[.]43[.]83/bins/spc,offline
"elf,mirai,ua-wget",http[:]//94[.]154[.]43[.]83/bins/sh4,offline
"elf,ua-wget",http[:]//94[.]154[.]43[.]83/bins/x86,offline
"elf,mirai,ua-wget",http[:]//94[.]154[.]43[.]83/bins/arm6,offline
"elf,ua-wget",http[:]//94[.]154[.]43[.]83/bins/x86_64,offline
"elf,ua-wget",http[:]//94[.]154[.]43[.]83/bins/ppc,offline
"elf,ua-wget",http[:]//94[.]154[.]43[.]71/bins/ppc,offline
"elf,ua-wget",http[:]//94[.]154[.]43[.]71/bins/mips,offline
"elf,mirai,ua-wget",http[:]//94[.]154[.]43[.]71/bins/arm7,offline
"elf,mirai,ua-wget",http[:]//94[.]154[.]43[.]217/bins/arm6,offline
"32-bit,elf,mips,Mozi",http[:]//182[.]127[.]31[.]146[:]40571/bin[.]sh,offline
"32-bit,arm,elf,mirai,Mozi",http[:]//103[.]172[.]186[.]166[:]48152/bin[.]sh,offline
"32-bit,elf,mips,Mozi",http[:]//182[.]118[.]247[.]196[:]35998/bin[.]sh,offline
"32-bit,elf,mips,Mozi",http[:]//219[.]157[.]62[.]192[:]50300/bin[.]sh,offline
mirai,http[:]//180[.]106[.]103[.]6[:]45586/i,online
"32-bit,elf,mips,Mozi",http[:]//105[.]157[.]20[.]136[:]58910/i,offline
"gafgyt,honeypot,ssh",http[:]//213[.]232[.]114[.]14/nokillbins/handshakebins[.]sh,online
"32-bit,elf,mips,Mozi",http[:]//222[.]139[.]94[.]14[:]58889/bin[.]sh,offline
"32-bit,elf,mips,Mozi",http[:]//175[.]168[.]218[.]36[:]41691/bin[.]sh,online
"jar,minecraft,SilentNet,stealer",https[:]//polarclient[.]net/PolarClient-Cracked-26[.]2[.]jar,online
"jar,minecraft,SilentNet,stealer",https[:]//odinclient[.]com/OdinClient-26[.]2[.]jar,online
"honeypot,ssh",http[:]//151[.]241[.]154[.]172[:]32014/b/kswpad,offline
"honeypot,ssh",http[:]//151[.]241[.]154[.]172[:]32014/b/linux,offline
"honeypot,ssh",http[:]//151[.]241[.]154[.]172[:]32014/b/kal64,offline
"honeypot,ssh",http[:]//151[.]241[.]154[.]172[:]32014/b/amd64,offline
"jar,minecraft,SilentNet,stealer",https[:]//skyblock-addons[.]com/SkyblockAddons-26[.]2[.]jar,online
"jar,minecraft,SilentNet,stealer",https[:]//sigmaclient[.]net/SigmaClient-Fabric-1[.]21[.]jar,offline
"jar,minecraft,SilentNet,stealer",https[:]//noamaddons[.]com/NoamAddons-26[.]2[.]jar,online
"jar,minecraft,SilentNet,stealer",https[:]//phantom-client[.]com/Phantom-Client-26[.]2[.]jar,online
"jar,minecraft,SilentNet,stealer",https[:]//wielixclient[.]com/WielixClient-v2[.]1[.]0-1[.]21[.]11[.]jar,offline
"jar,minecraft,SilentNet,stealer",https[:]//polinexclient[.]org/Polinex-Fabric-1[.]21[.]jar,online
"jar,minecraft,SilentNet,stealer",https[:]//skyblock-extras[.]org/SkyblockExtras-26[.]2[.]jar,online
"jar,minecraft,SilentNet,stealer",https[:]//prestige-client[.]org/PrestigeLoader-26[.]2[.]jar,online
"jar,minecraft,SilentNet,stealer",https[:]//gamblerigmod[.]org/gamble-rig-26[.]2[.]jar,online
"jar,minecraft,SilentNet,stealer",https[:]//22qq-client[.]com/22qq-client-1[.]21[.]11[.]jar,online
"jar,minecraft,SilentNet,stealer",https[:]//nova-client[.]com/Nova-Client-1[.]21[.]11-latest[.]jar,online
"32-bit,elf,mips,Mozi",http[:]//115[.]54[.]114[.]29[:]45001/bin[.]sh,offline
"mirai,wraith",http[:]//213[.]232[.]114[.]14/nokillbins/telnetd,online
"gafgyt,mirai,wraith",http[:]//213[.]232[.]114[.]14/nokillbins/kworker,online
,http[:]//163[.]245[.]192[.]197/nixw,offline
mirai,http[:]//180[.]106[.]103[.]6[:]45586/bin[.]sh,offline
"gafgyt,mirai,wraith",http[:]//213[.]232[.]114[.]14/nokillbins/telnet,online
"cowrie,honeypot",http[:]//213[.]232[.]114[.]14/handshakebins[.]sh;curl,offline
"c2-monitor-auto,dropped-by-amadey",http[:]//91[.]92[.]242[.]236/files-129312398/files/file_765cc3c172f33aca[.]exe,offline
"elf,iot",http[:]//144[.]31[.]215[.]199[:]889/l[.]sh,offline
"Electron,exe,spyware,stealer",https[:]//uno-play[.]xyz/download/uno-setup-1[.]0[.]0[.]exe,offline
"jar,minecraft,SilentNet,stealer",https[:]//windowsdiagnostics[.]st/api/static/loading,online
"jar,minecraft,stealer,WeedHack",https[:]//meteorclients[.]com/Meteor_Client-1[.]21[.]11-53[.]jar,online
"jar,minecraft,SilentNet,stealer",https[:]//modhider[.]com/ModHider-26[.]2[.]jar,offline
"jar,minecraft,SilentNet,stealer",https[:]//kryptonclient-cracked[.]com/Krypton-Client-1[.]21[.]10-V6[.]jar,online
"jar,minecraft,SilentNet,stealer",https[:]//invmove[.]com/InvMove-Fabric-1[.]21[.]11-v0[.]9[.]3[.]jar,online
"jar,minecraft,SilentNet,stealer",https[:]//cheetoclient[.]com/CheetoClient-26[.]2[.]jar,online
"jar,minecraft,SilentNet,stealer",https[:]//breezeclient[.]com/BreezeLoader-1[.]21[.]11[.]jar,online
"honeypot,ssh",http[:]//151[.]241[.]154[.]172[:]32014/s/amd64,offline
"jar,minecraft,SilentNet,stealer",https[:]//marlowclient[.]com/MarlowClient-26[.]2[.]jar,offline
"jar,minecraft,SilentNet,stealer",https[:]//198-macros[.]com/198-Macros-Cracked-v1[.]4[.]0[.]jar,online
"jar,minecraft,SilentNet,stealer",https[:]//donutclients[.]net/donut-duper-26[.]2[.]jar,offline
"jar,minecraft,stealer,WeedHack",https[:]//kryptonclientcrack[.]lovable[.]app/downloads/KryptonClient-Crack[.]jar,online
"jar,minecraft,SilentNet,stealer",https[:]//billowing-lab-d15f[.]pentagon-e8b[.]workers[.]dev/downloads/Xenon_Client_1[.]21_X[.]jar,offline
"jar,minecraft,SilentNet,stealer",https[:]//dulkir-mod[.]com/DulkirMod-Fabric-26[.]2[.]jar,offline
"jar,minecraft,SilentNet,stealer",https[:]//ahsniper[.]com/AH-Sniper-26[.]2[.]jar,offline
"jar,minecraft,SilentNet,stealer",https[:]//debugify[.]net/Debugify-1[.]21[.]11[.]jar,online
"jar,minecraft,SilentNet,stealer",https[:]//ghostclient[.]net/GhostClient-26[.]2[.]jar,offline
"jar,minecraft,SilentNet,stealer",https[:]//familyaddons[.]com/FamilyAddons-1[.]21[.]11[.]jar,offline
"c2-monitor-auto,dropped-by-amadey",https[:]//cold5[.]gofile[.]io/download/direct/32c5d36f-84ae-4b1f-8209-58b5baccb060/crypt_dropper_8a3513f654a94876[.]exe,offline
"Arvion,ARVION RAT,powershell,rat",http[:]//193[.]233[.]126[.]2[:]8081/a/YmxlemU[.]1790098882[.]475fddc06147e94da0857a4af3d771f5,offline
"jar,minecraft,SilentNet,stealer",https[:]//floppaclient[.]com/FloppaClient-1[.]21[.]11[.]jar,offline
"jar,minecraft,SilentNet,stealer",https[:]//luminexclient[.]com/luminex-client-1[.]21[.]4-beta[.]jar,online
"jar,minecraft,SilentNet,stealer",https[:]//funnymap[.]net/FunnyMap-26[.]2[.]jar,online
"honeypot,ssh",http[:]//151[.]241[.]154[.]172[:]32014/s/linux,offline
"Arvion,ARVION RAT,powershell,rat",http[:]//193[.]233[.]126[.]2[:]8081/worker?=bleze,offline
mirai,http[:]//163[.]245[.]192[.]197/ok,offline
"BillGates,honeypot,ssh",http[:]//151[.]241[.]154[.]172[:]32014/s/kswpad,offline
"BillGates,honeypot,ssh",http[:]//151[.]241[.]154[.]172[:]32014/s/kal64,offline
"jar,minecraft,SilentNet,stealer",https[:]//purple-fire-dc7e[.]pentagon-e8b[.]workers[.]dev/downloads/Astralux-1[.]21+[.]jar,offline
"c2-monitor-auto,dropped-by-amadey",http[:]//91[.]92[.]242[.]236/files-129312398/files/file_b7f2a3d3dff58949[.]exe,offline
"c2-monitor-auto,dropped-by-amadey",http[:]//91[.]92[.]242[.]236/files-129312398/files/file_9889dceb663c963e[.]exe,offline
"c2-monitor-auto,dropped-by-amadey",http[:]//91[.]92[.]242[.]236/files-129312398/files/file_969692206502d224[.]exe,offline
"c2-monitor-auto,dropped-by-amadey",http[:]//91[.]92[.]242[.]236/files-129312398/files/file_d52322573ab40371[.]exe,offline
"32-bit,elf,mips,Mozi",http[:]//182[.]121[.]84[.]47[:]56335/bin[.]sh,offline
"32-bit,elf,mips,Mozi",http[:]//221[.]15[.]95[.]175[:]40726/i,offline
"32-bit,elf,mips,Mozi",http[:]//175[.]150[.]92[.]98[:]60118/i,offline
"32-bit,elf,mips,Mozi",http[:]//221[.]15[.]95[.]175[:]40726/bin[.]sh,offline
"32-bit,elf,mips,Mozi",http[:]//123[.]4[.]186[.]144[:]56531/i,offline
Mozi,http[:]//123[.]4[.]186[.]144[:]56531/bin[.]sh,offline
"32-bit,elf,mips,Mozi",http[:]//220[.]201[.]155[.]202[:]51800/bin[.]sh,offline
mirai,http[:]//175[.]172[.]151[.]3[:]41755/bin[.]sh,offline
"32-bit,elf,mips,Mozi",http[:]//223[.]112[.]189[.]134[:]33646/bin[.]sh,offline
"54e64e,CoinMiner,dropped-by-amadey",http[:]//91[.]92[.]242[.]236/files-129312398/files/file_0ad97829e0695995[.]exe,offline
"32-bit,elf,mips,Mozi",http[:]//222[.]142[.]214[.]152[:]60003/bin[.]sh,offline
"32-bit,elf,mips,Mozi",http[:]//37[.]13[.]199[.]103[:]27056/i,offline
"32-bit,elf,mips,Mozi",http[:]//115[.]63[.]80[.]217[:]45926/i,offline
"32-bit,elf,mips,Mozi",http[:]//222[.]137[.]80[.]33[:]58904/i,offline
"32-bit,elf,mips,Mozi",http[:]//222[.]137[.]80[.]33[:]58904/bin[.]sh,offline
mirai,http[:]//38[.]46[.]31[.]127[:]35558/i,offline
,http[:]//219[.]156[.]3[.]173[:]58122/i,offline
Mozi,http[:]//61[.]53[.]153[.]121[:]48751/i,offline
mirai,http[:]//38[.]46[.]31[.]127[:]35558/bin[.]sh,offline
,http[:]//219[.]156[.]3[.]173[:]58122/bin[.]sh,offline
mirai,http[:]//36[.]70[.]141[.]227[:]44719/i,offline
mirai,http[:]//36[.]70[.]141[.]227[:]44719/bin[.]sh,offline
"32-bit,elf,mips,Mozi",http[:]//222[.]136[.]136[.]168[:]46469/i,offline
"32-bit,elf,mips,Mozi",http[:]//221[.]14[.]172[.]171[:]60014/i,offline
"32-bit,elf,mips,Mozi",http[:]//222[.]136[.]136[.]168[:]46469/bin[.]sh,offline
"32-bit,arm,elf,mirai,Mozi",http[:]//42[.]242[.]156[.]21[:]60767/bin[.]sh,offline
"32-bit,elf,mips,Mozi",http[:]//116[.]139[.]179[.]199[:]57442/bin[.]sh,offline
Mozi,http[:]//115[.]50[.]88[.]23[:]50240/i,offline
"32-bit,elf,mips,Mozi",http[:]//123[.]10[.]58[.]75[:]51373/i,offline
mirai,http[:]//36[.]69[.]76[.]226[:]50576/i,offline
Mozi,http[:]//115[.]50[.]88[.]23[:]50240/bin[.]sh,offline
"32-bit,elf,mips,Mozi",http[:]//123[.]10[.]58[.]75[:]51373/bin[.]sh,offline
Mozi,http[:]//222[.]141[.]46[.]30[:]49993/i,offline
"32-bit,elf,mips,Mozi",http[:]//42[.]226[.]72[.]151[:]46612/bin[.]sh,offline
mirai,http[:]//103[.]172[.]186[.]195[:]57313/i,offline
"32-bit,arm,elf,mirai",http[:]//176[.]65[.]139[.]206/AGbot[.]armv7l,offline
mirai,http[:]//103[.]172[.]186[.]195[:]57313/bin[.]sh,offline
"elf,mirai,ua-wget",http[:]//194[.]41[.]112[.]119/bins/spc,online
"32-bit,elf,mips,Mozi",http[:]//182[.]117[.]79[.]51[:]47450/i,offline
"32-bit,elf,mips,Mozi",http[:]//27[.]215[.]120[.]165[:]57495/bin[.]sh,offline
"32-bit,elf,mips,Mozi",http[:]//125[.]44[.]18[.]250[:]45963/i,offline
"32-bit,elf,mips,Mozi",http[:]//125[.]44[.]18[.]250[:]45963/bin[.]sh,offline
"9d2ca3,CoinMiner,dropped-by-amadey",http[:]//91[.]92[.]242[.]236/files-129312398/files/file_33a7525a0a683940[.]exe,offline
,http[:]//175[.]165[.]153[.]80[:]56600/bin[.]sh,offline
"32-bit,elf,mips,Mozi",http[:]//222[.]139[.]41[.]139[:]41068/bin[.]sh,offline
"32-bit,elf,mips,Mozi",http[:]//125[.]41[.]78[.]139[:]53006/i,offline
"32-bit,elf,mips,Mozi",http[:]//222[.]138[.]151[.]181[:]41950/i,offline
"32-bit,arm,elf,mirai,Mozi",http[:]//110[.]138[.]2[.]93[:]54212/i,offline
"32-bit,elf,mips,Mozi",http[:]//222[.]138[.]151[.]181[:]41950/bin[.]sh,offline
"32-bit,elf,mips,Mozi",http[:]//154[.]242[.]14[.]181[:]56043/i,offline
"32-bit,arm,elf,mirai,Mozi",http[:]//110[.]138[.]2[.]93[:]54212/bin[.]sh,offline
Mozi,http[:]//125[.]43[.]24[.]175[:]59308/i,offline
"32-bit,arm,elf,mirai,Mozi",http[:]//196[.]189[.]197[.]131[:]53737/i,offline
"32-bit,elf,mips,Mozi",http[:]//182[.]121[.]86[.]104[:]33908/bin[.]sh,offline
"32-bit,elf,mips,Mozi",http[:]//175[.]175[.]205[.]233[:]57134/i,offline
"32-bit,arm,elf,mirai,Mozi",http[:]//223[.]151[.]72[.]234[:]56151/i,offline
"32-bit,arm,elf,mirai,Mozi",http[:]//105[.]186[.]175[.]32[:]36415/i,offline
"32-bit,elf,mips,Mozi",http[:]//115[.]52[.]19[.]185[:]59423/i,offline
"32-bit,elf,mips,Mozi",http[:]//123[.]190[.]195[.]138[:]40339/bin[.]sh,offline
"32-bit,arm,elf,mirai,Mozi",http[:]//105[.]186[.]175[.]32[:]36415/bin[.]sh,offline
"32-bit,arm,elf,mirai,Mozi",http[:]//223[.]151[.]72[.]234[:]56151/bin[.]sh,offline
"32-bit,arm,elf,mirai,Mozi",http[:]//46[.]252[.]33[.]253[:]37189/i,offline
"32-bit,arm,elf,mirai,Mozi",http[:]//196[.]189[.]197[.]131[:]53737/bin[.]sh,offline
"64-bit,elf,x86-64",http[:]//91[.]92[.]42[.]84[:]8080/x86_64,offline
"32-bit,elf,mips,Mozi",http[:]//221[.]203[.]184[.]166[:]41458/bin[.]sh,offline
"32-bit,elf,mips,Mozi",http[:]//37[.]13[.]199[.]103[:]27056/bin[.]sh,offline
"32-bit,elf,mips,Mozi",http[:]//182[.]116[.]115[.]180[:]36732/i,offline
mirai,http[:]//113[.]59[.]1[.]51[:]52535/i,offline
"32-bit,elf,mips,Mozi",http[:]//115[.]49[.]1[.]206[:]43455/i,offline
"32-bit,arm,elf,mirai,Mozi",http[:]//157[.]66[.]146[.]183[:]39655/i,offline
"32-bit,elf,mips,Mozi",http[:]//182[.]116[.]115[.]180[:]36732/bin[.]sh,offline
"54e64e,dropped-by-amadey",http[:]//91[.]92[.]242[.]236/files-129312398/files/file_1d5943c4e86e92ae[.]exe,offline
"32-bit,elf,mips,Mozi",http[:]//125[.]44[.]57[.]12[:]38038/i,offline
mirai,http[:]//113[.]59[.]1[.]51[:]52535/bin[.]sh,offline
Mozi,http[:]//219[.]157[.]62[.]192[:]50300/i,offline
mirai,http[:]//196[.]189[.]98[.]77[:]33646/i,offline
mirai,http[:]//196[.]189[.]98[.]77[:]33646/bin[.]sh,offline
"32-bit,elf,mips,Mozi",http[:]//116[.]139[.]179[.]199[:]57442/i,offline
"64-bit,elf,x86-64",http[:]//85[.]11[.]167[.]41[:]8080/x86_64,offline
mirai,http[:]//110[.]136[.]53[.]112[:]41676/bin[.]sh,offline
"54e64e,dropped-by-amadey",http[:]//91[.]92[.]242[.]236/files-129312398/files/file_86ac804b2334c28f[.]msi,offline
"elf,iot,Mozi",http[:]//36[.]27[.]76[.]223[:]37201/Mozi[.]m,offline
"fakemas,zip",https[:]//workerstats[.]net/downloadables/nigf[.]zip,offline
"elf,iot",http[:]//86[.]38[.]182[.]156/i[.]sh,offline
"c2-monitor-auto,dropped-by-amadey,MiniRMM",http[:]//91[.]92[.]242[.]236/files-129312398/files/file_b4456f15b424d604[.]exe,offline
"fakemas,zip",https[:]//workerstats[.]net/downloadables/getthemf[.]zip,offline
"docker,malware-download,mirai",https[:]//85[.]137[.]54[.]178[:]8443/bins/1,online
"32-bit,elf,mips,Mozi",http[:]//182[.]116[.]12[.]102[:]44538/i,offline
Mozi,http[:]//182[.]116[.]12[.]102[:]44538/bin[.]sh,offline
"c2-monitor-auto,dropped-by-amadey",http[:]//91[.]92[.]242[.]236/files-129312398/files/file_78ade3c9abb0bfbb[.]exe,offline
"c2-monitor-auto,dropped-by-amadey",http[:]//91[.]92[.]242[.]236/files-129312398/files/file_02d328715076f2b1[.]exe,offline
"54e64e,CoinMiner,dropped-by-amadey",http[:]//91[.]92[.]242[.]236/files-129312398/files/file_f16d80909f64b6ff[.]exe,offline
"32-bit,elf,mirai,x86-32",http[:]//37[.]49[.]225[.]23/x86,offline
"32-bit,elf,mips,Mozi",http[:]//219[.]155[.]231[.]171[:]52295/bin[.]sh,offline
"32-bit,arm,elf,mirai,Mozi",http[:]//105[.]184[.]187[.]73[:]46413/i,offline
"32-bit,arm,elf,mirai,Mozi",http[:]//42[.]242[.]156[.]21[:]60767/i,offline
"32-bit,elf,mips,Mozi",http[:]//123[.]4[.]171[.]86[:]60395/i,offline
"32-bit,elf,mips,Mozi",http[:]//182[.]117[.]7[.]153[:]36879/i,offline
"32-bit,elf,mips,Mozi",http[:]//123[.]4[.]171[.]86[:]60395/bin[.]sh,offline
"32-bit,elf,mips,Mozi",http[:]//115[.]56[.]172[.]115[:]51655/i,offline
"32-bit,elf,mips,Mozi",http[:]//125[.]41[.]3[.]155[:]58395/i,offline
"32-bit,elf,mips,Mozi",http[:]//222[.]136[.]20[.]146[:]39354/bin[.]sh,offline
"32-bit,elf,mips,Mozi",http[:]//182[.]117[.]7[.]153[:]36879/bin[.]sh,offline
"elf,mirai,ua-wget",http[:]//176[.]65[.]139[.]217/bins/sora[.]x86,offline
"elf,mirai,ua-wget",http[:]//176[.]65[.]139[.]217/bins/sora[.]mips,offline
"elf,ua-wget",http[:]//94[.]154[.]43[.]217/bins/mpsl,offline
"elf,ua-wget",http[:]//94[.]154[.]43[.]217/bins/spc,offline
"elf,mirai,ua-wget",http[:]//176[.]65[.]139[.]217/bins/sora[.]sh4,offline
"elf,mirai,ua-wget",http[:]//176[.]65[.]139[.]217/bins/sora[.]arm7,offline
"elf,mirai,ua-wget",http[:]//176[.]65[.]139[.]217/bins/sora[.]mpsl,offline
"elf,mirai,ua-wget",http[:]//176[.]65[.]139[.]217/bins/sora[.]arm,offline
"elf,mirai,ua-wget",http[:]//176[.]65[.]139[.]217/bins/sora[.]spc,offline
"elf,ua-wget",http[:]//94[.]154[.]43[.]217/bins/i686,offline
"elf,mirai,ua-wget",http[:]//176[.]65[.]139[.]217/bins/sora[.]ppc,offline
"32-bit,arm,elf,mirai,Mozi",http[:]//114[.]226[.]84[.]162[:]52327/i,offline
"elf,mirai,ua-wget",http[:]//94[.]154[.]43[.]217/bins/m68k,offline
"elf,mirai,ua-wget",http[:]//94[.]154[.]43[.]217/bins/mips,offline
"elf,ua-wget",http[:]//94[.]154[.]43[.]217/bins/x86,offline
"elf,mirai,ua-wget",http[:]//94[.]154[.]43[.]217/bins/arm,offline
"32-bit,arm,elf,mirai,Mozi",http[:]//105[.]184[.]187[.]73[:]46413/bin[.]sh,offline
"elf,ua-wget",http[:]//46[.]151[.]182[.]200/bins/dlr[.]arm5,offline
"elf,mirai,ua-wget",http[:]//94[.]154[.]43[.]217/bins/sh4,offline
"elf,mirai,ua-wget",http[:]//94[.]154[.]43[.]217/bins/arm5,offline
"elf,ua-wget",http[:]//94[.]154[.]43[.]217/bins/x86_64,offline
"elf,ua-wget",http[:]//94[.]154[.]43[.]217/bins/ppc,offline
"elf,mirai,ua-wget",http[:]//176[.]65[.]139[.]217/bins/sora[.]arm6,offline
"elf,mirai,ua-wget",http[:]//176[.]65[.]139[.]217/bins/sora[.]m68k,offline
"elf,mirai,ua-wget",http[:]//176[.]65[.]139[.]217/bins/sora[.]arm5,offline
Mozi,http[:]//109[.]61[.]211[.]193[:]41029/i,offline
"32-bit,elf,mips,Mozi",http[:]//125[.]41[.]3[.]155[:]58395/bin[.]sh,offline
"cowrie,honeypot",http[:]//176[.]65[.]139[.]206/armv7l,offline
"rat,RemcosRAT,stego",http[:]//159[.]69[.]59[.]93/70/img_091646[.]png,offline
"MassLogger,stego",http[:]//5[.]175[.]169[.]207/img_134929[.]png,offline
"hta,opendir",http[:]//204[.]44[.]93[.]123/102/ceco[.]hta,offline
,https[:]//res[.]cloudinary[.]com/te9euryt/image/upload/v1789469538/img_125004[.]jpg,offline
Mozi,http[:]//109[.]61[.]211[.]193[:]41029/bin[.]sh,offline
"AgentTesla,stego",https[:]//pub-0216fa08b2b94e129cb9e002cf7cb1f4[.]r2[.]dev/img_023948[.]png,offline
"rat,RemcosRAT,stego",https[:]//ficus[.]in/img/img_214254[.]png,offline
"32-bit,elf,mips,Mozi",http[:]//42[.]226[.]212[.]217[:]38509/i,offline
"32-bit,arm,elf,mirai,Mozi",http[:]//36[.]69[.]70[.]247[:]55116/i,offline
"c2-monitor-auto,dropped-by-amadey",http[:]//91[.]92[.]242[.]236/files-129312398/files/file_2f719905826df92a[.]exe,offline
"ascii,fakemas,powershell,ps1,ua-ps",https[:]//get[.]cativated[.]win/,offline
"ascii,fakemas,powershell,ps1,ua-ps",https[:]//get[.]acttivated[.]win/,offline
"ascii,fakemas,powershell,ps1,ua-ps",https[:]//get[.]activatedd[.]win/,offline
"ascii,fakemas,powershell,ps1,ua-ps",https[:]//get[.]activtaed[.]win/,offline
"ascii,fakemas,powershell,ps1,ua-ps",https[:]//get[.]ctivated[.]win/,offline
"ascii,fakemas,powershell,ps1,ua-ps",https[:]//get[.]sctivated[.]win/,offline
"ascii,fakemas,powershell,ps1,ua-ps",https[:]//get[.]activates[.]win/,offline
"ascii,fakemas,powershell,ps1,ua-ps",https[:]//get[.]actiated[.]win/,offline
"ascii,fakemas,powershell,ps1,ua-ps",https[:]//get[.]acrivated[.]win/,offline
"ascii,fakemas,powershell,ps1,ua-ps",https[:]//get[.]acitvated[.]win/,offline
"32-bit,elf,mips,Mozi",http[:]//219[.]155[.]86[.]48[:]50344/i,offline
"32-bit,arm,elf,mirai,Mozi",http[:]//196[.]189[.]35[.]226[:]48335/i,offline
,http[:]//163[.]142[.]94[.]207[:]43902/i,offline
"32-bit,arm,elf,mirai,Mozi",http[:]//36[.]69[.]70[.]247[:]55116/bin[.]sh,offline
"32-bit,arm,elf,mirai,Mozi",http[:]//196[.]189[.]35[.]226[:]48335/bin[.]sh,offline
"32-bit,elf,mips,Mozi",http[:]//219[.]155[.]86[.]48[:]50344/bin[.]sh,offline
,http[:]//163[.]142[.]94[.]207[:]43902/bin[.]sh,offline
"32-bit,elf,mips,Mozi",http[:]//175[.]165[.]85[.]14[:]43147/i,offline
Mozi,http[:]//123[.]4[.]195[.]120[:]54758/i,offline
"32-bit,elf,mips,Mozi",http[:]//125[.]47[.]54[.]47[:]46909/i,offline
"64-bit,DDoSAgent,elf,x86-64",http[:]//13[.]140[.]176[.]180[:]8080/x86_64,offline
"32-bit,elf,mips,Mozi",http[:]//125[.]41[.]78[.]139[:]53006/bin[.]sh,offline
"Electron,spyware,stealer",https[:]//uno-play[.]online/download/uno-setup-1[.]0[.]0[.]exe,offline
"32-bit,arm,elf,mirai,Mozi",http[:]//115[.]51[.]95[.]94[:]46145/i,offline
"encrypted,GuLoader,rat,RemcosRAT",https[:]//drive[.]google[.]com/uc?export=download&id=1hftRGP_fORn9dGRhmKYth3Eg8BkK2H7B,offline
"ascii,Encoded,GuLoader,rat,RemcosRAT",https[:]//drive[.]google[.]com/uc?export=download&id=1aQEw42oLO2paAWiGDi6bsaSIcBkA4dLv,offline
"ascii,Formbook,opendir,powershell,ps1",https[:]//surun[.]info/nh1ykmf/qagxfjr/cc/Cryptemd[.]ps1,offline
"ascii,Formbook,opendir,powershell,ps1",https[:]//surun[.]info/nh1ykmf/qagxfjr/cc/crypted[.]ps1,offline
"32-bit,arm,elf,mirai,Mozi",http[:]//114[.]226[.]195[.]162[:]36609/i,offline
"32-bit,arm,elf,mirai,Mozi",http[:]//196[.]191[.]137[.]44[:]34151/i,offline
Mozi,http[:]//125[.]47[.]54[.]47[:]46909/bin[.]sh,offline
"32-bit,arm,elf,mirai,Mozi",http[:]//115[.]51[.]95[.]94[:]46145/bin[.]sh,offline
Mozi,http[:]//27[.]215[.]55[.]48[:]39346/i,offline
"32-bit,arm,elf,mirai,Mozi",http[:]//196[.]191[.]137[.]44[:]34151/bin[.]sh,offline
"32-bit,elf,mips,Mozi",http[:]//175[.]165[.]85[.]14[:]43147/bin[.]sh,offline
Mozi,http[:]//27[.]215[.]55[.]48[:]39346/bin[.]sh,offline
"SilverFox,ValleyRAT",https[:]//www[.]2bxvrc1[.]com/load915,offline
"32-bit,elf,mips,Mozi",http[:]//222[.]137[.]4[.]182[:]59398/i,offline
"elf,iot,Mozi",http[:]//61[.]52[.]158[.]123[:]45471/Mozi[.]m,offline
ClickFix,https[:]//copiose[.]org/test_proliv/b?o=79e5471cc1e2301b,offline
"32-bit,elf,mips,Mozi",http[:]//49[.]73[.]228[.]94[:]3588/i,offline
"32-bit,elf,mips,Mozi",http[:]//61[.]53[.]118[.]140[:]56872/i,offline
"32-bit,arm,elf,mirai,Mozi",http[:]//175[.]11[.]53[.]167[:]43976/i,online
"32-bit,elf,mips,Mozi",http[:]//61[.]53[.]118[.]140[:]56872/bin[.]sh,offline
"32-bit,arm,elf,mirai,Mozi",http[:]//112[.]198[.]238[.]18[:]34755/bin[.]sh,offline
"32-bit,arm,elf,mirai,Mozi",http[:]//175[.]11[.]53[.]167[:]43976/bin[.]sh,online
"32-bit,elf,mips,Mozi",http[:]//115[.]63[.]11[.]34[:]46256/i,online
,http[:]//123[.]14[.]37[.]140[:]7001/i,offline
"32-bit,elf,mips,Mozi",http[:]//115[.]63[.]11[.]34[:]46256/bin[.]sh,online
,https[:]//docmntageant[.]com/n-docusign/Windows/utility[.]php,offline
"32-bit,arm,elf,mirai,Mozi",http[:]//181[.]174[.]231[.]21[:]58747/i,offline
"32-bit,elf,mips,Mozi",http[:]//125[.]45[.]65[.]90[:]43831/i,offline
"32-bit,arm,elf,mirai,Mozi",http[:]//181[.]174[.]231[.]21[:]58747/bin[.]sh,offline
"32-bit,elf,mips,Mozi",http[:]//42[.]86[.]81[.]207[:]55750/bin[.]sh,offline
,http[:]//94[.]28[.]39[.]38[:]34375/bin[.]sh,online
mirai,http[:]//36[.]70[.]100[.]38[:]46996/bin[.]sh,offline
mirai,http[:]//36[.]70[.]100[.]38[:]46996/i,offline
,http[:]//27[.]37[.]102[.]255[:]50677/bin[.]sh,offline
,http[:]//60[.]23[.]235[.]89[:]56526/i,offline
,http[:]//89[.]189[.]188[.]39[:]35998/bin[.]sh,offline
,http[:]//42[.]55[.]5[.]239[:]44015/i,offline
Mozi,http[:]//42[.]238[.]161[.]249[:]46152/i,offline
,http[:]//89[.]189[.]188[.]39[:]35998/i,offline
Mozi,http[:]//60[.]243[.]252[.]219[:]50588/i,offline
Mozi,http[:]//42[.]238[.]161[.]249[:]46152/bin[.]sh,offline
mirai,http[:]//45[.]233[.]226[.]43[:]33036/i,offline
Mozi,http[:]//42[.]227[.]202[.]242[:]41768/i,offline
mirai,http[:]//79[.]106[.]231[.]174[:]34149/i,offline
Mozi,http[:]//42[.]236[.]213[.]184[:]45042/bin[.]sh,offline
Mozi,http[:]//42[.]224[.]30[.]47[:]41984/i,offline
Mozi,http[:]//42[.]235[.]90[.]147[:]40161/bin[.]sh,offline
Mozi,http[:]//39[.]187[.]82[.]248[:]50808/bin[.]sh,offline
Mozi,http[:]//42[.]231[.]110[.]122[:]58966/bin[.]sh,offline
Mozi,http[:]//42[.]236[.]213[.]184[:]45042/i,offline
Mozi,http[:]//45[.]163[.]68[.]86[:]10552/i,offline
Mozi,http[:]//222[.]141[.]113[.]84[:]50117/bin[.]sh,offline
,http[:]//223[.]112[.]189[.]134[:]33646/i,offline
Mozi,http[:]//59[.]96[.]139[.]238[:]53045/bin[.]sh,offline
Mozi,http[:]//27[.]194[.]240[.]129[:]53487/i,offline
Mozi,http[:]//27[.]194[.]240[.]129[:]53487/bin[.]sh,offline
,http[:]//221[.]200[.]166[.]125[:]40452/i,offline
,http[:]//60[.]23[.]232[.]29[:]39392/i,offline
,http[:]//91[.]219[.]167[.]155[:]11206/i,offline
mirai,http[:]//58[.]65[.]210[.]30[:]40469/i,offline
,http[:]//59[.]96[.]142[.]171[:]51699/bin[.]sh,offline
,http[:]//60[.]19[.]216[.]218[:]54355/i,offline
Mozi,http[:]//42[.]224[.]30[.]47[:]41984/bin[.]sh,offline
Mozi,http[:]//42[.]232[.]81[.]235[:]49679/bin[.]sh,offline
Mozi,http[:]//222[.]139[.]41[.]139[:]41068/i,offline
Mozi,http[:]//61[.]52[.]1[.]179[:]33311/bin[.]sh,offline
mirai,http[:]//221[.]15[.]187[.]9[:]43353/i,offline
Mozi,http[:]//61[.]52[.]1[.]179[:]33311/i,offline
Mozi,http[:]//42[.]232[.]81[.]235[:]49679/i,offline
Mozi,http[:]//42[.]227[.]202[.]242[:]41768/bin[.]sh,offline
,http[:]//60[.]23[.]237[.]52[:]54514/i,offline
,http[:]//42[.]86[.]81[.]207[:]55750/i,offline
Mozi,http[:]//61[.]52[.]34[.]120[:]40800/i,offline
Mozi,http[:]//61[.]52[.]198[.]150[:]41084/bin[.]sh,offline
Mozi,http[:]//112[.]242[.]157[.]83[:]54529/i,offline
Mozi,http[:]//222[.]138[.]148[.]176[:]42124/bin[.]sh,offline
Mozi,http[:]//61[.]52[.]198[.]150[:]41084/i,offline
Mozi,http[:]//115[.]55[.]57[.]245[:]54359/bin[.]sh,offline
Mozi,http[:]//222[.]138[.]148[.]176[:]42124/i,offline
,http[:]//42[.]7[.]137[.]136[:]51013/bin[.]sh,offline
,http[:]//42[.]56[.]161[.]20[:]38561/bin[.]sh,offline
Mozi,http[:]//61[.]52[.]34[.]120[:]40800/bin[.]sh,offline
Mozi,http[:]//42[.]235[.]90[.]147[:]40161/i,offline
Mozi,http[:]//182[.]121[.]142[.]232[:]58480/bin[.]sh,offline
Mozi,http[:]//43[.]245[.]39[.]47[:]45649/i,online
Mozi,http[:]//45[.]163[.]68[.]86[:]10552/bin[.]sh,offline
,http[:]//42[.]55[.]51[.]96[:]57019/bin[.]sh,offline
,http[:]//85[.]12[.]205[.]35[:]34281/bin[.]sh,offline
mirai,http[:]//79[.]106[.]231[.]174[:]34149/bin[.]sh,offline
,http[:]//85[.]12[.]205[.]35[:]34281/i,offline
,http[:]//45[.]148[.]148[.]89[:]40845/bin[.]sh,online
,http[:]//59[.]96[.]142[.]171[:]51699/i,offline
mirai,http[:]//120[.]28[.]192[.]123[:]51476/bin[.]sh,offline
Mozi,http[:]//112[.]242[.]157[.]83[:]54529/bin[.]sh,offline
Mozi,http[:]//119[.]152[.]34[.]90[:]42569/bin[.]sh,offline
,http[:]//120[.]84[.]212[.]223[:]53273/bin[.]sh,offline
,http[:]//219[.]157[.]60[.]223[:]50240/i,offline
Mozi,http[:]//157[.]211[.]251[.]105[:]54492/i,offline
"32-bit,arm,elf,mirai,Mozi",http[:]//222[.]127[.]154[.]221[:]59291/i,offline
,http[:]//120[.]84[.]215[.]236[:]45713/i,offline
Mozi,http[:]//115[.]51[.]96[.]198[:]44163/bin[.]sh,offline
Mozi,http[:]//115[.]51[.]96[.]198[:]44163/i,offline
,http[:]//175[.]165[.]81[.]26[:]32940/bin[.]sh,offline
mirai,http[:]//157[.]66[.]146[.]183[:]39655/bin[.]sh,offline
Mozi,http[:]//182[.]120[.]10[.]236[:]55142/bin[.]sh,offline
Mozi,http[:]//115[.]58[.]159[.]120[:]49957/i,offline
Mozi,http[:]//115[.]58[.]36[.]2[:]48646/i,offline
mirai,http[:]//124[.]161[.]116[.]2[:]41297/Mozi[.]a,offline
mirai,http[:]//210[.]208[.]111[.]2[:]56488/bin[.]sh,offline
,http[:]//175[.]147[.]122[.]133[:]59796/i,offline
mirai,http[:]//112[.]198[.]195[.]68[:]60592/bin[.]sh,offline
Mozi,http[:]//123[.]129[.]128[.]124[:]43363/i,offline
mirai,http[:]//210[.]208[.]104[.]156[:]38224/bin[.]sh,offline
Mozi,http[:]//123[.]9[.]241[.]148[:]52052/bin[.]sh,offline
mirai,http[:]//210[.]208[.]110[.]172[:]42090/bin[.]sh,offline
mirai,http[:]//210[.]208[.]111[.]36[:]40065/bin[.]sh,offline
mirai,http[:]//164[.]163[.]25[.]240[:]51735/i,offline
,http[:]//113[.]230[.]82[.]33[:]33281/i,online
,http[:]//175[.]165[.]82[.]24[:]41841/i,offline
,http[:]//175[.]147[.]122[.]133[:]59796/bin[.]sh,offline
mirai,http[:]//109[.]108[.]56[.]174[:]46725/bin[.]sh,offline
Mozi,http[:]//219[.]155[.]231[.]171[:]52295/i,offline
Mozi,http[:]//119[.]187[.]249[.]55[:]54750/i,offline
,http[:]//176[.]239[.]101[.]112[:]53850/i,offline
,http[:]//120[.]84[.]215[.]19[:]56316/bin[.]sh,offline
,http[:]//113[.]228[.]146[.]66[:]33110/bin[.]sh,offline
mirai,http[:]//168[.]195[.]81[.]51[:]56490/i,offline
Mozi,http[:]//186[.]149[.]204[.]12[:]33693/i,offline
Mozi,http[:]//112[.]248[.]110[.]120[:]57112/i,offline
mirai,http[:]//210[.]208[.]110[.]21[:]34693/bin[.]sh,offline
mirai,http[:]//124[.]161[.]116[.]2[:]41297/i,offline
mirai,http[:]//123[.]135[.]157[.]215[:]51550/i,offline
,http[:]//123[.]190[.]2[.]234[:]33907/i,offline
Mozi,http[:]//182[.]120[.]10[.]236[:]55142/i,offline
,http[:]//123[.]190[.]2[.]234[:]33907/bin[.]sh,offline
mirai,http[:]//116[.]118[.]158[.]55[:]32913/bin[.]sh,offline
mirai,http[:]//119[.]184[.]248[.]39[:]35067/i,offline
Mozi,http[:]//182[.]116[.]38[.]162[:]48418/i,offline
,http[:]//116[.]138[.]234[.]238[:]43269/i,offline
Mozi,http[:]//115[.]58[.]36[.]2[:]48646/bin[.]sh,offline
,http[:]//175[.]165[.]109[.]74[:]43930/bin[.]sh,offline
Mozi,http[:]//115[.]52[.]42[.]63[:]41059/bin[.]sh,offline
mirai,http[:]//210[.]208[.]111[.]74[:]37490/bin[.]sh,offline
mirai,http[:]//124[.]6[.]167[.]113[:]48183/i,offline
Mozi,http[:]//115[.]50[.]64[.]96[:]59649/bin[.]sh,offline
mirai,http[:]//182[.]120[.]38[.]21[:]37977/i,offline
mirai,http[:]//210[.]208[.]111[.]100[:]38769/bin[.]sh,offline
mirai,http[:]//210[.]208[.]110[.]51[:]55776/i,offline
Mozi,http[:]//123[.]129[.]128[.]124[:]43363/bin[.]sh,offline
Mozi,http[:]//115[.]50[.]64[.]96[:]59649/i,offline
Mozi,http[:]//182[.]121[.]86[.]104[:]33908/i,offline
,http[:]//123[.]173[.]75[.]150[:]53745/i,offline
,http[:]//124[.]94[.]213[.]26[:]59568/i,offline
,http[:]//219[.]157[.]60[.]223[:]50240/bin[.]sh,offline
Mozi,http[:]//219[.]157[.]19[.]229[:]48072/bin[.]sh,offline
,http[:]//196[.]189[.]101[.]82[:]33539/Mozi[.]m,offline
Mozi,http[:]//219[.]157[.]19[.]229[:]48072/i,offline
mirai,http[:]//109[.]126[.]197[.]13[:]38688/i,offline
mirai,http[:]//121[.]226[.]176[.]56[:]39292/i,offline
,http[:]//122[.]241[.]95[.]91[:]37099/bin[.]sh,offline
mirai,http[:]//123[.]135[.]157[.]215[:]51550/bin[.]sh,offline
,http[:]//175[.]165[.]84[.]157[:]33488/i,offline
mirai,http[:]//210[.]208[.]111[.]26[:]40381/i,offline
mirai,http[:]//110[.]86[.]160[.]129[:]47877/bin[.]sh,offline
mirai,http[:]//210[.]208[.]110[.]20[:]49599/i,offline
mirai,http[:]//210[.]208[.]110[.]51[:]55776/bin[.]sh,offline
mirai,http[:]//120[.]28[.]164[.]12[:]57075/bin[.]sh,offline
mirai,http[:]//124[.]6[.]167[.]121[:]34983/bin[.]sh,offline
,http[:]//116[.]138[.]234[.]238[:]43269/bin[.]sh,offline
,http[:]//113[.]237[.]37[.]213[:]60329/i,offline
mirai,http[:]//1[.]70[.]76[.]88[:]49433/i,offline
,http[:]//113[.]233[.]13[.]192[:]52841/i,offline
Mozi,http[:]//115[.]50[.]96[.]62[:]38803/i,offline
mirai,http[:]//109[.]126[.]197[.]13[:]38688/bin[.]sh,offline
Mozi,http[:]//125[.]47[.]108[.]74[:]56963/i,offline
,http[:]//120[.]84[.]215[.]236[:]45713/bin[.]sh,offline
Mozi,http[:]//125[.]47[.]108[.]74[:]56963/bin[.]sh,offline
mirai,http[:]//114[.]226[.]195[.]162[:]36609/bin[.]sh,offline
mirai,http[:]//110[.]136[.]53[.]112[:]41676/i,offline
mirai,http[:]//120[.]28[.]192[.]123[:]51476/i,offline
,http[:]//193[.]31[.]201[.]20[:]51001/bin[.]sh,offline
Mozi,http[:]//182[.]119[.]224[.]243[:]39306/bin[.]sh,offline
mirai,http[:]//210[.]208[.]111[.]234[:]47140/i,offline
mirai,http[:]//182[.]126[.]45[.]81[:]59405/bin[.]sh,offline
mirai,http[:]//117[.]90[.]54[.]196[:]36868/i,offline
mirai,http[:]//112[.]198[.]238[.]18[:]34755/i,offline
mirai,http[:]//117[.]90[.]54[.]196[:]36868/bin[.]sh,offline
mirai,http[:]//164[.]163[.]25[.]240[:]51735/bin[.]sh,offline
mirai,http[:]//210[.]208[.]110[.]21[:]34693/i,offline
Mozi,http[:]//115[.]56[.]153[.]153[:]58056/i,offline
mirai,http[:]//124[.]161[.]116[.]2[:]41297/bin[.]sh,offline
Mozi,http[:]//125[.]40[.]128[.]130[:]53047/bin[.]sh,offline
,http[:]//221[.]200[.]109[.]235[:]44385/i,offline
mirai,http[:]//103[.]172[.]186[.]166[:]48152/i,offline
mirai,http[:]//105[.]184[.]17[.]134[:]34305/i,offline
mirai,http[:]//101[.]108[.]77[.]202[:]34045/bin[.]sh,offline
,http[:]//103[.]68[.]95[.]197[:]37113/i,online
mirai,http[:]//101[.]108[.]15[.]52[:]44386/bin[.]sh,offline
,http[:]//108[.]59[.]215[.]252[:]34258/i,offline
,http[:]//115[.]63[.]242[.]224[:]36806/bin[.]sh,offline
,http[:]//115[.]63[.]242[.]224[:]36806/i,offline
,http[:]//110[.]136[.]98[.]236[:]48232/bin[.]sh,offline
,http[:]//213[.]177[.]179[.]52/mov,offline
"32-bit,arm,elf,mirai,Mozi",http[:]//222[.]127[.]154[.]221[:]59291/bin[.]sh,offline
"32-bit,elf,mips,Mozi",http[:]//125[.]45[.]65[.]90[:]43831/bin[.]sh,offline
Mozi,http[:]//115[.]55[.]57[.]245[:]54359/i,offline
"honeypot,ssh",http[:]//194[.]59[.]30[.]143[:]5661/b/amd64,offline
"honeypot,ssh",http[:]//194[.]59[.]30[.]143[:]5661/b/linux,offline
"BillGates,honeypot,ssh",http[:]//194[.]59[.]30[.]143[:]5661/b/kswpad,offline
"BillGates,honeypot,ssh",http[:]//194[.]59[.]30[.]143[:]5661/b/kal64,offline
Mozi,http[:]//115[.]48[.]33[.]204[:]60299/i,offline
"32-bit,arm,elf,mirai,Mozi",http[:]//110[.]136[.]52[.]230[:]42502/i,offline
"32-bit,arm,elf,mirai,Mozi",http[:]//110[.]136[.]52[.]230[:]42502/bin[.]sh,offline
"32-bit,arm,elf,mirai,Mozi",http[:]//177[.]36[.]24[.]216[:]41046/i,offline
"32-bit,arm,elf,mirai,Mozi",http[:]//196[.]189[.]98[.]110[:]39629/i,offline
ClickFix,https[:]//copiose[.]org/test_proliv/b?o=e6d201f73896b9ca,offline
"elf,mirai,ua-wget",http[:]//176[.]65[.]139[.]251/wife[.]ppc,offline
"elf,mirai,ua-wget",http[:]//176[.]65[.]139[.]251/wife[.]sh4,offline
"elf,mirai,ua-wget",http[:]//176[.]65[.]139[.]251/wife[.]spc,offline
"elf,mirai,ua-wget",http[:]//37[.]221[.]65[.]76/sh4,offline
"elf,mirai,ua-wget",http[:]//37[.]221[.]65[.]76/ppc,offline
"elf,mirai,ua-wget",http[:]//176[.]65[.]139[.]251/wife[.]arm5,offline
"elf,mirai,ua-wget",http[:]//37[.]221[.]65[.]76/arm5,offline
"elf,mirai,ua-wget",http[:]//37[.]221[.]65[.]76/arm6,offline
"elf,mirai,ua-wget",http[:]//37[.]221[.]65[.]76/arm,offline
"elf,mirai,ua-wget",http[:]//176[.]65[.]139[.]251/wife[.]x86,offline
"elf,mirai,ua-wget",http[:]//37[.]221[.]65[.]76/x86,offline
"elf,mirai,ua-wget",http[:]//176[.]65[.]139[.]251/wife[.]mips,offline
"elf,mirai,ua-wget",http[:]//176[.]65[.]139[.]251/wife[.]arm6,offline
"elf,mirai,ua-wget",http[:]//37[.]221[.]65[.]76/spc,offline
"elf,mirai,ua-wget",http[:]//176[.]65[.]139[.]251/wife[.]m68k,offline
"elf,mirai,ua-wget",http[:]//37[.]221[.]65[.]76/mpsl,offline
"elf,mirai,ua-wget",http[:]//37[.]221[.]65[.]76/mips,offline
"elf,mirai,ua-wget",http[:]//176[.]65[.]139[.]251/wife[.]mpsl,offline
"elf,mirai,ua-wget",http[:]//37[.]221[.]65[.]76/debug[.]dbg,offline
"elf,mirai,ua-wget",http[:]//37[.]221[.]65[.]76/m68k,offline
"elf,mirai,ua-wget",http[:]//37[.]221[.]65[.]76/x86_64,offline
"elf,mirai,ua-wget",http[:]//37[.]221[.]65[.]76/arm7,offline
"elf,mirai,ua-wget",http[:]//176[.]65[.]139[.]251/wife[.]arm7,offline
"elf,ua-wget",http[:]//37[.]221[.]65[.]76/i468,offline
"elf,ua-wget",http[:]//176[.]65[.]139[.]251/wife[.]arm,offline
"elf,ua-wget",http[:]//176[.]65[.]139[.]251/wife[.]x86_64,offline
"elf,ua-wget",http[:]//37[.]221[.]65[.]76/arc,offline
"elf,ua-wget",http[:]//37[.]221[.]65[.]76/i686,offline
"32-bit,arm,elf,mirai,Mozi",http[:]//180[.]190[.]108[.]2[:]32951/i,offline
"32-bit,arm,elf,mirai,Mozi",http[:]//177[.]36[.]24[.]216[:]41046/bin[.]sh,offline
Mozi,http[:]//61[.]53[.]117[.]208[:]48605/i,offline
"32-bit,arm,elf,mirai,Mozi",http[:]//196[.]189[.]98[.]110[:]39629/bin[.]sh,offline
"elf,mirai,ua-wget",http[:]//176[.]65[.]139[.]145/bins/pm68k,offline
"elf,mirai,ua-wget",http[:]//176[.]65[.]139[.]145/bins/parm5,offline
"elf,mirai,ua-wget",http[:]//176[.]65[.]139[.]253/bins/arm6,online
"elf,mirai,ua-wget",http[:]//176[.]65[.]139[.]153/bins/mips,online
"elf,mirai,ua-wget",http[:]//176[.]65[.]139[.]153/bins/arm5,online
"elf,mirai,ua-wget",http[:]//176[.]65[.]139[.]253/bins/arm,online
"elf,mirai,ua-wget",http[:]//176[.]65[.]139[.]145/bins/pmpsl,offline
"elf,mirai,ua-wget",http[:]//160[.]250[.]181[.]123/mpsl,offline
"32-bit,elf,mips,Mozi",http[:]//175[.]165[.]76[.]85[:]48150/i,offline
"32-bit,elf,mips,Mozi",http[:]//222[.]141[.]113[.]84[:]50117/i,offline
"32-bit,elf,mips,Mozi",http[:]//78[.]188[.]196[.]206[:]48938/i,offline
"32-bit,elf,mips,Mozi",http[:]//78[.]188[.]196[.]206[:]48938/bin[.]sh,offline
"32-bit,arm,elf,mirai,Mozi",http[:]//170[.]233[.]57[.]178[:]33215/i,offline
"DCAgentRMM,ManageEngine",https[:]//dnswwt[.]club/down/file[.]zip,offline
ManageEngine,https[:]//dnswwt[.]club/down/setup[.]aac,offline
"ACRStealer,ascii,powershell,ps1",https[:]//raw[.]githubusercontent[.]com/19875567137/FCCC8F-62-3C-61D48-4E/refs/heads/main/80-7314,offline
"ACRStealer,ascii,powershell,ps1,Spambot.Kelihos",https[:]//raw[.]githubusercontent[.]com/19875567137/FCCC8F-62-3C-61D48-4E/refs/heads/main/C0-6E-FB-C5ECE972-77-7BF2,offline
"ACRStealer,ascii,powershell,ps1",https[:]//cdn[.]jsdelivr[.]net/gh/19875567137/FCCC8F-62-3C-61D48-4E/80-7314,offline
"32-bit,arm,elf,mirai,Mozi",http[:]//182[.]126[.]45[.]81[:]59405/i,offline
"32-bit,elf,mips,Mozi",http[:]//123[.]14[.]37[.]140[:]40406/bin[.]sh,offline
"32-bit,elf,mips,Mozi",http[:]//42[.]225[.]230[.]45[:]55643/i,offline
"cowrie,honeypot,loader-payload",http[:]//86[.]122[.]231[.]80/mipsel,offline
"cowrie,honeypot,loader-payload",http[:]//86[.]122[.]231[.]80/sh4,offline
"cowrie,honeypot,loader-payload",http[:]//5[.]182[.]210[.]61/858300,offline
"cowrie,honeypot,loader-payload",http[:]//5[.]182[.]210[.]61/81c060,offline
"cowrie,honeypot,loader-payload",http[:]//86[.]122[.]231[.]80/dc,offline
"cowrie,honeypot,loader-payload",http[:]//5[.]182[.]210[.]61/2891b0,offline
"cowrie,honeypot,loader-payload",http[:]//86[.]122[.]231[.]80/586,offline
"cowrie,honeypot,loader-payload",http[:]//86[.]122[.]231[.]80/m68k,offline
"cowrie,honeypot,loader-payload",http[:]//86[.]122[.]231[.]80/ppc,offline
"cowrie,honeypot,loader-payload",http[:]//5[.]182[.]210[.]61/affd05,offline
"cowrie,honeypot,loader-payload",http[:]//86[.]122[.]231[.]80/mips,offline
"cowrie,honeypot,loader-payload",http[:]//86[.]122[.]231[.]80/dss,offline
"cowrie,honeypot,loader-payload",http[:]//86[.]122[.]231[.]80/x86,offline
"cowrie,honeypot,loader-payload",http[:]//86[.]122[.]231[.]80/co,offline
"cowrie,honeypot,loader-payload",http[:]//86[.]122[.]231[.]80/i686,offline
"cowrie,honeypot,loader-payload",http[:]//86[.]122[.]231[.]80/arm61,offline
"cowrie,honeypot,loader-payload",http[:]//5[.]182[.]210[.]61/ee97a8,offline
"cowrie,honeypot,loader-payload",http[:]//5[.]182[.]210[.]61/e4dc12,offline
"cowrie,honeypot,loader-payload",http[:]//5[.]182[.]210[.]61/494e96,offline
"cowrie,honeypot,loader-payload",http[:]//5[.]182[.]210[.]61/12a25f,offline
"cowrie,honeypot,loader-payload",http[:]//5[.]182[.]210[.]174/811887,offline
"cowrie,honeypot,loader-payload",http[:]//5[.]182[.]210[.]174/16369d,offline
"cowrie,honeypot,loader-payload",http[:]//5[.]182[.]210[.]174/58605f,offline
"cowrie,honeypot,loader-payload,mirai",http[:]//213[.]232[.]114[.]14/getty,online
"cowrie,honeypot,loader-payload,mirai",http[:]//213[.]232[.]114[.]14/ntp,online
"cowrie,honeypot,loader-payload",http[:]//5[.]182[.]210[.]174/2b97f0,offline
"cowrie,honeypot,loader-payload,mirai",http[:]//213[.]232[.]114[.]14/gnome,online
"cowrie,honeypot,loader-payload",http[:]//5[.]182[.]210[.]174/81afeb,offline
"cowrie,honeypot,loader-payload",http[:]//5[.]182[.]210[.]174/ead9db,offline
"cowrie,honeypot,loader-payload",http[:]//5[.]182[.]210[.]174/120a80,offline
"cowrie,honeypot,loader-payload",http[:]//5[.]182[.]210[.]174/57ef2f,offline
"cowrie,honeypot,loader-payload",http[:]//5[.]182[.]210[.]174/c0c1a2,offline
"cowrie,honeypot,loader-payload",http[:]//5[.]182[.]210[.]174/a53b21,offline
"cowrie,honeypot,loader-payload",http[:]//5[.]182[.]210[.]174/05711f,offline
"cowrie,honeypot,loader-payload",http[:]//5[.]182[.]210[.]174/860d77,offline
"cowrie,honeypot,loader-payload",http[:]//5[.]182[.]210[.]174/aee932,offline
"cowrie,honeypot,loader-payload",http[:]//5[.]182[.]210[.]174/1e4342,offline
"cowrie,gafgyt,honeypot,loader-payload",http[:]//213[.]232[.]114[.]14/systemd,online
"cowrie,gafgyt,honeypot,loader-payload",http[:]//213[.]232[.]114[.]14/kernal,online
"cowrie,honeypot,loader-payload,mirai",http[:]//213[.]232[.]114[.]14/ntpd,online
"cowrie,gafgyt,honeypot,loader-payload",http[:]//213[.]232[.]114[.]14/watchdogd,online
"cowrie,honeypot,loader-payload,mirai",http[:]//213[.]232[.]114[.]14/bash,online
"cowrie,gafgyt,honeypot,loader-payload",http[:]//213[.]232[.]114[.]14/ext4,online
"cowrie,honeypot,loader-payload",http[:]//5[.]182[.]210[.]174/9e857a,offline
"cowrie,honeypot,loader-payload",http[:]//5[.]182[.]210[.]174/7f3c3f,offline
"cowrie,honeypot,loader-payload",http[:]//5[.]182[.]210[.]174/b1cb0d,offline
"cowrie,honeypot,loader-payload",http[:]//5[.]182[.]210[.]174/73b952,offline
"cowrie,honeypot,loader-payload",http[:]//5[.]182[.]210[.]174/aeb4f7,offline
"cowrie,honeypot,loader-payload",http[:]//5[.]182[.]210[.]174/57f7f7,offline
"cowrie,honeypot,loader-payload",http[:]//5[.]182[.]210[.]174/d65fa8,offline
"cowrie,honeypot,loader-payload",http[:]//5[.]182[.]210[.]174/8a70b2,offline
"cowrie,honeypot,loader-payload",http[:]//5[.]182[.]210[.]174/492427,offline
"cowrie,honeypot,loader-payload",http[:]//5[.]182[.]210[.]174/c506c7,offline
"cowrie,honeypot,loader-payload",http[:]//5[.]182[.]210[.]174/2b9c01,offline
"cowrie,honeypot,loader-payload",http[:]//5[.]182[.]210[.]174/e24237,offline
"cowrie,honeypot,loader-payload",http[:]//5[.]182[.]210[.]174/75b32d,offline
"cowrie,honeypot,loader-payload",http[:]//5[.]182[.]210[.]174/c5c68e,offline
"cowrie,honeypot,loader-payload",http[:]//5[.]182[.]210[.]174/f92476,offline
"cowrie,honeypot,loader-payload",http[:]//5[.]182[.]210[.]174/920b5b,offline
"cowrie,honeypot,loader-payload",http[:]//5[.]182[.]210[.]174/57ab90,offline
"cowrie,honeypot,loader-payload",http[:]//5[.]182[.]210[.]174/c1c0c6,offline
"cowrie,honeypot,loader-payload",http[:]//5[.]182[.]210[.]174/50055f,offline
"cowrie,honeypot,loader-payload",http[:]//5[.]182[.]210[.]174/ef06f7,offline
"cowrie,honeypot,loader-payload",http[:]//5[.]182[.]210[.]174/4f3e2f,offline
"cowrie,honeypot,loader-payload",http[:]//5[.]182[.]210[.]174/fc7ec3,offline
"honeypot,ssh",http[:]//194[.]59[.]31[.]231[:]65416/s/amd64,offline
,http[:]//103[.]196[.]161[.]144[:]35391/Mozi[.]a,offline
"honeypot,ssh",http[:]//194[.]59[.]31[.]231[:]65416/s/kal64,offline
"honeypot,ssh",http[:]//194[.]59[.]31[.]231[:]65416/s/kswpad,offline
"elf,iot,Mozi",http[:]//42[.]178[.]61[.]190[:]46830/Mozi[.]m,offline
"jar,minecraft,SilentNet,stealer",https[:]//raw[.]githubusercontent[.]com/https00780-cloud/argonnn/refs/heads/main/Zenith%20Client%201[.]21[.]11[.]jar,offline
"jar,minecraft,SilentNet,stealer",https[:]//raw[.]githubusercontent[.]com/https00780-cloud/argonnn/refs/heads/main/Sped%20debug%201[.]21[.]11[.]jar,offline
"jar,minecraft,SilentNet,stealer",https[:]//raw[.]githubusercontent[.]com/https00780-cloud/argonnn/refs/heads/main/Argon%201[.]21[.]11[.]jar,offline
"fakemas,OverlordRAT,ua-ps",https[:]//get[.]actiavted[.]win/,offline
"jar,minecraft,SilentNet,stealer",https[:]//raw[.]githubusercontent[.]com/https00780-cloud/argonnn/refs/heads/main/1trouser-streak-1[.]6[.]1-26[.]1[.]2[.]jar,offline
OverlordRAT,http[:]//contididit[.]conti[.]pk/contis[.]exe,offline
"fakemas,OverlordRAT,ua-ps",https[:]//get[.]atcivated[.]win/,offline
"jar,minecraft,SilentNet,stealer",https[:]//raw[.]githubusercontent[.]com/https00780-cloud/argonnn/refs/heads/main/2trouser-streak-1[.]6[.]1-1[.]21[.]11[.]jar,offline
"jar,minecraft,SilentNet,stealer",https[:]//raw[.]githubusercontent[.]com/https00780-cloud/argonnn/refs/heads/main/Argon%20Addon%201[.]21[.]11[.]jar,offline
"elf,mirai",http[:]//67[.]205[.]179[.]30[:]1234/mirai[.]x86[.]release,offline
"jar,minecraft,SilentNet,stealer",https[:]//raw[.]githubusercontent[.]com/https00780-cloud/argonnn/refs/heads/main/MeteorClient%20Plus%201[.]21[.]11[.]jar,offline
"jar,minecraft,SilentNet,stealer",https[:]//raw[.]githubusercontent[.]com/https00780-cloud/argonnn/refs/heads/main/WizzyAddonFree[.]jar,offline
"fakemas,OverlordRAT,ua-ps",https[:]//get[.]activatde[.]win/,offline
"jar,minecraft,SilentNet,stealer",https[:]//raw[.]githubusercontent[.]com/https00780-cloud/argonnn/refs/heads/main/Wizzy%20Addon%201[.]21[.]11[.]jar,offline
"jar,minecraft,SilentNet,stealer",https[:]//raw[.]githubusercontent[.]com/https00780-cloud/argonnn/refs/heads/main/Sped%20Debug%20V4[.]3[.]1[.]jar,offline
"adb,android,Kaiji,malware-download,mirai,shell-script",http[:]//176[.]65[.]139[.]251/wget[.]sh,online
"fakemas,OverlordRAT,ua-ps",https[:]//get[.]activeted[.]win/,offline
"ActiveMQ,mirai",http[:]//176[.]65[.]139[.]153/bins/ipmiv2[.]xml,online
ClickFix,https[:]//copiose[.]org/test_proliv/b?o=93f54a6f01bd953d,offline
"adb,android,Kaiji,malware-download,mirai,shell-script",http[:]//176[.]65[.]139[.]251/w[.]sh,online
"jar,minecraft,SilentNet,stealer",https[:]//zenithclient[.]com/download,offline
"jar,minecraft,SilentNet,stealer",https[:]//wizzyaddon[.]com/download,offline
"jar,minecraft,SilentNet,stealer",https[:]//meteorclientplus[.]com/download,offline
"adb,android,Kaiji,malware-download,mirai,shell-script",http[:]//176[.]65[.]139[.]251/c[.]sh,online
"jar,minecraft,SilentNet,stealer",https[:]//speddebug[.]com/download,offline
"adb,android,malware-download,shell-script",http[:]//202[.]182[.]127[.]3/s02/sh,offline
ClickFix,https[:]//copiose[.]org/test_proliv/b?o=968659a7d91ccb3f,offline
ClickFix,https[:]//copiose[.]org/test_proliv/b?o=b54fcae210c7ac75,offline
"Amos,ClearFake,ClickFix,EtherHiding,FakeCaptcha,macOS",https[:]//x9v2mq4t[.]bossbey[.]store/?ublib=6b1e0c2a-2f4d-4c9e-8a7b-3d5f1e9c0b21,offline
"Amos,ClearFake,ClickFix,EtherHiding,FakeCaptcha,macOS",https[:]//q7k2m9xb[.]us-theeloncode[.]com/?ublib=3f2a9c1e-7b4d-4e61-9a0b-5c8d2e1f4a77,offline
"Amos,ClearFake,ClickFix,EtherHiding,FakeCaptcha,macOS",https[:]//iyn4ce9o[.]casero[.]store/?ublib=d8ff2563-8e9d-4f78-9f7c-7efb9e3bce22,offline
"Amos,ClearFake,ClickFix,EtherHiding,FakeCaptcha,macOS",https[:]//k3p8wz1n[.]bvcbx[.]store/?ublib=9e4a7c31-5b2d-4f8e-a6c0-1d7b3e5f9a42,offline
"elf,mirai",http[:]//67[.]205[.]179[.]30[:]1234/mirai[.]spc,offline
"elf,mirai",http[:]//67[.]205[.]179[.]30[:]1234/mirai[.]mpsl,offline
"elf,mirai",http[:]//67[.]205[.]179[.]30[:]1234/mirai[.]mips,offline
"elf,mirai",http[:]//67[.]205[.]179[.]30[:]1234/mirai[.]x86,offline
"elf,mirai",http[:]//67[.]205[.]179[.]30[:]1234/mirai[.]arm5n,offline
"elf,mirai",http[:]//67[.]205[.]179[.]30[:]1234/mirai[.]x86[.]dbg,offline
"fakemas,ua-ps",https[:]//get[.]ativated[.]win/,offline
"fakemas,ua-ps",https[:]//get[.]activted[.]win/,offline
"elf,mirai",http[:]//67[.]205[.]179[.]30[:]1234/mirai[.]sh4,offline
"fakemas,ua-ps",https[:]//get[.]activaed[.]win/,offline
"elf,mirai",http[:]//67[.]205[.]179[.]30[:]1234/mirai[.]ppc,offline
"elf,mirai",http[:]//67[.]205[.]179[.]30[:]1234/mirai[.]arm,offline
"elf,mirai",http[:]//67[.]205[.]179[.]30[:]1234/mirai[.]arm7,offline
"elf,mirai",http[:]//67[.]205[.]179[.]30[:]1234/mirai[.]m68k,offline
"fakemas,ua-ps",https[:]//massgravel[.]dev/get,offline
"fakemas,ua-ps",https[:]//get[.]acivated[.]win/,offline
"fakemas,ua-ps",https[:]//get[.]actvated[.]win/,offline
"malware,pw-123,stealer",https[:]//debloatex[.]com/uploads/download[.]zip,offline
"fakemas,ua-ps",https[:]//get[.]actrivated[.]win/,offline
"malware,pw-2026,stealer",https[:]//onlocity[.]com/download[.]php?dl_t=080bc92f9caefffdf58692fc5a384fc4&dl_e=1789414304&dl_s=efd2c864fc0dd78498ca7bc4eb21b66a1247e99cdcc92ad83b90223a0c01e813,offline
mirai,http[:]//37[.]221[.]65[.]76/1[.]sh,offline
mirai,http[:]//58[.]47[.]106[.]225[:]37250/i,offline
"32-bit,arm,elf,mirai,Mozi",http[:]//193[.]187[.]101[.]227[:]51082/bin[.]sh,offline
"32-bit,elf,mips,Mozi",http[:]//42[.]6[.]201[.]11[:]47203/i,offline
"32-bit,elf,mips,Mozi",http[:]//112[.]246[.]112[.]31[:]48120/i,offline
"32-bit,arm,elf,mirai,Mozi",http[:]//210[.]208[.]111[.]26[:]40381/bin[.]sh,offline
"32-bit,elf,mips,Mozi",http[:]//42[.]6[.]201[.]11[:]47203/bin[.]sh,offline
"32-bit,elf,mips,Mozi",http[:]//221[.]203[.]182[.]29[:]48957/i,offline
"32-bit,elf,mips,Mozi",http[:]//112[.]246[.]112[.]31[:]48120/bin[.]sh,offline
"32-bit,arm,elf,mirai,Mozi",http[:]//101[.]108[.]96[.]80[:]50943/i,offline
"32-bit,elf,mips,Mozi",http[:]//219[.]157[.]54[.]36[:]55298/i,offline
"32-bit,arm,elf,mirai,Mozi",http[:]//80[.]67[.]33[.]209[:]36384/i,offline
"32-bit,arm,elf,mirai,Mozi",http[:]//101[.]108[.]96[.]80[:]50943/bin[.]sh,offline
"32-bit,elf,mips,Mozi",http[:]//222[.]136[.]20[.]146[:]39354/i,offline
mirai,http[:]//196[.]189[.]40[.]159[:]41077/i,offline
"32-bit,arm,elf,mirai,Mozi",http[:]//196[.]189[.]40[.]159[:]41077/bin[.]sh,offline
"32-bit,arm,elf,mirai,Mozi",http[:]//105[.]186[.]160[.]251[:]56427/i,offline
"32-bit,elf,mips,Mozi",http[:]//59[.]180[.]159[.]83[:]32880/i,offline
"32-bit,elf,mips,Mozi",http[:]//27[.]215[.]120[.]165[:]57495/i,offline
"32-bit,arm,elf,mirai,Mozi",http[:]//119[.]191[.]237[.]76[:]55229/i,online
"32-bit,arm,elf,mirai,Mozi",http[:]//216[.]126[.]86[.]68[:]40753/i,offline
"32-bit,elf,mips,Mozi",http[:]//113[.]239[.]253[.]191[:]50506/bin[.]sh,offline
"32-bit,arm,elf,mirai,Mozi",http[:]//216[.]126[.]86[.]68[:]40753/bin[.]sh,offline
"32-bit,arm,elf,mirai,Mozi",http[:]//119[.]191[.]237[.]76[:]55229/bin[.]sh,online
"32-bit,elf,mips,Mozi",http[:]//27[.]44[.]144[.]176[:]34472/i,online
"64-bit,elf,x86-64",http[:]//94[.]154[.]43[.]176/lol/tadashi[.]x64,offline
"32-bit,elf,mips,Mozi",http[:]//59[.]96[.]137[.]7[:]44269/i,offline
"32-bit,elf,mips,Mozi",http[:]//27[.]44[.]144[.]176[:]34472/bin[.]sh,offline
"32-bit,arm,elf,mirai,Mozi",http[:]//210[.]208[.]110[.]172[:]42090/i,offline
"32-bit,arm,elf,mirai,Mozi",http[:]//36[.]88[.]136[.]194[:]59121/bin[.]sh,offline
,http[:]//93[.]157[.]253[.]209[:]56072/i,offline
"32-bit,elf,mips,Mozi",http[:]//42[.]52[.]88[.]206[:]37833/i,offline
"elf,mirai,ua-wget",http[:]//160[.]250[.]181[.]123/i586,offline
"elf,ua-wget",http[:]//176[.]65[.]139[.]253/bins/ppc,online
"elf,mirai,ua-wget",http[:]//176[.]65[.]139[.]253/bins/arm7,online
"elf,mirai,ua-wget",http[:]//176[.]65[.]139[.]145/bins/px86,offline
"elf,mirai,ua-wget",http[:]//176[.]65[.]139[.]153/bins/sh4,online
"elf,mirai,ua-wget",http[:]//176[.]65[.]139[.]153/bins/i686,online
"elf,mirai,ua-wget",http[:]//176[.]65[.]139[.]153/bins/m68k,online
"elf,mirai,ua-wget",http[:]//176[.]65[.]139[.]253/bins/arm5,online
"elf,ua-wget",http[:]//176[.]65[.]139[.]253/bins/i686,online
"elf,mirai,ua-wget",http[:]//176[.]65[.]139[.]253/bins/mips,online
"elf,mirai,ua-wget",http[:]//217[.]60[.]195[.]187/x86_64,online
"elf,mirai,ua-wget",http[:]//176[.]65[.]139[.]153/bins/arm6,online
"elf,mirai,ua-wget",http[:]//176[.]65[.]139[.]153/bins/mpsl,online
"elf,mirai,ua-wget",http[:]//176[.]65[.]139[.]153/bins/arm7,online
"elf,mirai,ua-wget",http[:]//176[.]65[.]139[.]145/bins/parm,offline
"elf,ua-wget",http[:]//176[.]65[.]139[.]253/bins/spc,online
"elf,ua-wget",http[:]//176[.]65[.]139[.]253/bins/x86,online
"elf,mirai,ua-wget",http[:]//176[.]65[.]139[.]145/bins/psh4,offline
"elf,mirai,ua-wget",http[:]//176[.]65[.]139[.]234/main_x86,online
"elf,mirai,ua-wget",http[:]//176[.]65[.]139[.]234/main_mips,online
"elf,mirai,ua-wget",http[:]//176[.]65[.]139[.]153/bins/ppc,online
"elf,mirai,ua-wget",http[:]//176[.]65[.]139[.]253/bins/m68k,online
"elf,ua-wget",http[:]//176[.]65[.]139[.]253/bins/mpsl,online
"elf,mirai,ua-wget",http[:]//176[.]65[.]139[.]153/bins/x86,online
"elf,gafgyt,ua-wget",http[:]//176[.]65[.]139[.]253/bins/x86_64,online
"elf,mirai,ua-wget",http[:]//176[.]65[.]139[.]145/bins/parm7,offline
"elf,mirai,ua-wget",http[:]//176[.]65[.]139[.]234/main_mpsl,online
"elf,mirai,ua-wget",http[:]//217[.]60[.]195[.]187/mipsel,online
"elf,mirai,ua-wget",http[:]//176[.]65[.]139[.]234/main_arm6,online
"elf,mirai,ua-wget",http[:]//176[.]65[.]139[.]234/main_arm7,online
"elf,mirai,ua-wget",http[:]//176[.]65[.]139[.]234/main_x86_64,online
"elf,mirai,ua-wget",http[:]//217[.]60[.]195[.]187/sh4,offline
"elf,mirai,ua-wget",http[:]//176[.]65[.]139[.]234/main_m68k,online
"elf,mirai,ua-wget",http[:]//217[.]60[.]195[.]187/m68k,online
"elf,mirai,ua-wget",http[:]//217[.]60[.]195[.]187/aarch64,online
"elf,mirai,ua-wget",http[:]//217[.]60[.]195[.]187/mips,online
"elf,mirai,ua-wget",http[:]//176[.]65[.]139[.]234/main_sh4,online
"elf,mirai,ua-wget",http[:]//176[.]65[.]139[.]145/bins/pmips,offline
"elf,mirai,ua-wget",http[:]//176[.]65[.]139[.]145/bins/parm6,offline
"elf,mirai,ua-wget",http[:]//176[.]65[.]139[.]253/bins/sh4,online
"elf,mirai,ua-wget",http[:]//217[.]60[.]195[.]187/ppc,offline
"elf,mirai,ua-wget",http[:]//217[.]60[.]195[.]187/i686,online
"elf,mirai,ua-wget",http[:]//176[.]65[.]139[.]234/main_arm,online
"32-bit,elf,mips,Mozi",http[:]//59[.]96[.]137[.]7[:]44269/bin[.]sh,offline
"32-bit,arm,elf,mirai,Mozi",http[:]//101[.]205[.]70[.]39[:]38121/i,offline
"32-bit,arm,elf,mirai,Mozi",http[:]//101[.]205[.]70[.]39[:]38121/bin[.]sh,offline
,http[:]//93[.]157[.]253[.]209[:]56072/bin[.]sh,offline
"32-bit,elf,mips,Mozi",http[:]//42[.]52[.]88[.]206[:]37833/bin[.]sh,offline
"32-bit,arm,elf,mirai,Mozi",http[:]//115[.]192[.]88[.]111[:]57404/i,offline
"32-bit,arm,elf,mirai,Mozi",http[:]//120[.]28[.]200[.]110[:]52489/i,offline
"32-bit,arm,elf,mirai,Mozi",http[:]//115[.]192[.]88[.]111[:]57404/bin[.]sh,offline
"32-bit,elf,mips,Mozi",http[:]//115[.]57[.]195[.]58[:]47342/i,offline
"32-bit,elf,mips,Mozi",http[:]//123[.]5[.]155[.]69[:]38491/i,offline
"32-bit,elf,mips,Mozi",http[:]//42[.]7[.]137[.]136[:]51013/i,offline
"32-bit,arm,elf,mirai,Mozi",http[:]//120[.]28[.]200[.]110[:]52489/bin[.]sh,offline
Mozi,http[:]//115[.]59[.]10[.]50[:]42559/i,offline
"32-bit,elf,mips,Mozi",http[:]//42[.]53[.]84[.]170[:]33301/i,offline
"32-bit,elf,mips,Mozi",http[:]//115[.]57[.]195[.]58[:]47342/bin[.]sh,offline
"32-bit,elf,mips,Mozi",http[:]//59[.]96[.]142[.]159[:]35041/bin[.]sh,offline
Mozi,http[:]//182[.]119[.]224[.]243[:]39306/i,offline
"32-bit,elf,mips,Mozi",http[:]//115[.]59[.]10[.]50[:]42559/bin[.]sh,offline
"32-bit,elf,mips,Mozi",http[:]//125[.]43[.]226[.]64[:]40375/i,offline
"32-bit,elf,mips,Mozi",http[:]//182[.]117[.]113[.]198[:]38038/i,offline
"32-bit,elf,mips,Mozi",http[:]//113[.]231[.]20[.]5[:]58013/i,offline
"32-bit,elf,mips,Mozi",http[:]//113[.]231[.]20[.]5[:]58013/bin[.]sh,offline
"32-bit,elf,mips,Mozi",http[:]//113[.]237[.]51[.]63[:]53908/i,offline
"32-bit,elf,mips,Mozi",http[:]//113[.]237[.]51[.]63[:]53908/bin[.]sh,offline
"32-bit,elf,mips,Mozi",http[:]//115[.]53[.]244[.]182[:]36990/i,offline
Mozi,http[:]//221[.]14[.]41[.]222[:]53006/bin[.]sh,offline
"32-bit,arm,elf,mirai,Mozi",http[:]//118[.]232[.]137[.]101[:]37450/i,offline
"32-bit,arm,elf,mirai,Mozi",http[:]//210[.]208[.]104[.]156[:]38224/i,offline
"32-bit,arm,elf,mirai,Mozi",http[:]//105[.]186[.]184[.]139[:]58463/bin[.]sh,offline
stego,https[:]//res[.]cloudinary[.]com/slwv2ypq/image/upload/v1789351898/img_221113[.]jpg,offline
stego,https[:]//res[.]cloudinary[.]com/slwv2ypq/image/upload/v1789372892/img_040115[.]jpg,offline
"elf,iot,mirai",http[:]//194[.]238[.]57[.]213[:]889/agustin51,offline
ClickFix,https[:]//hashedsolver[.]icu/update1[.]ps1,offline
"32-bit,DDoSAgent,elf,mirai,x86-32",http[:]//13[.]140[.]176[.]180[:]8080/x86,offline
"32-bit,arm,elf,mirai,Mozi",http[:]//105[.]225[.]90[.]213[:]54429/i,offline
"32-bit,arm,elf,mirai,Mozi",http[:]//103[.]44[.]137[.]13[:]52895/i,offline
"MassLogger,stego",https[:]//images[.]fishing-tools[.]cyou/img_053153[.]png,offline
AgentTesla,http[:]//tripfarely[.]com/crop/5[.]jpg,offline
"AgentTesla,ascii,Encoded,rev-base64-loader",http[:]//216[.]9[.]224[.]48/90/mckaApc[.]txt,online
AgentTesla,http[:]//207[.]180[.]58[.]136/5[.]jpg,offline
MassLogger,https[:]//images[.]fishing-tools[.]cyou/img_072414[.]png,offline
"AgentTesla,stego",https[:]//firebasestorage[.]googleapis[.]com/v0/b/julyendingapama[.]firebasestorage[.]app/o/img_092159[.]png?alt=media&token=930852e2-f86f-4478-8b58-ec8f3ab5c5e5,online
"stego,xworm",http[:]//94[.]156[.]152[.]110/yuxworm[.]png,online
"32-bit,arm,elf,mirai,Mozi",http[:]//103[.]44[.]137[.]13[:]52895/bin[.]sh,offline
stego,http[:]//155[.]103[.]69[.]104/13/img_225725[.]png,offline
stego,http[:]//69[.]12[.]83[.]176/40/httpswww[.]techtarget[.]comit-infrastructuredefinitionWhat-is-cloud-computing-Types-examples-and-benefitwspso[.]pnG,offline
stego,http[:]//69[.]12[.]83[.]176/30/httpswww[.]techtarget[.]comit-infrastructuredefinitionWhat-is-cloud-computing-Types-examples-and-benefits[.]IMG,offline
"32-bit,elf,mips,Mozi",http[:]//39[.]79[.]77[.]19[:]54899/i,offline
"ascii,ClickFix,powershell,ps1,ua-ps",https[:]//botcheck-cf[.]top/hex/traffic,offline
"32-bit,elf,mips,Mozi",http[:]//42[.]239[.]227[.]108[:]60344/bin[.]sh,offline
"2-29-25-224-8000,exe,ua-wget",http[:]//2[.]29[.]25[.]224[:]8000/klinux_https_beacon[.]exe,offline
"2-29-25-224-8000,exe,meterpreter,ua-wget",http[:]//2[.]29[.]25[.]224[:]8000/vps_beacon[.]exe,offline
"honeypot,MFBThreatLabs,miraigafgytiot",http[:]//103[.]79[.]185[.]121/7891[.]sh,offline
"honeypot,mdrfckr,MFBThreatLabs",http[:]//minpop[.]com/sk12pack/names[.]php,offline
"honeypot,mdrfckr,MFBThreatLabs",http[:]//minpop[.]com/sk12pack/idents[.]php,offline
"32-bit,elf,mips,Mozi",http[:]//39[.]79[.]143[.]125[:]58794/i,offline
"honeypot,MFBThreatLabs,miraigafgytiot",http[:]//209[.]92[.]170[.]225/lmkjn[.]mips,offline
"honeypot,MFBThreatLabs,miraigafgytiot",http[:]//144[.]172[.]88[.]127/fvgbh[.]sh4,offline
"honeypot,mdrfckr,MFBThreatLabs",http[:]//208[.]84[.]102[.]192/kw0rker,offline
"elf,mirai,ua-wget",http[:]//194[.]41[.]112[.]119/bins/i686,online
"elf,mirai,ua-wget",http[:]//194[.]41[.]112[.]119/bins/sh4,online
"elf,mirai,ua-wget",http[:]//194[.]41[.]112[.]119/bins/x86,online
"elf,mirai,ua-wget",http[:]//194[.]41[.]112[.]119/bins/ppc,online
"elf,mirai,ua-wget",http[:]//194[.]41[.]112[.]119/bins/mips,online
"elf,mirai,ua-wget",http[:]//194[.]41[.]112[.]119/bins/m68k,online
"elf,mirai,ua-wget",http[:]//194[.]41[.]112[.]119/bins/arm7,online
"elf,mirai,ua-wget",http[:]//194[.]41[.]112[.]119/bins/mpsl,online
"elf,mirai,ua-wget",http[:]//194[.]41[.]112[.]119/bins/arm6,online
"elf,mirai,ua-wget",http[:]//194[.]41[.]112[.]119/bins/arm5,online
"32-bit,elf,mips,Mozi",http[:]//113[.]238[.]219[.]180[:]47690/bin[.]sh,offline
donutloader,https[:]//lai-1451610695[.]cos[.]ap-guangzhou[.]myqcloud[.]com/lai[.]y,online
,http[:]//176[.]65[.]139[.]136/spread[.]sh,online
"65-108-62-224,elf,mirai,ua-wget",http[:]//65[.]108[.]62[.]224/xd[.]x86,offline
"65-108-62-224,elf,mirai,ua-wget",http[:]//65[.]108[.]62[.]224/xd[.]mips,offline
"65-108-62-224,elf,mirai,ua-wget",http[:]//65[.]108[.]62[.]224/flutter[.]x86,offline
"65-108-62-224,elf,gafgyt,ua-wget",http[:]//65[.]108[.]62[.]224/bot[.]x86,offline
"32-bit,elf,mips,Mozi",http[:]//59[.]96[.]143[.]54[:]59412/i,offline
"32-bit,arm,elf,mirai,Mozi",http[:]//113[.]221[.]27[.]47[:]39578/i,offline
"32-bit,elf,mips,Mozi",http[:]//42[.]227[.]159[.]175[:]54532/bin[.]sh,offline
"32-bit,arm,elf,mirai,Mozi",http[:]//113[.]221[.]27[.]47[:]39578/bin[.]sh,offline
,https[:]//www[.]kammwv[.]cc/LocalOffice[.]zip,offline
,http[:]//192[.]162[.]199[.]246/m2/9z7BGnRGpgs8cZv7[.]exe,online
,http[:]//192[.]162[.]199[.]246/m2/gM9anpOuZNKX8zHj[.]exe,online
vshell,http[:]//222[.]112[.]70[.]149[:]8084/?h=222[.]112[.]70[.]149&p=8084&t=ws&a=w32&stage=true,online
CoinMiner,http[:]//192[.]162[.]199[.]246/m3/controller[.]exe,online
OverlordRAT,http[:]//64[.]89[.]163[.]63/agent-windows-amd64-6862efbb[.]exe,online
connectwise,https[:]//thankful-cliff-01dfec010[.]7[.]azurestaticapps[.]net/Adobe_Updater%20[.]msi,online
connectwise,http[:]//wir[.]consultingics[.]com/Bin/ScreenConnect[.]ClientSetup[.]msi?e=Access&y=Guest&c=GOODVIBE&c=&c=&c=&c=&c=&c=&c=,offline
connectwise,https[:]//wir[.]consultingics[.]com/Bin/ScreenConnect[.]ClientSetup[.]msi?e=Access&y=Guest&c=GOODVIBE&c=&c=&c=&c=&c=&c=&c=,offline
connectwise,https[:]//angefundsu[.]sbs/Bin/ScreenConnect[.]ClientSetup[.]msi?e=Access&y=Guest,offline
,https[:]//talkandtypeapp[.]com/static/reciever1[.]exe,online
connectwise,https[:]//pub-5590b15da27f4f219811312b19a8df05[.]r2[.]dev/ScreenConnect[.]ClientSetup[.]msi,offline
connectwise,http[:]//163[.]245[.]215[.]154[:]8040/Bin/ScreenConnect[.]ClientSetup[.]msi?e=Access&y=Guest,offline
connectwise,https[:]//pub-d21b4190a47f45628c828456f23dd66e[.]r2[.]dev/38-146-219-200[.]msi,offline
connectwise,https[:]//teamapp[.]pages[.]dev/Microsoft_Team%20_Update[.]exe,offline
connectwise,http[:]//163[.]245[.]215[.]154[:]8040/Bin/ScreenConnect[.]ClientSetup[.]msi,offline
AteraAgent,https[:]//pub-4cf232026b854c1e8bb06b595c8f7587[.]r2[.]dev/special%20invitation[.]msi,offline
Worm.Ramnit,http[:]//103[.]86[.]86[.]244[:]800/Gateway/r[.]Zip,offline
,https[:]//mhqn[.]pages[.]dev/download/%E6%B2%90%E9%B8%BF%E6%A0%96%E6%A5%A0%E6%B8%85%E7%90%86%E5%B7%A5%E5%85%B7_%E5%AE%89%E8%A3%85%E7%A8%8B%E5%BA%8F[.]exe,offline
vshell,http[:]//175[.]27[.]140[.]230[:]8888/?a=w32&h=175[.]27[.]140[.]230&p=8888&stage=true&t=ws,offline
,http[:]//69[.]12[.]83[.]176/img/MSI_PRO_Latest[.]png,online
,http[:]//192[.]162[.]199[.]246/m2/6eq5gvOfRvNmCi54[.]exe,online
vshell,http[:]//139[.]95[.]24[.]51[:]8081/?h=139[.]95[.]24[.]51&p=8081&t=tcp&a=w64&stage=true,online
,http[:]//185[.]177[.]239[.]241[:]5001/renas[.]bin,offline
connectwise,https[:]//portal[.]onepansol[.]site/Bin/ScreenConnect[.]WindowsClient[.]exe,online
connectwise,https[:]//pub-3e3889b5442b4ed4ab5f97beec5959ea[.]r2[.]dev/SSA%20_Document%20Viewer[.]bat,offline
SilentNet,https[:]//tweakz-dream-launcher[.]lovable[.]app/__l5e/assets-v1/f9eec8e0-95ce-4178-b709-6136c6e6321b/V4MP-Tweakz-Launcher[.]exe,online
CoinMiner,http[:]//192[.]162[.]199[.]246/m2/mKM65Cf6QNqeOVw9[.]exe,online
"32-bit,elf,mips,Mozi",http[:]//123[.]9[.]83[.]217[:]45001/i,offline
connectwise,https[:]//portal[.]onepansol[.]site/Bin/ScreenConnect[.]WindowsFileManager[.]exe,online
vshell,http[:]//43[.]134[.]100[.]72[:]4444/?h=43[.]134[.]100[.]72&p=4444&t=ws&a=w64&stage=true,offline
,https[:]//quest-hz-preds-mod[.]pages[.]dev/Hz&PredsMod_HYLODevGX[.]v1[.]0[.]0[.]exe,offline
mirai,http[:]//120[.]28[.]167[.]203[:]51577/bin[.]sh,offline
connectwise,https[:]//portal[.]onepansol[.]site/Bin/ScreenConnect[.]ClientService[.]exe,online
,http[:]//42[.]180[.]66[.]153[:]37510/bin[.]sh,offline
,https[:]//23[.]94[.]148[.]56/99/mfasgood[.]hta,offline
,https[:]//pic[.]li/images/MSI_PRO_Latest[.]jpeg,offline
,http[:]//103[.]86[.]86[.]244[:]800/Gateway/deploy_silent1[.]Ps1,offline
,http[:]//103[.]86[.]86[.]244[:]800/V/deploy[.]Ps1,offline
,https[:]//155[.]103[.]69[.]104/13/verygreatansweriamthinking[.]hta,offline
,http[:]//64[.]89[.]163[.]63/u[.]ps1,offline
"32-bit,elf,mips,Mozi",http[:]//182[.]120[.]183[.]186[:]37440/bin[.]sh,offline
"32-bit,arm,elf,mirai,Mozi",http[:]//222[.]127[.]63[.]144[:]37956/bin[.]sh,offline
"32-bit,elf,mips,Mozi",http[:]//42[.]232[.]231[.]31[:]57343/i,offline
"32-bit,elf,mips,Mozi",http[:]//42[.]239[.]176[.]28[:]56546/i,offline
mirai,http[:]//121[.]231[.]116[.]192[:]38256/i,offline
mirai,http[:]//112[.]254[.]26[.]64[:]51093/i,online
"32-bit,elf,mips,Mozi",http[:]//42[.]239[.]176[.]28[:]56546/bin[.]sh,offline
"32-bit,elf,mips,Mozi",http[:]//42[.]232[.]231[.]31[:]57343/bin[.]sh,offline
"rat,RemcosRAT,stego",https[:]//bunnyview[.]b-cdn[.]net/img_093703[.]png,offline
Mozi,http[:]//112[.]248[.]155[.]16[:]37235/i,offline
"32-bit,arm,elf,mirai,Mozi",http[:]//130[.]12[.]209[.]147[:]59643/bin[.]sh,offline
"32-bit,elf,mips,Mozi",http[:]//182[.]122[.]233[.]74[:]49867/i,offline
"encrypted,GuLoader,rat,RemcosRAT",https[:]//drive[.]google[.]com/uc?export=download&id=1WIYybnkPqHNqdz55Z2pFr-Tp66L-EfvQ,offline
"ascii,Encoded,GuLoader,rat,RemcosRAT",https[:]//drive[.]google[.]com/uc?export=download&id=14Fhk0XQAHCjpKWyKD3xmOWs7QV3FTVLq,offline
Mozi,http[:]//112[.]248[.]155[.]16[:]37235/bin[.]sh,offline
connectwise,https[:]//themaintechnician[.]us/Bin/ScreenConnect[.]ClientSetup[.]msi?e=Access&y=Guest,online
"32-bit,elf,mirai,x86-32",http[:]//91[.]92[.]35[.]7/SBIDIOT/x86,offline
,https[:]//digitalisonesapps[.]com/savess/downloads[.]php,offline
,https[:]//jokely[.]icu/download_invitee[.]php,offline
,https[:]//weroll-byte-welcome-bob-the-builder[.]pages[.]dev/pd_documents_upd[.]vbs,offline
"32-bit,arm,elf,mirai,Mozi",http[:]//196[.]188[.]75[.]58[:]41382/i,offline
"32-bit,elf,mips,Mozi",http[:]//27[.]44[.]147[.]16[:]59517/i,offline
"32-bit,elf,mips,Mozi",http[:]//60[.]19[.]240[.]247[:]53768/i,offline
"32-bit,elf,mips,Mozi",http[:]//60[.]19[.]240[.]247[:]53768/bin[.]sh,offline
"32-bit,elf,mips,Mozi",http[:]//182[.]122[.]233[.]74[:]49867/bin[.]sh,offline
,http[:]//31[.]4[.]254[.]241[:]45840/bin[.]sh,offline
,http[:]//42[.]57[.]36[.]196[:]51916/i,offline
mirai,http[:]//27[.]29[.]62[.]26[:]51681/i,offline
mirai,http[:]//42[.]243[.]138[.]63[:]36995/i,offline
mirai,http[:]//27[.]29[.]62[.]26[:]51681/bin[.]sh,offline
mirai,http[:]//42[.]243[.]138[.]63[:]36995/bin[.]sh,offline
,http[:]//42[.]57[.]36[.]196[:]51916/bin[.]sh,offline
,http[:]//96[.]245[.]232[.]155[:]44492/i,offline
Mozi,http[:]//221[.]15[.]145[.]135[:]55618/i,offline
mirai,http[:]//210[.]208[.]116[.]107[:]56842/i,offline
mirai,http[:]//210[.]208[.]116[.]107[:]56842/bin[.]sh,offline
,http[:]//42[.]179[.]149[.]98[:]46495/bin[.]sh,offline
mirai,http[:]//66[.]205[.]236[.]147[:]42536/i,offline
,http[:]//42[.]179[.]149[.]98[:]46495/i,offline
Mozi,http[:]//222[.]140[.]186[.]92[:]44887/i,offline
Mozi,http[:]//42[.]228[.]100[.]168[:]59474/i,offline
Mozi,http[:]//221[.]1[.]226[.]101[:]54476/bin[.]sh,offline
Mozi,http[:]//221[.]15[.]14[.]221[:]57481/bin[.]sh,offline
,http[:]//60[.]22[.]194[.]98[:]38744/i,offline
mirai,http[:]//83[.]233[.]56[.]26[:]42116/bin[.]sh,offline
,http[:]//42[.]6[.]60[.]211[:]40465/bin[.]sh,online
,http[:]//27[.]44[.]144[.]94[:]51450/bin[.]sh,offline
Mozi,http[:]//221[.]13[.]249[.]38[:]40896/i,offline
Mozi,http[:]//42[.]231[.]45[.]174[:]46469/i,offline
mirai,http[:]//222[.]127[.]52[.]229[:]34146/i,offline
mirai,http[:]//223[.]151[.]76[.]13[:]50733/bin[.]sh,online
,http[:]//5[.]166[.]114[.]0[:]44061/bin[.]sh,online
Mozi,http[:]//42[.]231[.]45[.]174[:]46469/bin[.]sh,offline
mirai,http[:]//42[.]228[.]43[.]131[:]33505/i,offline
,http[:]//5[.]166[.]114[.]0[:]44061/i,online
mirai,http[:]//42[.]228[.]43[.]131[:]33505/bin[.]sh,offline
Mozi,http[:]//42[.]231[.]110[.]122[:]58966/i,offline
Mozi,http[:]//222[.]142[.]247[.]71[:]51781/i,offline
mirai,http[:]//222[.]214[.]101[.]175[:]41596/bin[.]sh,offline
Mozi,http[:]//222[.]142[.]247[.]71[:]51781/bin[.]sh,offline
Mozi,http[:]//221[.]15[.]14[.]221[:]57481/i,offline
Mozi,http[:]//39[.]187[.]82[.]248[:]50808/i,offline
,http[:]//61[.]69[.]169[.]69[:]39370/i,online
,http[:]//60[.]22[.]194[.]98[:]38744/bin[.]sh,offline
"32-bit,arm,elf,mirai,Mozi",http[:]//121[.]234[.]172[.]138[:]55963/i,offline
Mozi,http[:]//39[.]90[.]149[.]36[:]39098/bin[.]sh,offline
mirai,http[:]//222[.]127[.]52[.]229[:]34146/bin[.]sh,offline
Mozi,http[:]//61[.]52[.]184[.]186[:]37650/bin[.]sh,offline
Mozi,http[:]//39[.]90[.]149[.]36[:]39098/i,offline
,http[:]//42[.]178[.]61[.]190[:]46830/i,offline
,http[:]//77[.]94[.]103[.]197[:]65136/bin[.]sh,offline
,http[:]//77[.]94[.]103[.]197[:]65136/i,offline
Mozi,http[:]//39[.]74[.]99[.]225[:]43107/bin[.]sh,offline
Mozi,http[:]//39[.]74[.]99[.]225[:]43107/i,offline
,http[:]//220[.]201[.]155[.]202[:]51800/i,offline
,http[:]//42[.]57[.]183[.]42[:]35048/i,offline
,http[:]//42[.]178[.]61[.]190[:]46830/bin[.]sh,offline
mirai,http[:]//27[.]11[.]15[.]56[:]57655/i,offline
,http[:]//42[.]57[.]183[.]42[:]35048/bin[.]sh,offline
mirai,http[:]//27[.]11[.]15[.]56[:]57655/bin[.]sh,offline
,http[:]//95[.]73[.]227[.]80[:]49028/i,online
,http[:]//42[.]6[.]89[.]229[:]44269/bin[.]sh,offline
,http[:]//94[.]28[.]39[.]38[:]34375/i,online
Mozi,http[:]//61[.]52[.]184[.]186[:]37650/i,offline
mirai,http[:]//222[.]127[.]254[.]114[:]44169/bin[.]sh,online
,http[:]//219[.]157[.]140[.]92[:]45094/i,offline
,http[:]//95[.]73[.]227[.]80[:]49028/bin[.]sh,online
,http[:]//119[.]116[.]247[.]148[:]35683/i,offline
mirai,http[:]//130[.]12[.]209[.]147[:]59643/i,offline
mirai,http[:]//210[.]208[.]111[.]36[:]40065/i,offline
,http[:]//119[.]116[.]247[.]148[:]35683/bin[.]sh,offline
mirai,http[:]//201[.]7[.]230[.]150[:]60723/bin[.]sh,offline
Mozi,http[:]//115[.]57[.]255[.]35[:]52731/i,offline
Mozi,http[:]//115[.]58[.]85[.]188[:]55703/i,offline
,http[:]//125[.]46[.]243[.]209[:]34893/i,offline
,http[:]//114[.]219[.]26[.]250[:]43740/i,offline
Mozi,http[:]//182[.]126[.]104[.]49[:]44847/i,offline
Mozi,http[:]//115[.]50[.]144[.]233[:]34188/bin[.]sh,offline
Mozi,http[:]//115[.]50[.]144[.]233[:]34188/i,offline
mirai,http[:]//182[.]120[.]38[.]21[:]37977/bin[.]sh,offline
mirai,http[:]//185[.]9[.]139[.]117[:]37187/bin[.]sh,offline
Mozi,http[:]//182[.]117[.]0[.]68[:]36879/bin[.]sh,offline
,http[:]//175[.]150[.]178[.]98[:]41695/bin[.]sh,offline
mirai,http[:]//183[.]150[.]192[.]254[:]38134/i,offline
Mozi,http[:]//121[.]231[.]77[.]20[:]2690/bin[.]sh,offline
Mozi,http[:]//162[.]246[.]27[.]201[:]40975/i,offline
Mozi,http[:]//182[.]127[.]71[.]87[:]44312/bin[.]sh,offline
mirai,http[:]//124[.]6[.]168[.]74[:]45093/i,offline
Mozi,http[:]//121[.]231[.]77[.]20[:]2690/i,offline
mirai,http[:]//210[.]208[.]106[.]68[:]34920/bin[.]sh,offline
Mozi,http[:]//125[.]41[.]204[.]131[:]43818/i,offline
Mozi,http[:]//175[.]107[.]229[.]119[:]50311/bin[.]sh,offline
Mozi,http[:]//175[.]107[.]229[.]119[:]50311/i,offline
mirai,http[:]//182[.]121[.]58[.]91[:]51347/i,offline
Mozi,http[:]//115[.]57[.]246[.]145[:]51357/i,offline
Mozi,http[:]//115[.]57[.]215[.]207[:]39802/bin[.]sh,offline
Mozi,http[:]//115[.]57[.]246[.]145[:]51357/bin[.]sh,offline
Mozi,http[:]//123[.]9[.]241[.]148[:]52052/i,offline
,http[:]//113[.]228[.]146[.]66[:]33110/i,offline
mirai,http[:]//125[.]106[.]119[.]87[:]34466/bin[.]sh,offline
Mozi,http[:]//182[.]121[.]83[.]88[:]51635/bin[.]sh,offline
Mozi,http[:]//125[.]41[.]204[.]131[:]43818/bin[.]sh,offline
mirai,http[:]//114[.]228[.]131[.]16[:]42120/i,offline
,http[:]//115[.]63[.]54[.]8[:]49632/i,offline
mirai,http[:]//120[.]28[.]189[.]223[:]45539/bin[.]sh,offline
mirai,http[:]//124[.]6[.]167[.]121[:]34983/i,offline
mirai,http[:]//160[.]19[.]44[.]97[:]59339/i,offline
mirai,http[:]//210[.]208[.]111[.]220[:]51724/i,offline
mirai,http[:]//120[.]28[.]189[.]223[:]45539/i,offline
Mozi,http[:]//182[.]121[.]107[.]59[:]43712/bin[.]sh,offline
Mozi,http[:]//182[.]113[.]40[.]172[:]45947/i,offline
mirai,http[:]//117[.]26[.]227[.]26[:]59476/bin[.]sh,offline
Mozi,http[:]//125[.]40[.]128[.]130[:]53047/i,offline
Mozi,http[:]//182[.]127[.]1[.]18[:]39882/bin[.]sh,offline
Mozi,http[:]//202[.]1[.]26[.]13[:]51773/i,offline
Mozi,http[:]//182[.]112[.]30[.]130[:]38633/bin[.]sh,offline
Mozi,http[:]//202[.]1[.]26[.]13[:]51773/bin[.]sh,offline
mirai,http[:]//210[.]208[.]110[.]221[:]51909/bin[.]sh,offline
mirai,http[:]//210[.]208[.]106[.]68[:]34920/i,offline
,http[:]//177[.]71[.]55[.]138[:]43846/bin[.]sh,online
mirai,http[:]//190[.]109[.]227[.]170[:]59276/i,offline
,http[:]//113[.]224[.]75[.]59[:]59076/bin[.]sh,offline
mirai,http[:]//177[.]36[.]24[.]219[:]57187/i,offline
,http[:]//124[.]94[.]203[.]196[:]34272/bin[.]sh,offline
Mozi,http[:]//115[.]49[.]232[.]50[:]33070/bin[.]sh,offline
Mozi,http[:]//182[.]116[.]51[.]208[:]39689/i,offline
mirai,http[:]//115[.]58[.]180[.]166[:]33235/i,offline
,http[:]//175[.]165[.]126[.]177[:]47695/i,offline
Mozi,http[:]//182[.]120[.]91[.]54[:]36002/i,offline
,http[:]//119[.]116[.]247[.]148[:]35683/Mozi[.]m,offline
mirai,http[:]//185[.]9[.]139[.]117[:]37187/i,offline
mirai,http[:]//114[.]228[.]131[.]16[:]42120/bin[.]sh,offline
mirai,http[:]//183[.]150[.]192[.]254[:]38134/bin[.]sh,offline
Mozi,http[:]//182[.]121[.]142[.]232[:]58480/i,offline
,http[:]//175[.]150[.]178[.]98[:]41695/i,offline
Mozi,http[:]//115[.]52[.]42[.]63[:]41059/i,offline
Mozi,http[:]//182[.]117[.]0[.]68[:]36879/i,offline
,http[:]//175[.]165[.]109[.]74[:]43930/i,offline
mirai,http[:]//201[.]7[.]230[.]150[:]60723/i,offline
mirai,http[:]//182[.]121[.]58[.]91[:]51347/bin[.]sh,offline
Mozi,http[:]//115[.]57[.]215[.]207[:]39802/i,offline
mirai,http[:]//117[.]26[.]227[.]26[:]59476/i,offline
mirai,http[:]//190[.]109[.]227[.]170[:]59276/bin[.]sh,offline
Mozi,http[:]//182[.]121[.]173[.]75[:]50668/i,offline
mirai,http[:]//210[.]208[.]111[.]74[:]37490/i,offline
Mozi,http[:]//182[.]121[.]83[.]88[:]51635/i,offline
mirai,http[:]//210[.]208[.]111[.]100[:]38769/i,offline
Mozi,http[:]//112[.]248[.]117[.]194[:]39629/i,offline
mirai,http[:]//210[.]208[.]110[.]42[:]32844/bin[.]sh,offline
mirai,http[:]//210[.]208[.]110[.]221[:]51909/i,offline
Mozi,http[:]//14[.]124[.]232[.]70[:]53634/bin[.]sh,offline
,http[:]//175[.]147[.]55[.]140[:]50901/i,offline
Mozi,http[:]//14[.]124[.]232[.]70[:]53634/i,offline
,http[:]//113[.]239[.]196[.]25[:]51478/i,offline
,http[:]//177[.]71[.]55[.]138[:]43846/i,online
Mozi,http[:]//125[.]47[.]206[.]102[:]49375/i,offline
,http[:]//175[.]147[.]55[.]140[:]50901/bin[.]sh,offline
Mozi,http[:]//123[.]14[.]37[.]140[:]40406/i,offline
Mozi,http[:]//125[.]47[.]206[.]102[:]49375/bin[.]sh,offline
Mozi,http[:]//182[.]127[.]1[.]18[:]39882/i,offline
,http[:]//178[.]206[.]104[.]112[:]49024/bin[.]sh,offline
,http[:]//178[.]206[.]104[.]112[:]49024/i,offline
mirai,http[:]//210[.]208[.]111[.]2[:]56488/i,offline
mirai,http[:]//120[.]28[.]200[.]193[:]59242/i,offline
Mozi,http[:]//115[.]57[.]81[.]140[:]43219/bin[.]sh,offline
Mozi,http[:]//115[.]55[.]165[.]230[:]35213/i,offline
Mozi,http[:]//115[.]55[.]165[.]230[:]35213/bin[.]sh,offline
mirai,http[:]//196[.]188[.]75[.]58[:]41382/bin[.]sh,offline
,http[:]//36[.]70[.]137[.]121[:]51421/bin[.]sh,offline
,http[:]//36[.]70[.]137[.]121[:]51421/i,offline
mirai,http[:]//110[.]86[.]160[.]129[:]47877/i,offline
mirai,http[:]//105[.]186[.]184[.]139[:]58463/i,offline
mirai,http[:]//109[.]108[.]36[.]153[:]36127/bin[.]sh,offline
,http[:]//193[.]31[.]201[.]20[:]51001/i,offline
mirai,http[:]//112[.]198[.]195[.]68[:]60592/i,offline
,http[:]//108[.]168[.]0[.]60[:]34838/i,offline
mirai,http[:]//109[.]108[.]36[.]153[:]36127/i,offline
,http[:]//103[.]68[.]95[.]197[:]37113/bin[.]sh,online
Mozi,http[:]//112[.]248[.]117[.]194[:]39629/bin[.]sh,offline
mirai,http[:]//101[.]85[.]133[.]18[:]60949/bin[.]sh,offline
mirai,http[:]//112[.]198[.]130[.]112[:]59383/bin[.]sh,offline
,http[:]//60[.]23[.]234[.]174[:]53215/i,offline
,http[:]//115[.]48[.]237[.]234[:]49670/i,offline
,http[:]//196[.]189[.]98[.]110[:]58665/i,offline
,http[:]//154[.]23[.]75[.]187[:]39523/i,offline
"32-bit,elf,mips,Mozi",http[:]//115[.]57[.]255[.]35[:]52731/bin[.]sh,offline
"malware-download,redis,shell-script",http[:]//5[.]75[.]162[.]206/fission_payload[.]sh,offline
"32-bit,arm,elf,mirai,Mozi",http[:]//121[.]234[.]172[.]138[:]55963/bin[.]sh,offline
"32-bit,arm,elf,mirai,Mozi",http[:]//210[.]208[.]110[.]130[:]49713/i,offline
"32-bit,arm,elf,mirai,Mozi",http[:]//210[.]208[.]110[.]130[:]49713/bin[.]sh,offline
"32-bit,elf,mips,Mozi",http[:]//219[.]157[.]237[.]251[:]52792/i,offline
,https[:]//robertsonelectrlcal[.]screenconnect[.]com/Bin/ScreenConnect[.]ClientSetup[.]exe?e=Access&y=Guest&c=eggy&c=&c=&c=&c=&c=&c=&c=,offline
,https[:]//statementreaderdownload[.]com/installation/Installer[.]msi,offline
"ascii,Encoded,rat,RemcosRAT",https[:]//drive[.]google[.]com/uc?export=download&id=1_1FmOrJknA8mnxuW-o6LKPwfCYQnBK0W,offline
"encrypted,GuLoader,rat,RemcosRAT",https[:]//drive[.]google[.]com/uc?export=download&id=1F_pIOf4tblOauvbi0_Y5lT-uxsV7Qn9x,offline
,https[:]//acrobat[.]proposal[.]name[.]ng/Adobe_package_installer[.]zip,offline
"ascii,Encoded,GuLoader,rat,RemcosRAT",https[:]//drive[.]google[.]com/uc?export=download&id=17ZmdRjUEkrSsmpLhOoblhDymFXjkdE-o,offline
"ascii,Encoded,GuLoader,rat,RemcosRAT",https[:]//drive[.]google[.]com/uc?export=download&id=1QVMBnZ04DbW7TCG_HXt9M_5QWttCFCMd,offline
"encrypted,GuLoader,rat,RemcosRAT",https[:]//drive[.]google[.]com/uc?export=download&id=1wH3LZrWAJyN3eI0Ti15r2wzvT0nLotbC,offline
"ascii,Encoded,GuLoader,rat,RemcosRAT",https[:]//drive[.]google[.]com/uc?export=download&id=1GeLB2M6fH6OjtQ4rvvsXZHA4yr92r0vx,offline
"encrypted,GuLoader,rat,RemcosRAT",https[:]//drive[.]google[.]com/uc?export=download&id=1txHmmpdREVNn0w-14BimvdyYscZlMZ8Z,offline
"encrypted,GuLoader,rat,RemcosRAT",https[:]//drive[.]google[.]com/uc?export=download&id=1sVIhz0Weke2JNr9dvAti6q1KnAUNZrnT,offline
"encrypted,GuLoader,rat,RemcosRAT",https[:]//drive[.]google[.]com/uc?export=download&id=1akm5iJMVIBt8vvEjwhYWhW39dA4cOUp3,offline
"ascii,Encoded,GuLoader,rat,RemcosRAT",https[:]//drive[.]google[.]com/uc?export=download&id=1MLcCIZOl0n0eDJSymxElUd4BoNCxSW5U,offline
"encrypted,GuLoader,rat,RemcosRAT",https[:]//drive[.]google[.]com/uc?export=download&id=1_k_j2CXtsirUYXLH77dxQcYMpVVFkwBa,offline
"ascii,Encoded,GuLoader,rat,RemcosRAT",https[:]//drive[.]google[.]com/uc?export=download&id=1hoNbX3uM1w43qAzjH9C3pFTG2D3oEzW5,offline
"encrypted,GuLoader,rat,RemcosRAT",https[:]//drive[.]google[.]com/uc?export=download&id=1Z7ptxKZL-pzZ6hQlYvaARf9uHYpX16tE,offline
"encrypted,GuLoader,rat,RemcosRAT",https[:]//drive[.]google[.]com/uc?export=download&id=1zSMpD065bUuhDeHKYcenr51sa27FzlnR,offline
"32-bit,elf,mips,Mozi",http[:]//72[.]255[.]30[.]244[:]41037/bin[.]sh,offline
"ascii,Encoded,GuLoader,rat,RemcosRAT",https[:]//drive[.]google[.]com/uc?export=download&id=1EJ85Xw9YqhHkew_l6bxzGiWk9NR_keF9,offline
"encrypted,GuLoader,rat,RemcosRAT",https[:]//drive[.]google[.]com/uc?export=download&id=1YThtN3UXYkGeFLHOxLTHlI_eNW27kF21,offline
"ascii,Encoded,GuLoader,rat,RemcosRAT",https[:]//drive[.]google[.]com/uc?export=download&id=1Kk7qJa_XsvFDMm_bbrddS1S-5wUxRjem,offline
"encrypted,GuLoader,rat,RemcosRAT",https[:]//drive[.]google[.]com/uc?export=download&id=1RYABi7dHmPLUTxjHxh8mUF0f3nLAjvjP,offline
"ascii,Encoded,GuLoader,rat,RemcosRAT",https[:]//drive[.]google[.]com/uc?export=download&id=10FxL47uiEwycNuhAQKvI_A9gZ2oP1ODI,offline
"ascii,Encoded,GuLoader",https[:]//drive[.]google[.]com/uc?export=download&id=1PZxRHOr6CaScL28GbV0QvrIVsMTWaeSZ,offline
"ascii,Encoded,GuLoader",https[:]//drive[.]google[.]com/uc?export=download&id=1cqiHOD6SRj2sNyVoEuU51ySBJkxIxJ8x,offline
"32-bit,elf,mips,Mozi",http[:]//123[.]14[.]245[.]170[:]52845/i,offline
"32-bit,elf,mips,Mozi",http[:]//182[.]113[.]42[.]152[:]58336/i,offline
"32-bit,elf,mips,Mozi",http[:]//219[.]157[.]237[.]251[:]52792/bin[.]sh,offline
"32-bit,arm,elf,mirai,Mozi",http[:]//170[.]238[.]123[.]134[:]50817/i,offline
"rat,RemcosRAT,stego",https[:]//res[.]cloudinary[.]com/slwv2ypq/image/upload/v1789351627/img_220648[.]jpg,offline
ClickFix,https[:]//copiose[.]org/test_proliv/b?o=227e5818e832787f,offline
ClickFix,https[:]//copiose[.]org/test_proliv/b?o=89eb5ef0b37dd1f2,offline
ClickFix,https[:]//copiose[.]org/test_proliv/b?o=a86b985e2eec77e3,offline
"32-bit,elf,mips,Mozi",http[:]//182[.]113[.]42[.]152[:]58336/bin[.]sh,offline
"32-bit,elf,mips,Mozi",http[:]//123[.]14[.]245[.]170[:]52845/bin[.]sh,offline
"32-bit,elf,mips,Mozi",http[:]//125[.]41[.]224[.]2[:]59933/i,offline
"32-bit,arm,elf,mirai,Mozi",http[:]//170[.]238[.]123[.]134[:]50817/bin[.]sh,offline
Mozi,http[:]//125[.]43[.]246[.]211[:]40926/i,offline
"elf,mirai,ua-wget",http[:]//87[.]58[.]201[.]21/i586,offline
"elf,mirai,ua-wget",http[:]//87[.]58[.]201[.]21/powerpc-440fp,offline
"elf,mirai,ua-wget",http[:]//87[.]58[.]201[.]21/x86_64,offline
"elf,mirai,ua-wget",http[:]//87[.]58[.]201[.]21/bins/m68k,offline
"elf,mirai,ua-wget",http[:]//87[.]58[.]201[.]21/m68k,offline
"elf,mirai,ua-wget",http[:]//2[.]27[.]248[.]149/bins/m68k,online
"elf,ua-wget",http[:]//45[.]207[.]222[.]89/bns/gang123isgodloluaintgettingthesebinslikedammwtf[.]sh4,offline
"elf,mirai,ua-wget",http[:]//87[.]58[.]201[.]21/mips,offline
"elf,mirai,ua-wget",http[:]//87[.]58[.]201[.]21/arm4,offline
"elf,mirai,ua-wget",http[:]//87[.]58[.]201[.]21/bins/arm5,offline
"elf,mirai,ua-wget",http[:]//87[.]58[.]201[.]21/arm7,offline
"elf,mirai,ua-wget",http[:]//87[.]58[.]201[.]21/bins/arm6,offline
"elf,mirai,ua-wget",http[:]//87[.]58[.]201[.]21/bins/sh4,offline
"elf,mirai,ua-wget",http[:]//87[.]58[.]201[.]21/bins/arm4,offline
"elf,mirai,ua-wget",http[:]//87[.]58[.]201[.]21/bins/i686,offline
"elf,mirai,ua-wget",http[:]//87[.]58[.]201[.]21/bins/ppc,offline
"elf,ua-wget",http[:]//45[.]207[.]222[.]89/bns/gang123isgodloluaintgettingthesebinslikedammwtf[.]ppc,offline
"elf,ua-wget",http[:]//45[.]207[.]222[.]89/bns/gang123isgodloluaintgettingthesebinslikedammwtf[.]x86,offline
"elf,ua-wget",http[:]//45[.]207[.]222[.]89/bns/gang123isgodloluaintgettingthesebinslikedammwtf[.]arm,offline
"elf,ua-wget",http[:]//45[.]207[.]222[.]89/bns/gang123isgodloluaintgettingthesebinslikedammwtf[.]arm7,offline
"elf,ua-wget",http[:]//45[.]207[.]222[.]89/bns/gang123isgodloluaintgettingthesebinslikedammwtf[.]arm6,offline
"elf,mirai,ua-wget",http[:]//87[.]58[.]201[.]21/arm6,offline
"elf,mirai,ua-wget",http[:]//87[.]58[.]201[.]21/sh4,offline
"elf,mirai,ua-wget",http[:]//87[.]58[.]201[.]21/bins/arm7,offline
"elf,mirai,ua-wget",http[:]//87[.]58[.]201[.]21/i686,offline
"elf,mirai,ua-wget",http[:]//87[.]58[.]201[.]21/bins/mips,offline
"PureLogsStealer,stego",https[:]//res[.]cloudinary[.]com/tll9jvom/image/upload/v1789365255/img_075247[.]jpg,offline
"elf,ua-wget",http[:]//45[.]207[.]222[.]89/mirai[.]arm,offline
"elf,ua-wget",http[:]//45[.]207[.]222[.]89/mirai[.]x86,offline
"elf,ua-wget",http[:]//45[.]207[.]222[.]89/bns/gang123isgodloluaintgettingthesebinslikedammwtf[.]arm5,offline
"32-bit,elf,mips,Mozi",http[:]//125[.]41[.]224[.]2[:]59933/bin[.]sh,offline
Mozi,http[:]//125[.]43[.]246[.]211[:]40926/bin[.]sh,offline
"32-bit,arm,elf,mirai,Mozi",http[:]//101[.]59[.]79[.]119[:]50248/i,offline
mirai,http[:]//105[.]186[.]221[.]48[:]45881/i,offline
"32-bit,elf,mips,Mozi",http[:]//113[.]228[.]148[.]143[:]56788/i,offline
"32-bit,elf,mips,Mozi",http[:]//182[.]116[.]48[.]4[:]52963/i,offline
"32-bit,arm,elf,mirai,Mozi",http[:]//101[.]59[.]79[.]119[:]50248/bin[.]sh,offline
"32-bit,elf,mips,Mozi",http[:]//113[.]228[.]148[.]143[:]56788/bin[.]sh,offline
Mozi,http[:]//112[.]239[.]122[.]204[:]54893/i,offline
"rat,RemcosRAT,stego",https[:]//res[.]cloudinary[.]com/slwv2ypq/image/upload/v1789351375/img_220206[.]jpg,offline
fakemas,https[:]//workerstats[.]net/downloadables/nig20083[.]zip,offline
fakemas,https[:]//get[.]actvated[.]win/Update[.]zip,offline
fakemas,https[:]//workerstats[.]net/downloadables/getthem20083[.]zip,offline
fakemas,https[:]//get[.]ativated[.]win/Update[.]zip,offline
fakemas,https[:]//get[.]sctivated[.]win/Update[.]zip,offline
OverlordRAT,https[:]//srv[.]conti[.]pk/contis[.]exe,offline
fakemas,https[:]//get[.]acrivated[.]win/Update[.]zip,offline
fakemas,https[:]//get[.]activaed[.]win/Update[.]zip,offline
fakemas,https[:]//massgravel[.]dev/Updatef[.]zip,offline
fakemas,https[:]//get[.]activatd[.]win/Update[.]zip,offline
fakemas,https[:]//get[.]acitvated[.]win/Update[.]zip,offline
fakemas,https[:]//get[.]ctivated[.]win/Update[.]zip,offline
fakemas,https[:]//get[.]activtaed[.]win/Update[.]zip,offline
fakemas,https[:]//get[.]activatedd[.]win/Update[.]zip,offline
fakemas,https[:]//get[.]activates[.]win/Update[.]zip,offline
fakemas,https[:]//get[.]cativated[.]win/Update[.]zip,offline
fakemas,https[:]//get[.]acivated[.]win/Update[.]zip,offline
fakemas,https[:]//get[.]actiated[.]win/Update[.]zip,offline
"BillGates,honeypot,ssh",http[:]//194[.]59[.]31[.]231[:]65416/b/kswpad,offline
"honeypot,ssh",http[:]//194[.]59[.]31[.]231[:]65416/b/amd64,offline
"BillGates,honeypot,ssh",http[:]//194[.]59[.]31[.]231[:]65416/b/kal64,offline
fakemas,https[:]//get[.]activted[.]win/Update[.]zip,offline
"fakemas,ua-ps",https[:]//get[.]activatd[.]win/,offline
"malware-download,redis,shell-script",http[:]//5[.]75[.]162[.]206[:]9003/fission_payload[.]sh,offline
ClickFix,https[:]//copiose[.]org/test_proliv/b?o=df2d61526e27a2bc,offline
SilentNet,https[:]//trouserstreak[.]net/trouser-streak-1[.]6[.]1-1[.]21[.]11[.]jar,offline
SilentNet,https[:]//meteorrejects[.]net/meteor-rejects-addon-1[.]21[.]11[.]jar,offline
"MicroStealer,payload,rat",https[:]//up[.]devmicro7[.]workers[.]dev/zips/44b7b47af801ed69[.]zip,offline
SilentNet,https[:]//trouserstreak[.]net/trouser-streak-1[.]6[.]1-1[.]21[.]4[.]jar,offline
mirai,http[:]//213[.]232[.]114[.]14/sshd,online
"32-bit,arm,elf,mirai,Mozi",http[:]//196[.]191[.]233[.]24[:]57018/i,offline
"CoinMiner,d747dd9954ff013f054a53cf8effdcc0,dropped-by-remus",https[:]//45[.]145[.]12[.]239/main[.]exe,offline
mirai,http[:]//101[.]85[.]133[.]18[:]60949/i,offline
"32-bit,elf,mips,Mozi",http[:]//123[.]12[.]23[.]1[:]57506/i,offline
"32-bit,arm,elf,mirai,Mozi",http[:]//196[.]191[.]233[.]24[:]57018/bin[.]sh,offline
"32-bit,elf,mips,Mozi",http[:]//123[.]12[.]23[.]1[:]57506/bin[.]sh,offline
"32-bit,elf,mips,Mozi",http[:]//61[.]52[.]147[.]68[:]37007/i,offline
"32-bit,elf,mips,Mozi",http[:]//221[.]14[.]170[.]47[:]43520/i,offline
"32-bit,arm,elf,mirai,Mozi",http[:]//115[.]49[.]17[.]167[:]60965/i,offline
"32-bit,elf,mips,Mozi",http[:]//115[.]42[.]71[.]239[:]59657/i,offline
"32-bit,arm,elf,mirai,Mozi",http[:]//115[.]49[.]17[.]167[:]60965/bin[.]sh,offline
"32-bit,elf,mips,Mozi",http[:]//115[.]42[.]71[.]239[:]59657/bin[.]sh,offline
"32-bit,arm,elf,mirai,Mozi",http[:]//103[.]249[.]199[.]3[:]36625/i,offline
"32-bit,elf,mips,Mozi",http[:]//112[.]93[.]139[.]83[:]48371/i,offline
"32-bit,elf,mips,Mozi",http[:]//115[.]55[.]193[.]192[:]43094/i,offline
"32-bit,arm,elf,mirai,Mozi",http[:]//180[.]190[.]238[.]223[:]35108/i,offline
"32-bit,arm,elf,mirai,Mozi",http[:]//114[.]226[.]168[.]195[:]56431/i,offline
"32-bit,elf,mips,Mozi",http[:]//115[.]55[.]193[.]192[:]43094/bin[.]sh,offline
"32-bit,arm,elf,mirai,Mozi",http[:]//114[.]226[.]168[.]195[:]56431/bin[.]sh,offline
"32-bit,arm,elf,mirai,Mozi",http[:]//180[.]190[.]238[.]223[:]35108/bin[.]sh,offline
"32-bit,elf,mips,Mozi",http[:]//113[.]238[.]226[.]27[:]41846/i,offline
"32-bit,elf,mips,Mozi",http[:]//113[.]238[.]226[.]27[:]41846/bin[.]sh,offline
"32-bit,elf,mips,Mozi",http[:]//59[.]96[.]138[.]143[:]60598/bin[.]sh,offline
"32-bit,elf,mips,Mozi",http[:]//123[.]13[.]82[.]251[:]58053/i,offline
"32-bit,arm,elf,mirai,Mozi",http[:]//103[.]249[.]199[.]5[:]36391/i,offline
"32-bit,arm,elf,mirai,Mozi",http[:]//103[.]249[.]199[.]5[:]36391/bin[.]sh,offline
"32-bit,elf,mips,Mozi",http[:]//123[.]13[.]82[.]251[:]58053/bin[.]sh,offline
"elf,mirai,ua-wget",http[:]//2[.]27[.]248[.]149/bins/arm7,online
"elf,ua-wget",http[:]//176[.]65[.]132[.]103/bins/mips,offline
"elf,ua-wget",http[:]//2[.]27[.]248[.]149/bins/spc,online
"elf,ua-wget",http[:]//2[.]27[.]248[.]149/bins/i686,online
"elf,mirai,ua-wget",http[:]//31[.]59[.]40[.]122/mips64,offline
"elf,mirai,ua-wget",http[:]//160[.]250[.]181[.]123/arm5,offline
"32-bit,arm,elf,mirai,Mozi",http[:]//120[.]28[.]164[.]12[:]57075/i,offline
Mozi,http[:]//182[.]121[.]107[.]59[:]43712/i,offline
"32-bit,arm,elf,mirai,Mozi",http[:]//196[.]191[.]137[.]44[:]37406/i,offline
"32-bit,arm,elf,mirai,Mozi",http[:]//196[.]191[.]137[.]44[:]37406/bin[.]sh,offline
mirai,http[:]//222[.]127[.]208[.]141[:]49815/i,offline
"32-bit,elf,mips,Mozi",http[:]//72[.]255[.]30[.]244[:]41037/i,offline
"32-bit,elf,mips,Mozi",http[:]//61[.]137[.]203[.]189[:]34496/bin[.]sh,online
"32-bit,elf,mips,Mozi",http[:]//222[.]141[.]107[.]89[:]48751/i,offline
"32-bit,elf,mips,Mozi",http[:]//222[.]141[.]107[.]89[:]48751/bin[.]sh,offline
"32-bit,arm,elf,mirai,Mozi",http[:]//196[.]190[.]10[.]252[:]36061/i,offline
"32-bit,elf,mips,Mozi",http[:]//182[.]126[.]119[.]104[:]53515/i,offline
"32-bit,elf,mips,Mozi",http[:]//115[.]58[.]121[.]22[:]46152/i,offline
"32-bit,arm,elf,mirai,Mozi",http[:]//105[.]186[.]143[.]114[:]35689/i,offline
"32-bit,arm,elf,mirai,Mozi",http[:]//196[.]190[.]10[.]252[:]36061/bin[.]sh,offline
mirai,http[:]//66[.]212[.]187[.]214[:]58335/i,offline
"32-bit,arm,elf,mirai,Mozi",http[:]//105[.]186[.]143[.]114[:]35689/bin[.]sh,offline
"32-bit,arm,elf,mirai,Mozi",http[:]//66[.]212[.]187[.]214[:]58335/bin[.]sh,offline
"32-bit,elf,mips,Mozi",http[:]//115[.]58[.]121[.]22[:]46152/bin[.]sh,offline
,http[:]//42[.]56[.]161[.]20[:]38561/i,offline
"32-bit,elf,mips,Mozi",http[:]//182[.]121[.]59[.]52[:]33634/bin[.]sh,offline
"32-bit,elf,mips,Mozi",http[:]//182[.]116[.]48[.]4[:]52963/bin[.]sh,offline
"32-bit,elf,mips,Mozi",http[:]//39[.]74[.]115[.]234[:]54244/i,offline
"32-bit,elf,mips,Mozi",http[:]//115[.]49[.]232[.]50[:]33070/i,offline
"32-bit,elf,mips,Mozi",http[:]//182[.]116[.]116[.]237[:]50764/i,offline
"32-bit,elf,mips,Mozi",http[:]//39[.]74[.]115[.]234[:]54244/bin[.]sh,offline
"32-bit,elf,mips,Mozi",http[:]//175[.]146[.]5[.]1[:]44723/bin[.]sh,offline
"32-bit,arm,elf,mirai,Mozi",http[:]//190[.]109[.]227[.]236[:]33009/i,offline
"connectwise,msi,rmm,screenconnect",https[:]//server[.]miranarts-top[.]cc/Bin/ScreenConnect[.]ClientSetup[.]msi,offline
"32-bit,arm,elf,mirai,Mozi",http[:]//190[.]109[.]227[.]236[:]33009/bin[.]sh,offline
"cowrie,honeypot,mirai",http[:]//160[.]119[.]66[.]206/bins/kla[.]sh,online
"32-bit,elf,mips,Mozi",http[:]//182[.]116[.]116[.]237[:]50764/bin[.]sh,offline
"elf,mirai,ua-wget",http[:]//160[.]119[.]66[.]206/bins/net[.]i486,online
"elf,mirai,ua-wget",http[:]//160[.]119[.]66[.]206/bins/net[.]arc,online
"elf,mirai,ua-wget",http[:]//160[.]119[.]66[.]206/bins/net[.]x86_64,online
"elf,mirai,ua-wget",http[:]//160[.]119[.]66[.]206/bins/net[.]arm5,online
"elf,mirai,ua-wget",http[:]//160[.]119[.]66[.]206/bins/net[.]ppc,online
"elf,mirai,ua-wget",http[:]//160[.]119[.]66[.]206/bins/net[.]arm,online
"elf,mirai,ua-wget",http[:]//160[.]119[.]66[.]206/bins/net[.]sh4,online
"elf,mirai,ua-wget",http[:]//160[.]119[.]66[.]206/bins/net[.]m68k,online
"elf,mirai,ua-wget",http[:]//160[.]119[.]66[.]206/bins/net[.]mips,online
"elf,mirai,ua-wget",http[:]//160[.]119[.]66[.]206/bins/net[.]x86,online
"elf,mirai,ua-wget",http[:]//160[.]119[.]66[.]206/bins/net[.]i686,online
"elf,mirai,ua-wget",http[:]//160[.]119[.]66[.]206/bins/net[.]arm7,online
"elf,mirai,ua-wget",http[:]//160[.]119[.]66[.]206/bins/net[.]arm6,online
"elf,mirai,ua-wget",http[:]//160[.]119[.]66[.]206/bins/net[.]mpsl,online
"elf,ua-wget",http[:]//160[.]119[.]66[.]206/bins/net[.]spc,offline
"32-bit,elf,mips,Mozi",http[:]//119[.]115[.]144[.]69[:]46446/i,offline
"msi,PavinLoader",http[:]//144[.]124[.]251[.]171/cms[.]msi,offline
"AgentTesla,stego",https[:]//pub-72295f71e45d431995028c79cf261dae[.]r2[.]dev/tyjtyujtyuj[.]png,offline
"AgentTesla,stego",https[:]//pub-72295f71e45d431995028c79cf261dae[.]r2[.]dev/dfghrth[.]png,offline
"AgentTesla,hta",https[:]//pub-c6d653e19fd545129fdfd7d6f8cd8b17[.]r2[.]dev/fyhty[.]hta,offline
"32-bit,elf,mips,Mozi",http[:]//94[.]233[.]15[.]145[:]59216/i,offline
"32-bit,elf,mips,Mozi",http[:]//175[.]148[.]71[.]5[:]43235/bin[.]sh,offline
"32-bit,arm,elf,mirai,Mozi",http[:]//94[.]156[.]166[.]167[:]50958/i,offline
"elf,iot",http[:]//160[.]250[.]181[.]123/nhanbeo[.]apk,offline
"c2-monitor-auto,dropped-by-amadey",http[:]//91[.]92[.]242[.]236/files-129312398/files/file_f5a8871443e98731[.]exe,offline
"ACRStealer,exe",https[:]//startvsgame[.]com/secondfast[.]exe,offline
"32-bit,arm,elf,mirai,Mozi",http[:]//105[.]184[.]11[.]78[:]56927/bin[.]sh,offline
"32-bit,elf,mips,Mozi",http[:]//124[.]95[.]45[.]62[:]51036/i,offline
"32-bit,elf,mips,Mozi",http[:]//124[.]95[.]45[.]62[:]51036/bin[.]sh,offline
"32-bit,arm,elf,mirai,Mozi",http[:]//94[.]156[.]166[.]167[:]50958/bin[.]sh,offline
"32-bit,elf,mips,Mozi",http[:]//94[.]233[.]15[.]145[:]59216/bin[.]sh,offline
"32-bit,elf,mips,Mozi",http[:]//103[.]203[.]210[.]102[:]33314/i,offline
"malware,pw-tapped,stealer",https[:]//tapped[.]top/downloads/delta-executor[.]zip?dl=1789318573398,offline
"c2-monitor-auto,dropped-by-amadey",http[:]//91[.]92[.]242[.]236/files-129312398/files/file_6cb8a2bb126b7bfc[.]exe,offline
"malware,pw-deltaexecutor,stealer",https[:]//www[.]mediafire[.]com/file/p3mfnlwgzn6rl90/DeltaExecutor[.]zip/file,offline
"32-bit,arm,elf,mirai,Mozi",http[:]//124[.]6[.]169[.]54[:]33204/i,offline
"32-bit,elf,mips,Mozi",http[:]//125[.]47[.]114[.]215[:]40666/i,offline
"32-bit,elf,mips,Mozi",http[:]//103[.]203[.]210[.]102[:]33314/bin[.]sh,offline
"32-bit,arm,elf,mirai,Mozi",http[:]//124[.]6[.]169[.]54[:]33204/bin[.]sh,offline
"32-bit,arm,elf,mirai,Mozi",http[:]//105[.]186[.]213[.]188[:]57309/i,offline
"32-bit,elf,mips,Mozi",http[:]//125[.]47[.]114[.]215[:]40666/bin[.]sh,offline
"32-bit,arm,elf,mirai,Mozi",http[:]//94[.]244[.]36[.]34[:]46285/bin[.]sh,online
"32-bit,arm,elf,mirai,Mozi",http[:]//223[.]154[.]81[.]223[:]34274/i,offline
"elf,ua-wget",http[:]//2[.]27[.]248[.]149/bins/mpsl,online
"elf,mirai,ua-wget",http[:]//31[.]59[.]40[.]122/arm6,offline
"elf,mirai,ua-wget",http[:]//91[.]92[.]40[.]165/bins/dlr[.]arm5,online
"elf,ua-wget",http[:]//176[.]65[.]132[.]103/bins/i686,offline
"elf,ua-wget",http[:]//176[.]65[.]132[.]103/bins/x86,offline
"elf,mirai,ua-wget",http[:]//176[.]65[.]132[.]103/bins/sh4,offline
"elf,mirai,ua-wget",http[:]//176[.]65[.]132[.]103/bins/arm6,offline
"elf,mirai,ua-wget",http[:]//176[.]65[.]132[.]103/bins/arm7,offline
"elf,ua-wget",http[:]//176[.]65[.]132[.]103/bins/mpsl,offline
"elf,mirai,ua-wget",http[:]//2[.]27[.]248[.]149/bins/arm6,online
"elf,mirai,ua-wget",http[:]//31[.]59[.]40[.]122/ppc,offline
"elf,mirai,ua-wget",http[:]//2[.]27[.]248[.]149/bins/arm,online
"elf,mirai,ua-wget",http[:]//31[.]59[.]40[.]122/x86_64,offline
"elf,mirai,ua-wget",http[:]//31[.]59[.]40[.]122/m68k,offline
"elf,mirai,ua-wget",http[:]//160[.]250[.]181[.]123/arm6,offline
"elf,mirai,ua-wget",http[:]//91[.]92[.]40[.]165/bins/dlr[.]mpsl,online
"elf,mirai,ua-wget",http[:]//160[.]250[.]181[.]123/arm4,offline
"elf,mirai,ua-wget",http[:]//2[.]27[.]248[.]149/bins/arm5,online
"elf,mirai,ua-wget",http[:]//2[.]27[.]248[.]149/bins/mips,online
"elf,ua-wget",http[:]//176[.]65[.]132[.]103/bins/x86_64,offline
"elf,mirai,ua-wget",http[:]//176[.]65[.]132[.]103/bins/m68k,offline
"elf,mirai,ua-wget",http[:]//176[.]65[.]132[.]103/bins/arm5,offline
"elf,ua-wget",http[:]//176[.]65[.]132[.]103/bins/spc,offline
"elf,ua-wget",http[:]//2[.]27[.]248[.]149/bins/ppc,online
"elf,ua-wget",http[:]//2[.]27[.]248[.]149/bins/x86_64,online
"elf,mirai,ua-wget",http[:]//2[.]27[.]248[.]149/bins/sh4,online
"elf,mirai,ua-wget",http[:]//31[.]59[.]40[.]122/spc,offline
"elf,mirai,ua-wget",http[:]//91[.]92[.]40[.]165/bins/dlr[.]ppc,online
"elf,mirai,ua-wget",http[:]//91[.]92[.]40[.]165/bins/dlr[.]m68k,online
"elf,mirai,ua-wget",http[:]//91[.]92[.]40[.]165/bins/dlr[.]spc,online
"elf,ua-wget",http[:]//2[.]27[.]248[.]149/bins/x86,online
"elf,ua-wget",http[:]//176[.]65[.]132[.]103/bins/ppc,offline
"elf,mirai,ua-wget",http[:]//31[.]59[.]40[.]122/arm,offline
"elf,mirai,ua-wget",http[:]//160[.]250[.]181[.]123/mips,offline
"elf,mirai,ua-wget",http[:]//160[.]250[.]181[.]123/x86_64,offline
"elf,mirai,ua-wget",http[:]//5[.]175[.]222[.]230/arm,offline
"elf,mirai,ua-wget",http[:]//5[.]175[.]222[.]230/arm7,offline
"elf,mirai,ua-wget",http[:]//160[.]250[.]181[.]123/arm7,offline
"elf,mirai,ua-wget",http[:]//31[.]59[.]40[.]122/mips,offline
"elf,mirai,ua-wget",http[:]//31[.]59[.]40[.]122/arm7,offline
"elf,mirai,ua-wget",http[:]//31[.]59[.]40[.]122/sh4,offline
"elf,mirai,ua-wget",http[:]//31[.]59[.]40[.]122/arm5,offline
"elf,mirai,ua-wget",http[:]//31[.]59[.]40[.]122/x86,offline
"32-bit,arm,elf,mirai,Mozi",http[:]//36[.]69[.]88[.]182[:]41354/bin[.]sh,offline
"malware,pw-8760,stealer",https[:]//executorhub[.]space/Solara[.]zip,offline
"malware,pw-fortnitehack,stealer",https[:]//download2296[.]mediafire[.]com/uk2y6ehlocrgk-Wgx1Lfst0OxHSfaF6lXSKb1OxOhWWbBIJbmmgHPaxnSw3bE1mHQfH2jFdl4mV4V0qbFgJQmj2-3T371R26mMrGg4rAkYKNxEI4NXn-8BM2uDWLbJGcIBlostKoPHOo96LFCZy36G1H5Y-rv-KZ2CN7HwTQ7W0/q1pcfiniu93mzb3/FortniteHack[.]zip,offline
"malware,pw- murderscript,stealer",https[:]//download2292[.]mediafire[.]com/sko69h7rx9hgMcteJMpEpK_0WPxPexjc1f8qrRgYcuDNs9MCHaD5EpmIE-zls9qb7ina3Moh-KyDhF0t1mwNpFEuxJRkX8Hc0laPcXWQtJAQsvupnhB0tobS_9uzVava7ocBqGHuoOG_2LVcCXhkibSqkbfhkhGr8yXUuAzu2OM/gl5lvgixp12jloa/MurderMysteryScript[.]zip,offline
"32-bit,elf,mips,Mozi",http[:]//123[.]12[.]229[.]156[:]58436/bin[.]sh,offline
"32-bit,elf,mips,Mozi",http[:]//115[.]63[.]163[.]117[:]45144/i,offline
"32-bit,elf,mips,Mozi",http[:]//61[.]52[.]185[.]186[:]50792/bin[.]sh,offline
"32-bit,elf,mips,Mozi",http[:]//115[.]63[.]163[.]117[:]45144/bin[.]sh,offline
ClickFix,http[:]//fingerprint-veri[.]info/,offline
"elf,iot,Mozi",http[:]//42[.]229[.]169[.]27[:]32848/Mozi[.]m,offline
ClickFix,https[:]//update-notif[.]com/,offline
"malware,pw-deltaexecutor,stealer",https[:]//download2360[.]mediafire[.]com/p5boz5a1oa1gz8-OL_FPEX2HxF7fMvjvj8EOS1Ii7tQs3FcWq61yO-D00-Td1I-R3bPmDK_RqUBULBzAhbCG9LfXMLyc35dFr3lx14RoPXUCS5YMGdbPPMsfE6BUo7hk643KUu22es-6ulAvM6LmdBn2zTxP1bsJg_-xUujYWUc/gpu44k59uccr9ev/DeltaExecutor[.]zip,offline
"elf,iot",http[:]//23[.]95[.]217[.]226[:]8080/cb/2728a33777,offline
"32-bit,elf,mips,Mozi",http[:]//27[.]37[.]231[.]6[:]40870/i,offline
"32-bit,elf,mips,Mozi",http[:]//222[.]113[.]196[.]55[:]57475/i,offline
"32-bit,elf,mips,Mozi",http[:]//222[.]142[.]254[.]44[:]48515/i,offline
"32-bit,elf,mips,Mozi",http[:]//27[.]37[.]231[.]6[:]40870/bin[.]sh,offline
"32-bit,elf,mips,Mozi",http[:]//222[.]142[.]254[.]44[:]48515/bin[.]sh,offline
"32-bit,arm,elf,mirai,Mozi",http[:]//177[.]36[.]24[.]217[:]58732/i,offline
"32-bit,elf,mips,Mozi",http[:]//118[.]34[.]109[.]121[:]45736/i,offline
"32-bit,elf,mips,Mozi",http[:]//222[.]113[.]196[.]55[:]57475/bin[.]sh,offline
"32-bit,arm,elf,mirai,Mozi",http[:]//177[.]36[.]24[.]217[:]58732/bin[.]sh,offline
"32-bit,elf,mips,Mozi",http[:]//123[.]12[.]229[.]156[:]58436/i,offline
" ACRStealer,ascii,ClickFix,powershell,ps1",https[:]//raw[.]githubusercontent[.]com/34-19-44r/573-45-43cvi/refs/heads/main/AC-BC-FB-E2-30-46,offline
" ACRStealer,ACRStealer,ascii,ClickFix,powershell,ps1",https[:]//raw[.]githubusercontent[.]com/34-19-44r/B8-F6-52-48-95-90203C-B2-29-4A-A9/refs/heads/main/B0-FF-E3-4F-63-6,offline
" ACRStealer,ACRStealer,ascii,ClickFix,powershell,ps1",https[:]//raw[.]githubusercontent[.]com/34-19-44r/B8-F6-52-48-95-90203C-B2-29-4A-A9/refs/heads/main/FC-50-91-D0-A2,offline
" ACRStealer,ACRStealer,ascii,ClickFix,powershell,ps1",https[:]//raw[.]githubusercontent[.]com/34-19-44r/573-45-43cvi/refs/heads/main/F0-5C-43-35-F5-FA,offline
"32-bit,elf,mips,Mozi",http[:]//120[.]84[.]215[.]148[:]43711/i,offline
"ACRStealer,ascii,ClickFix,powershell,ps1",https[:]//cdn[.]jsdelivr[.]net/gh/34-19-44r/B8-F6-52-48-95-90203C-B2-29-4A-A9/B0-FF-E3-4F-63-6,offline
"32-bit,arm,elf,mirai,Mozi",http[:]//58[.]47[.]106[.]225[:]37250/bin[.]sh,offline
"32-bit,elf,mips,Mozi",http[:]//120[.]84[.]215[.]148[:]43711/bin[.]sh,offline
Mozi,http[:]//42[.]224[.]103[.]76[:]59308/i,offline
"32-bit,elf,mips,Mozi",http[:]//45[.]194[.]88[.]27[:]50386/i,offline
"32-bit,elf,mips,Mozi",http[:]//117[.]211[.]213[.]219[:]47935/i,offline
"32-bit,elf,mips,Mozi",http[:]//61[.]137[.]203[.]189[:]34496/i,online
Mozi,http[:]//42[.]224[.]103[.]76[:]59308/bin[.]sh,offline
"32-bit,elf,mips,Mozi",http[:]//61[.]53[.]236[.]111[:]41505/i,offline
"32-bit,arm,elf,mirai,Mozi",http[:]//196[.]191[.]104[.]3[:]52981/i,offline
"32-bit,arm,elf,mirai,Mozi",http[:]//222[.]127[.]68[.]176[:]44935/i,offline
"32-bit,elf,mips,Mozi",http[:]//45[.]194[.]88[.]27[:]50386/bin[.]sh,offline
"32-bit,elf,mips,Mozi",http[:]//222[.]137[.]94[.]15[:]51257/i,offline
"32-bit,arm,elf,mirai,Mozi",http[:]//222[.]127[.]68[.]176[:]44935/bin[.]sh,offline
"32-bit,elf,mips,Mozi",http[:]//117[.]211[.]213[.]219[:]47935/bin[.]sh,offline
"32-bit,arm,elf,mirai,Mozi",http[:]//196[.]191[.]104[.]3[:]52981/bin[.]sh,offline
"32-bit,elf,mips,Mozi",http[:]//61[.]53[.]236[.]111[:]41505/bin[.]sh,offline
"32-bit,elf,mips,Mozi",http[:]//115[.]49[.]77[.]79[:]59009/bin[.]sh,offline
"32-bit,elf,mips,Mozi",http[:]//182[.]127[.]109[.]49[:]47116/i,offline
"32-bit,elf,mips,Mozi",http[:]//182[.]127[.]109[.]49[:]47116/bin[.]sh,offline
"32-bit,elf,mips,Mozi",http[:]//78[.]38[.]19[.]88[:]43511/i,offline
"32-bit,elf,mips,Mozi",http[:]//222[.]138[.]148[.]176[:]40711/bin[.]sh,offline
Mozi,http[:]//42[.]225[.]242[.]204[:]54414/i,offline
,http[:]//60[.]23[.]235[.]199[:]47556/bin[.]sh,offline
,http[:]//31[.]4[.]254[.]241[:]45840/i,offline
,http[:]//27[.]44[.]145[.]122[:]33778/i,offline
mirai,http[:]//36[.]69[.]88[.]182[:]41354/i,offline
,http[:]//42[.]5[.]227[.]122[:]42403/bin[.]sh,offline
Mozi,http[:]//222[.]137[.]211[.]198[:]35853/i,offline
,http[:]//60[.]18[.]107[.]176[:]41472/i,offline
,http[:]//60[.]18[.]107[.]176[:]41472/bin[.]sh,offline
Mozi,http[:]//61[.]52[.]158[.]223[:]45471/i,offline
Mozi,http[:]//42[.]233[.]107[.]58[:]35826/i,offline
Mozi,http[:]//58[.]214[.]85[.]246[:]46356/i,offline
,http[:]//42[.]178[.]170[.]94[:]38010/bin[.]sh,online
mirai,http[:]//83[.]233[.]56[.]26[:]42116/i,offline
Mozi,http[:]//61[.]136[.]87[.]100[:]41068/i,offline
,http[:]//60[.]23[.]235[.]104[:]51579/i,offline
,http[:]//42[.]58[.]171[.]35[:]34835/bin[.]sh,offline
Mozi,http[:]//222[.]141[.]25[.]54[:]53885/i,offline
,http[:]//60[.]23[.]233[.]250[:]58238/i,offline
Mozi,http[:]//42[.]239[.]188[.]251[:]55643/i,offline
Mozi,http[:]//222[.]141[.]25[.]54[:]53885/bin[.]sh,offline
,http[:]//42[.]178[.]170[.]94[:]38010/i,online
mirai,http[:]//45[.]165[.]186[.]80[:]33904/i,offline
,http[:]//42[.]6[.]89[.]229[:]44269/i,offline
mirai,http[:]//45[.]165[.]186[.]80[:]33904/bin[.]sh,offline
,http[:]//222[.]137[.]121[.]191[:]37176/i,offline
Mozi,http[:]//61[.]52[.]158[.]223[:]45471/bin[.]sh,offline
,http[:]//60[.]18[.]105[.]200[:]33915/bin[.]sh,offline
Mozi,http[:]//42[.]226[.]88[.]19[:]60275/bin[.]sh,offline
,http[:]//60[.]18[.]105[.]200[:]33915/i,offline
Mozi,http[:]//42[.]226[.]88[.]19[:]60275/i,offline
mirai,http[:]//94[.]244[.]36[.]34[:]46285/i,online
Mozi,http[:]//222[.]139[.]94[.]14[:]58889/i,offline
,http[:]//79[.]165[.]94[.]220[:]42598/i,online
,http[:]//45[.]148[.]148[.]89[:]40845/i,online
Mozi,http[:]//42[.]230[.]158[.]136[:]48646/bin[.]sh,offline
Mozi,http[:]//123[.]9[.]53[.]1[:]49767/i,offline
Mozi,http[:]//153[.]117[.]53[.]24[:]37838/bin[.]sh,offline
,http[:]//163[.]142[.]93[.]57[:]36109/i,offline
Mozi,http[:]//153[.]117[.]53[.]24[:]37838/i,offline
,http[:]//175[.]165[.]86[.]159[:]46288/i,offline
mirai,http[:]//115[.]202[.]109[.]101[:]51312/bin[.]sh,offline
,http[:]//221[.]203[.]207[.]216[:]41228/i,offline
,http[:]//120[.]84[.]213[.]217[:]36304/i,offline
Mozi,http[:]//2[.]187[.]249[.]41[:]36793/i,offline
,http[:]//113[.]229[.]227[.]60[:]37911/i,offline
mirai,http[:]//171[.]83[.]125[.]216[:]50811/i,offline
,http[:]//221[.]203[.]207[.]216[:]41228/bin[.]sh,offline
mirai,http[:]//110[.]138[.]191[.]6[:]36949/i,offline
,http[:]//175[.]166[.]113[.]218[:]51776/bin[.]sh,offline
Mozi,http[:]//103[.]31[.]103[.]204[:]59784/i,offline
mirai,http[:]//101[.]108[.]149[.]184[:]34196/i,offline
Mozi,http[:]//182[.]126[.]94[.]135[:]33278/bin[.]sh,offline
Mozi,http[:]//103[.]31[.]103[.]204[:]59784/bin[.]sh,offline
Mozi,http[:]//219[.]157[.]222[.]141[:]34843/i,offline
,http[:]//220[.]192[.]234[.]220[:]43891/bin[.]sh,offline
Mozi,http[:]//219[.]157[.]222[.]141[:]34843/bin[.]sh,offline
,http[:]//175[.]175[.]36[.]210[:]38792/i,offline
mirai,http[:]//112[.]198[.]193[.]5[:]58691/i,offline
,http[:]//154[.]23[.]75[.]187[:]39523/bin[.]sh,offline
,http[:]//119[.]116[.]34[.]202[:]39992/i,offline
,http[:]//163[.]142[.]85[.]146[:]55205/bin[.]sh,offline
Mozi,http[:]//115[.]50[.]231[.]228[:]55698/bin[.]sh,offline
,http[:]//219[.]155[.]203[.]93[:]50456/bin[.]sh,offline
Mozi,http[:]//125[.]44[.]214[.]194[:]36627/bin[.]sh,offline
,http[:]//219[.]157[.]140[.]92[:]45094/bin[.]sh,offline
,http[:]//113[.]237[.]242[.]160[:]56542/i,offline
,http[:]//38[.]226[.]161[.]86[:]40739/bin[.]sh,offline
,http[:]//105[.]224[.]80[.]24[:]41215/bin[.]sh,offline
mirai,http[:]//110[.]186[.]231[.]225[:]56692/bin[.]sh,offline
mirai,http[:]//170[.]84[.]132[.]250[:]60701/bin[.]sh,offline
,http[:]//108[.]170[.]136[.]155[:]45723/bin[.]sh,offline
mirai,http[:]//162[.]255[.]251[.]91[:]43569/bin[.]sh,offline
,http[:]//175[.]166[.]113[.]218[:]51776/i,offline
Mozi,http[:]//115[.]62[.]145[.]186[:]57183/i,offline
Mozi,http[:]//182[.]126[.]94[.]135[:]33278/i,offline
,http[:]//115[.]49[.]64[.]222[:]32824/i,offline
Mozi,http[:]//115[.]50[.]231[.]228[:]55698/i,offline
Mozi,http[:]//123[.]5[.]158[.]167[:]38491/i,offline
Mozi,http[:]//202[.]166[.]165[.]60[:]38399/bin[.]sh,offline
,http[:]//38[.]226[.]161[.]86[:]40739/i,offline
,http[:]//221[.]200[.]213[.]226[:]58937/bin[.]sh,offline
,http[:]//116[.]139[.]184[.]55[:]43235/i,offline
Mozi,http[:]//202[.]166[.]165[.]60[:]38399/i,offline
,http[:]//115[.]49[.]77[.]79[:]59009/i,offline
,http[:]//175[.]175[.]36[.]210[:]38792/bin[.]sh,offline
mirai,http[:]//187[.]142[.]145[.]137[:]45460/i,offline
Mozi,http[:]//219[.]156[.]17[.]107[:]55051/i,offline
mirai,http[:]//101[.]108[.]149[.]184[:]34196/bin[.]sh,offline
Mozi,http[:]//219[.]156[.]17[.]107[:]55051/bin[.]sh,offline
mirai,http[:]//180[.]252[.]133[.]128[:]35737/i,offline
,http[:]//113[.]230[.]20[.]133[:]44057/i,offline
,http[:]//113[.]229[.]227[.]60[:]37911/bin[.]sh,offline
Mozi,http[:]//103[.]179[.]240[.]227[:]40301/i,offline
,http[:]//175[.]165[.]85[.]14[:]47378/i,offline
,http[:]//220[.]192[.]234[.]220[:]43891/i,offline
mirai,http[:]//180[.]252[.]133[.]128[:]35737/bin[.]sh,offline
mirai,http[:]//110[.]138[.]191[.]6[:]36949/bin[.]sh,offline
mirai,http[:]//103[.]89[.]37[.]70[:]35393/bin[.]sh,offline
Mozi,http[:]//221[.]14[.]41[.]222[:]53006/i,offline
,http[:]//27[.]215[.]121[.]8[:]48380/i,online
,http[:]//113[.]229[.]49[.]154[:]35897/bin[.]sh,offline
Mozi,http[:]//115[.]55[.]58[.]156[:]37955/i,offline
Mozi,http[:]//115[.]56[.]153[.]28[:]57736/bin[.]sh,offline
,http[:]//123[.]189[.]159[.]119[:]44672/bin[.]sh,offline
mirai,http[:]//221[.]201[.]1[.]65[:]46018/bin[.]sh,offline
mirai,http[:]//122[.]241[.]141[.]159[:]37221/i,offline
,http[:]//113[.]239[.]253[.]191[:]50506/i,offline
Mozi,http[:]//123[.]5[.]158[.]167[:]38491/bin[.]sh,offline
Mozi,http[:]//125[.]45[.]10[.]139[:]43320/bin[.]sh,offline
,http[:]//175[.]167[.]65[.]19[:]39578/bin[.]sh,offline
mirai,http[:]//122[.]241[.]141[.]159[:]37221/bin[.]sh,offline
,http[:]//123[.]189[.]159[.]119[:]44672/i,offline
mirai,http[:]//221[.]201[.]1[.]65[:]46018/i,offline
,http[:]//175[.]165[.]84[.]96[:]49680/i,offline
,http[:]//123[.]190[.]231[.]38[:]52108/i,offline
mirai,http[:]//115[.]202[.]109[.]101[:]51312/i,offline
,http[:]//175[.]148[.]154[.]92[:]36918/i,offline
,http[:]//176[.]65[.]148[.]190/syst[.]sh,offline
Mozi,http[:]//115[.]63[.]54[.]3[:]52478/bin[.]sh,offline
Mozi,http[:]//182[.]126[.]127[.]44[:]47450/i,offline
Mozi,http[:]//182[.]126[.]127[.]44[:]47450/bin[.]sh,offline
Mozi,http[:]//117[.]102[.]208[.]80[:]47693/i,online
mirai,http[:]//216[.]28[.]193[.]210[:]47066/i,offline
,http[:]//175[.]165[.]87[.]111[:]32851/i,offline
Mozi,http[:]//115[.]63[.]54[.]3[:]52478/i,offline
Mozi,http[:]//125[.]45[.]10[.]139[:]43320/i,offline
mirai,http[:]//105[.]186[.]237[.]172[:]44769/i,offline
Mozi,http[:]//119[.]183[.]7[.]193[:]58069/i,offline
mirai,http[:]//101[.]108[.]15[.]52[:]44386/i,offline
Mozi,http[:]//182[.]117[.]69[.]133[:]43031/i,offline
mirai,http[:]//115[.]206[.]191[.]69[:]58343/i,offline
mirai,http[:]//189[.]127[.]169[.]20[:]42208/bin[.]sh,offline
Mozi,http[:]//182[.]113[.]41[.]227[:]44538/bin[.]sh,offline
mirai,http[:]//112[.]198[.]193[.]5[:]58691/bin[.]sh,offline
,http[:]//113[.]229[.]120[.]108[:]55036/i,offline
mirai,http[:]//162[.]255[.]251[.]91[:]43569/i,offline
,http[:]//175[.]147[.]157[.]68[:]52097/bin[.]sh,offline
"32-bit,elf,mips,Mozi",http[:]//182[.]117[.]1[.]135[:]54484/i,offline
mirai,http[:]//183[.]23[.]140[.]4[:]54790/bin[.]sh,offline
Mozi,http[:]//125[.]44[.]214[.]194[:]36627/i,offline
mirai,http[:]//183[.]23[.]140[.]4[:]54790/i,offline
Mozi,http[:]//115[.]56[.]153[.]28[:]57736/i,offline
,http[:]//113[.]229[.]49[.]154[:]35897/i,offline
mirai,http[:]//171[.]83[.]125[.]216[:]50811/bin[.]sh,offline
Mozi,http[:]//182[.]127[.]71[.]87[:]44312/i,offline
,http[:]//163[.]142[.]93[.]214[:]42447/bin[.]sh,offline
Mozi,http[:]//117[.]102[.]208[.]80[:]47693/bin[.]sh,online
Mozi,http[:]//221[.]14[.]175[.]43[:]60014/bin[.]sh,offline
,http[:]//210[.]97[.]100[.]192[:]49181/i,offline
,http[:]//113[.]229[.]95[.]172[:]43529/bin[.]sh,offline
,http[:]//42[.]224[.]194[.]230[:]51692/Mozi[.]m,offline
,http[:]//42[.]4[.]207[.]14[:]48594/i,offline
,http[:]//103[.]120[.]63[.]69[:]48576/i,offline
mirai,http[:]//164[.]163[.]25[.]149[:]33177/bin[.]sh,offline
Mozi,http[:]//207[.]34[.]149[.]169[:]34385/Mozi[.]m,offline
mirai,http[:]//164[.]163[.]25[.]149[:]33177/i,offline
,http[:]//125[.]46[.]239[.]180[:]43013/bin[.]sh,offline
,http[:]//125[.]46[.]239[.]180[:]43013/i,offline
,http[:]//196[.]190[.]105[.]170[:]49217/i,offline
,http[:]//103[.]203[.]210[.]102[:]57562/bin[.]sh,offline
,http[:]//178[.]132[.]198[.]200/zombie_scanner[.]sh,offline
,http[:]//101[.]59[.]79[.]119[:]40390/bin[.]sh,offline
"32-bit,arm,elf,mirai,Mozi",http[:]//113[.]221[.]25[.]8[:]37532/i,offline
"32-bit,arm,elf,mirai,Mozi",http[:]//113[.]221[.]25[.]8[:]37532/bin[.]sh,offline
Mozi,http[:]//27[.]215[.]177[.]183[:]48821/i,offline
"32-bit,elf,mips,Mozi",http[:]//182[.]117[.]1[.]135[:]54484/bin[.]sh,offline
,https[:]//authshipup[.]net/get_verify?i=5943&m=1,offline
,https[:]//ndigitals[.]in/vcapcha[.]ps1,offline
"32-bit,arm,elf,mirai,Mozi",http[:]//164[.]163[.]26[.]124[:]52652/i,offline
"32-bit,elf,mips,Mozi",http[:]//61[.]54[.]240[.]99[:]38293/i,offline
"32-bit,elf,mips,Mozi",http[:]//123[.]14[.]219[.]208[:]57498/i,offline
"32-bit,arm,elf,mirai,Mozi",http[:]//164[.]163[.]26[.]124[:]52652/bin[.]sh,offline
"32-bit,elf,mips,Mozi",http[:]//123[.]14[.]219[.]208[:]57498/bin[.]sh,offline
"32-bit,elf,mips,Mozi",http[:]//61[.]54[.]240[.]99[:]38293/bin[.]sh,offline
"32-bit,elf,mips,Mozi",http[:]//61[.]53[.]148[.]76[:]59608/bin[.]sh,offline
"32-bit,elf,mips,Mozi",http[:]//222[.]142[.]240[.]190[:]48759/bin[.]sh,offline
"32-bit,elf,mips,Mozi",http[:]//222[.]142[.]240[.]190[:]48759/i,offline
"32-bit,elf,mips,Mozi",http[:]//115[.]48[.]144[.]30[:]55260/i,offline
"32-bit,arm,elf,mirai,Mozi",http[:]//103[.]125[.]31[.]101[:]42943/i,offline
"32-bit,elf,mips,Mozi",http[:]//61[.]52[.]185[.]186[:]50792/i,offline
"32-bit,arm,elf,mirai,Mozi",http[:]//105[.]184[.]25[.]143[:]33095/i,offline
"32-bit,elf,mips,Mozi",http[:]//124[.]95[.]8[.]174[:]38161/i,offline
"32-bit,arm,elf,mirai,Mozi",http[:]//39[.]70[.]74[.]23[:]34077/i,offline
"32-bit,elf,mips,Mozi",http[:]//182[.]119[.]93[.]212[:]42539/i,offline
Mozi,http[:]//115[.]50[.]189[.]22[:]32865/i,offline
"32-bit,arm,elf,mirai,Mozi",http[:]//103[.]125[.]31[.]101[:]42943/bin[.]sh,offline
"32-bit,elf,mips,Mozi",http[:]//115[.]48[.]144[.]30[:]55260/bin[.]sh,offline
"32-bit,arm,elf,mirai,Mozi",http[:]//82[.]54[.]109[.]235[:]43805/i,offline
Mozi,http[:]//61[.]53[.]122[.]201[:]53785/bin[.]sh,offline
Mozi,http[:]//61[.]53[.]122[.]201[:]53785/i,offline
"32-bit,elf,mips,Mozi",http[:]//182[.]119[.]93[.]212[:]42539/bin[.]sh,offline
Mozi,http[:]//42[.]230[.]158[.]136[:]48646/i,offline
"elf,iot",http[:]//160[.]250[.]181[.]123/a7m2qx[.]sh,offline
"elf,iot",http[:]//160[.]250[.]181[.]123/c8r3nv[.]sh,offline
"elf,iot",http[:]//160[.]250[.]181[.]123/b4k9zp[.]sh,offline
fakemas,https[:]//get[.]acttivated[.]win/Update[.]zip,offline
"32-bit,elf,mips,Mozi",http[:]//221[.]14[.]175[.]43[:]60014/i,offline
"32-bit,arm,elf,mirai,Mozi",http[:]//82[.]54[.]109[.]235[:]43805/bin[.]sh,offline
"32-bit,elf,mips,Mozi",http[:]//182[.]117[.]78[.]168[:]52386/i,offline
"32-bit,elf,mips,Mozi",http[:]//182[.]113[.]36[.]149[:]40248/i,offline
Mozi,http[:]//182[.]112[.]30[.]130[:]38633/i,offline
"32-bit,elf,mips,Mozi",http[:]//182[.]117[.]69[.]133[:]43031/bin[.]sh,offline
"32-bit,elf,mips,Mozi",http[:]//182[.]117[.]78[.]168[:]52386/bin[.]sh,offline
"32-bit,arm,elf,mirai,Mozi",http[:]//180[.]190[.]186[.]97[:]37478/bin[.]sh,offline
"32-bit,elf,mips,Mozi",http[:]//116[.]139[.]184[.]55[:]43235/bin[.]sh,offline
"32-bit,arm,elf,mirai,Mozi",http[:]//105[.]224[.]80[.]24[:]41215/i,offline
Mozi,http[:]//221[.]15[.]6[.]192[:]42265/i,offline
"32-bit,arm,elf,mirai,Mozi",http[:]//109[.]108[.]56[.]174[:]46725/i,offline
Mozi,http[:]//221[.]15[.]6[.]192[:]42265/bin[.]sh,offline
"32-bit,elf,mips,Mozi",http[:]//222[.]141[.]43[.]100[:]40161/i,offline
"32-bit,elf,mirai,x86-32",http[:]//217[.]60[.]195[.]239/x86,offline
"32-bit,elf,mips,Mozi",http[:]//125[.]47[.]85[.]91[:]34593/i,offline
"32-bit,elf,mips,Mozi",http[:]//125[.]47[.]85[.]91[:]34593/bin[.]sh,offline
"32-bit,elf,mips,Mozi",http[:]//222[.]138[.]148[.]176[:]40711/i,offline
"32-bit,elf,mips,Mozi",http[:]//115[.]52[.]19[.]190[:]49275/i,offline
"32-bit,elf,mips,Mozi",http[:]//175[.]147[.]228[.]92[:]37066/bin[.]sh,offline
"32-bit,elf,mips,Mozi",http[:]//60[.]23[.]239[.]198[:]48905/i,offline
"32-bit,arm,elf,mirai,Mozi",http[:]//36[.]70[.]139[.]124[:]57627/bin[.]sh,offline
"32-bit,arm,elf,mirai,Mozi",http[:]//110[.]186[.]231[.]225[:]56692/i,offline
"32-bit,elf,mips,Mozi",http[:]//115[.]52[.]19[.]190[:]49275/bin[.]sh,offline
"32-bit,elf,mips,Mozi",http[:]//60[.]23[.]239[.]198[:]48905/bin[.]sh,offline
"32-bit,elf,mips,Mozi",http[:]//96[.]245[.]232[.]114[:]44492/i,offline
"32-bit,elf,mips,Mozi",http[:]//42[.]233[.]148[.]207[:]41269/i,offline
Mozi,http[:]//37[.]52[.]190[.]24[:]39735/i,offline
"32-bit,elf,mips,Mozi",http[:]//24[.]54[.]87[.]138[:]60006/i,offline
"32-bit,arm,elf,mirai,Mozi",http[:]//170[.]238[.]123[.]241[:]35713/i,offline
"32-bit,elf,mips,Mozi",http[:]//182[.]114[.]33[.]187[:]37912/i,offline
"32-bit,elf,mips,Mozi",http[:]//115[.]51[.]84[.]74[:]57484/i,offline
"32-bit,arm,elf,mirai,Mozi",http[:]//170[.]238[.]123[.]241[:]35713/bin[.]sh,offline
"32-bit,elf,mips,Mozi",http[:]//24[.]54[.]87[.]138[:]60006/bin[.]sh,offline
"32-bit,elf,mips,Mozi",http[:]//115[.]51[.]84[.]74[:]57484/bin[.]sh,offline
mirai,http[:]//189[.]127[.]169[.]20[:]42208/i,offline
"32-bit,elf,mips,Mozi",http[:]//42[.]239[.]240[.]192[:]42451/i,offline
Mozi,http[:]//115[.]52[.]34[.]140[:]48083/i,offline
"32-bit,elf,mips,Mozi",http[:]//61[.]53[.]135[.]58[:]37876/i,offline
"32-bit,arm,elf,mirai,Mozi",http[:]//105[.]184[.]220[.]185[:]55095/bin[.]sh,offline
Mozi,http[:]//115[.]52[.]34[.]140[:]48083/bin[.]sh,offline
"32-bit,arm,elf,mirai,Mozi",http[:]//103[.]249[.]199[.]5[:]56256/i,offline
,http[:]//5[.]42[.]2[.]31[:]35796/i,offline
"32-bit,elf,mips,Mozi",http[:]//42[.]239[.]240[.]192[:]42451/bin[.]sh,offline
,http[:]//5[.]42[.]2[.]31[:]35796/bin[.]sh,offline
"32-bit,arm,elf,mirai,Mozi",http[:]//101[.]108[.]9[.]4[:]45355/i,offline
"32-bit,arm,elf,mirai,Mozi",http[:]//103[.]249[.]199[.]5[:]56256/bin[.]sh,offline
"32-bit,elf,mips,Mozi",http[:]//219[.]154[.]175[.]10[:]45629/i,offline
"32-bit,elf,mips,Mozi",http[:]//182[.]121[.]59[.]52[:]33634/i,offline
"32-bit,arm,elf,mirai,Mozi",http[:]//101[.]108[.]9[.]4[:]45355/bin[.]sh,offline
"32-bit,arm,elf,mirai,Mozi",http[:]//114[.]239[.]63[.]214[:]39292/bin[.]sh,offline
mirai,http[:]//112[.]198[.]186[.]190[:]35757/i,offline
"dropped-by-Stealc,Stealc,YT",https[:]//www[.]dropbox[.]com/scl/fi/0uo36mnwpsr3pkimq0tbw/installer[.]exe?rlkey=y809n84pzpul9hs33ihya6qcj&st=gy1s1dqs&dl=1,offline
"DDoSAgent,elf",http[:]//64[.]89[.]160[.]197/bot_client_mipsle,online
elf,http[:]//64[.]89[.]160[.]197/bot[.]b64,online
"DDoSAgent,elf",http[:]//64[.]89[.]160[.]197/bot_client_mips,online
elf,http[:]//64[.]89[.]160[.]197/bot_client_mips64le[.]b64,online
elf,http[:]//64[.]89[.]160[.]197/bot_client_mips[.]b64,online
"DDoSAgent,elf",http[:]//64[.]89[.]160[.]197/bot_client_mips64,online
"DDoSAgent,elf",http[:]//64[.]89[.]160[.]197/bot_client_x86_64,online
elf,http[:]//64[.]89[.]160[.]197/bot_client_arm,online
"DDoSAgent,elf",http[:]//64[.]89[.]160[.]197/bot_client_mips64le,online
elf,http[:]//64[.]89[.]160[.]197/bot_client_arm64[.]b64,online
elf,http[:]//64[.]89[.]160[.]197/bot_client_arm[.]b64,online
elf,http[:]//64[.]89[.]160[.]197/bot_client_mipsle[.]b64,online
elf,http[:]//64[.]89[.]160[.]197/bot_client_mips64[.]b64,online
elf,http[:]//64[.]89[.]160[.]197/bot_client_arm64,online
"DDoSAgent,elf",http[:]//64[.]89[.]160[.]197/bot_client_amd64,online
elf,http[:]//64[.]89[.]160[.]197/bot_client_amd64[.]b64,online
mirai,http[:]//112[.]198[.]186[.]190[:]35757/bin[.]sh,offline
"32-bit,elf,mips,Mozi",http[:]//175[.]165[.]80[.]115[:]37534/i,offline
"32-bit,arm,elf,mirai,Mozi",http[:]//105[.]184[.]158[.]225[:]60461/i,offline
"elf,redtail",https[:]//217[.]60[.]103[.]56/riscv,online
"elf,Prometei",https[:]//217[.]60[.]103[.]56/arm7,online
"32-bit,elf,mips,Mozi",http[:]//175[.]165[.]80[.]115[:]37534/bin[.]sh,offline
"elf,iot,mirai",http[:]//191[.]44[.]114[.]109[:]889/agustin51,offline
"elf,Prometei",https[:]//217[.]60[.]103[.]56/x86_64,online
"elf,Prometei",https[:]//217[.]60[.]103[.]56/i686,online
"32-bit,elf,mips,Mozi",http[:]//60[.]23[.]233[.]29[:]57340/i,offline
"32-bit,elf,mips,Mozi",http[:]//88[.]246[.]126[.]132[:]34502/i,offline
,http[:]//124[.]94[.]203[.]196[:]34272/i,offline
"32-bit,elf,mips,Mozi",http[:]//42[.]230[.]29[.]94[:]38010/i,offline
"32-bit,elf,mips,Mozi",http[:]//27[.]207[.]229[.]137[:]52064/i,offline
"32-bit,elf,mips,Mozi",http[:]//88[.]246[.]126[.]132[:]34502/bin[.]sh,offline
"32-bit,elf,mips,Mozi",http[:]//123[.]129[.]155[.]156[:]59122/bin[.]sh,offline
"32-bit,arm,elf,mirai,Mozi",http[:]//36[.]70[.]227[.]160[:]36428/i,offline
"32-bit,arm,elf,mirai,Mozi",http[:]//115[.]61[.]98[.]163[:]57147/i,offline
"32-bit,arm,elf,mirai,Mozi",http[:]//36[.]70[.]227[.]160[:]36428/bin[.]sh,offline
"32-bit,arm,elf,mirai,Mozi",http[:]//112[.]198[.]130[.]140[:]41517/i,offline
"32-bit,arm,elf,mirai,Mozi",http[:]//222[.]127[.]226[.]53[:]46402/bin[.]sh,offline
"32-bit,elf,mips,Mozi",http[:]//182[.]119[.]34[.]187[:]44169/i,offline
"32-bit,arm,elf,mirai,Mozi",http[:]//115[.]61[.]98[.]163[:]57147/bin[.]sh,offline
"32-bit,elf,mips,Mozi",http[:]//182[.]119[.]34[.]187[:]44169/bin[.]sh,offline
"32-bit,arm,elf,mirai,Mozi",http[:]//222[.]127[.]226[.]53[:]46402/i,offline
"32-bit,arm,elf,mirai,Mozi",http[:]//112[.]198[.]130[.]140[:]41517/bin[.]sh,offline
"32-bit,elf,mips,Mozi",http[:]//42[.]228[.]46[.]146[:]57875/i,offline
"32-bit,elf,mips,Mozi",http[:]//42[.]228[.]46[.]146[:]57875/bin[.]sh,offline
"32-bit,elf,mips,Mozi",http[:]//123[.]5[.]170[.]123[:]50118/bin[.]sh,offline
"32-bit,elf,mips,Mozi",http[:]//182[.]121[.]208[.]126[:]35249/i,offline
"32-bit,elf,mips,Mozi",http[:]//42[.]231[.]94[.]42[:]40345/bin[.]sh,offline
"32-bit,arm,elf,mirai,Mozi",http[:]//170[.]238[.]123[.]134[:]43985/i,offline
"32-bit,arm,elf,mirai,Mozi",http[:]//105[.]186[.]82[.]24[:]36965/i,offline
"32-bit,elf,mips,Mozi",http[:]//182[.]121[.]208[.]126[:]35249/bin[.]sh,offline
"CryptoMiner,elf,Gitea,monero,randomx,RCE,xmrig",http[:]//79[.]137[.]203[.]132/2,offline
"CryptoMiner,elf,Gitea,monero,randomx,RCE,xmrig",http[:]//79[.]137[.]203[.]132/3,offline
,https[:]//true-soft[.]su/powershell/Loader[.]ps1,offline
"32-bit,elf,mips,Mozi",http[:]//115[.]57[.]215[.]108[:]52134/i,offline
"32-bit,elf,mips,Mozi",http[:]//115[.]57[.]215[.]108[:]52134/bin[.]sh,offline
"32-bit,elf,mips,Mozi",http[:]//125[.]41[.]180[.]174[:]60473/i,offline
"32-bit,elf,mips,Mozi",http[:]//125[.]41[.]180[.]174[:]60473/bin[.]sh,offline
"32-bit,elf,mips,Mozi",http[:]//222[.]142[.]241[.]107[:]48515/bin[.]sh,offline
"32-bit,elf,mips,Mozi",http[:]//61[.]53[.]148[.]76[:]59608/i,offline
"32-bit,elf,mips,Mozi",http[:]//219[.]155[.]203[.]93[:]50456/i,offline
script,http[:]//120[.]193[.]219[.]210[:]800/wget[.]sh,online
"32-bit,elf,mips,Mozi",http[:]//115[.]56[.]167[.]9[:]51655/bin[.]sh,offline
Arechclient2,https[:]//pub-e10d56052d2542d0b2f74abed3691951[.]r2[.]dev/eurebu[.]zip,offline
"32-bit,elf,mips,Mozi",http[:]//113[.]238[.]219[.]180[:]47690/i,offline
"32-bit,elf,mips,Mozi",http[:]//85[.]30[.]180[.]220[:]52394/i,online
"32-bit,elf,mips,Mozi",http[:]//85[.]30[.]180[.]220[:]52394/bin[.]sh,online
"32-bit,elf,mips,Mozi",http[:]//61[.]137[.]192[.]112[:]51410/bin[.]sh,offline
"c2-monitor-auto,dropped-by-amadey",http[:]//91[.]92[.]242[.]236/files-129312398/files/file_d72e9de9c5f48e88[.]ps1,offline
"54e64e,dropped-by-amadey",http[:]//91[.]92[.]242[.]236/files-129312398/files/file_ddc6c6aa8ace95a7[.]ps1,online
"32-bit,elf,mips,Mozi",http[:]//59[.]96[.]140[.]97[:]54883/i,offline
"32-bit,arm,elf,mirai,Mozi",http[:]//196[.]191[.]104[.]3[:]37787/bin[.]sh,offline
"32-bit,elf,mips,Mozi",http[:]//182[.]116[.]14[.]197[:]47791/i,offline
"32-bit,elf,mips,Mozi",http[:]//59[.]96[.]140[.]97[:]54883/bin[.]sh,offline
"32-bit,elf,mips,Mozi",http[:]//42[.]232[.]80[.]6[:]34556/bin[.]sh,offline
"32-bit,elf,mips,Mozi",http[:]//182[.]116[.]14[.]197[:]47791/bin[.]sh,offline
"d52f85,dropped-by-amadey",http[:]//62[.]60[.]226[.]140/files/7299809293/yTjGAos[.]exe,offline
Mozi,http[:]//123[.]5[.]135[.]197[:]52455/i,offline
Mozi,http[:]//123[.]5[.]135[.]197[:]52455/bin[.]sh,offline
"32-bit,elf,mips,Mozi",http[:]//42[.]180[.]12[.]27[:]48431/bin[.]sh,offline
"32-bit,elf,mips,Mozi",http[:]//115[.]55[.]252[.]103[:]34071/i,offline
mirai,http[:]//196[.]191[.]137[.]44[:]34996/i,offline
"32-bit,elf,mips,Mozi",http[:]//103[.]19[.]49[.]134[:]39231/i,offline
"32-bit,elf,mips,Mozi",http[:]//115[.]55[.]252[.]103[:]34071/bin[.]sh,offline
mirai,http[:]//196[.]191[.]137[.]44[:]34996/bin[.]sh,offline
mirai,http[:]//42[.]242[.]42[.]226[:]53890/i,offline
,http[:]//42[.]55[.]51[.]96[:]57019/i,online
,http[:]//61[.]137[.]153[.]247[:]41208/i,offline
,http[:]//42[.]6[.]60[.]211[:]40465/i,online
Mozi,http[:]//42[.]234[.]154[.]16[:]40508/bin[.]sh,offline
,http[:]//58[.]209[.]44[.]30[:]3588/bin[.]sh,offline
Mozi,http[:]//42[.]224[.]126[.]73[:]56498/i,offline
,http[:]//58[.]209[.]44[.]30[:]3588/i,offline
Mozi,http[:]//61[.]144[.]102[.]27[:]55558/bin[.]sh,offline
Mozi,http[:]//61[.]144[.]102[.]27[:]55558/i,offline
Mozi,http[:]//42[.]232[.]230[.]251[:]48418/i,offline
Mozi,http[:]//61[.]52[.]55[.]252[:]43543/i,offline
Mozi,http[:]//61[.]53[.]149[.]8[:]57261/bin[.]sh,offline
,http[:]//42[.]56[.]212[.]192[:]55031/bin[.]sh,offline
Mozi,http[:]//42[.]234[.]154[.]16[:]40508/i,offline
,http[:]//42[.]5[.]11[.]232[:]38296/i,offline
,http[:]//60[.]22[.]29[.]3[:]38776/bin[.]sh,offline
,http[:]//60[.]22[.]195[.]130[:]60411/bin[.]sh,offline
Mozi,http[:]//61[.]52[.]55[.]252[:]43543/bin[.]sh,offline
Mozi,http[:]//85[.]105[.]125[.]15[:]58045/i,online
Mozi,http[:]//85[.]105[.]125[.]15[:]58045/bin[.]sh,online
Mozi,http[:]//182[.]112[.]30[.]247[:]58056/i,offline
mirai,http[:]//85[.]185[.]55[.]80[:]56593/i,offline
,http[:]//42[.]239[.]191[.]101[:]39585/i,offline
,http[:]//42[.]53[.]21[.]9[:]37031/bin[.]sh,offline
Mozi,http[:]//123[.]14[.]90[.]5[:]47055/bin[.]sh,offline
Mozi,http[:]//72[.]255[.]30[.]244[:]48281/i,offline
,http[:]//42[.]55[.]227[.]16[:]40437/bin[.]sh,offline
,http[:]//60[.]22[.]9[.]159[:]45156/bin[.]sh,offline
,http[:]//42[.]87[.]160[.]133[:]35892/bin[.]sh,offline
,http[:]//42[.]239[.]191[.]101[:]39585/bin[.]sh,offline
,http[:]//85[.]12[.]204[.]206[:]41795/Mozi[.]m,online
mirai,http[:]//82[.]144[.]86[.]37[:]47425/bin[.]sh,offline
,http[:]//182[.]117[.]1[.]200[:]56841/i,offline
mirai,http[:]//222[.]127[.]214[.]87[:]43276/bin[.]sh,online
,http[:]//123[.]11[.]14[.]145[:]57345/i,offline
Mozi,http[:]//182[.]124[.]11[.]96[:]59048/bin[.]sh,offline
mirai,http[:]//124[.]6[.]165[.]86[:]34439/bin[.]sh,offline
Mozi,http[:]//182[.]121[.]170[.]9[:]50668/bin[.]sh,offline
Mozi,http[:]//182[.]124[.]11[.]96[:]59048/i,offline
mirai,http[:]//222[.]127[.]154[.]221[:]45102/i,offline
Mozi,http[:]//115[.]61[.]243[.]173[:]56716/bin[.]sh,offline
mirai,http[:]//201[.]110[.]175[.]156[:]39438/i,offline
mirai,http[:]//222[.]127[.]254[.]114[:]44169/i,online
mirai,http[:]//170[.]84[.]132[.]250[:]60701/i,offline
,http[:]//123[.]129[.]155[.]156[:]59122/i,offline
Mozi,http[:]//123[.]4[.]251[.]165[:]55576/bin[.]sh,offline
Mozi,http[:]//183[.]12[.]173[.]45[:]51530/i,offline
Mozi,http[:]//182[.]120[.]99[.]103[:]47417/i,offline
,http[:]//209[.]173[.]174[.]28[:]51451/bin[.]sh,offline
Mozi,http[:]//123[.]4[.]251[.]165[:]55576/i,offline
Mozi,http[:]//219[.]157[.]13[.]139[:]58480/i,offline
Mozi,http[:]//182[.]121[.]170[.]9[:]50668/i,offline
mirai,http[:]//175[.]31[.]168[.]229[:]50764/bin[.]sh,offline
Mozi,http[:]//123[.]10[.]4[.]234[:]55188/bin[.]sh,offline
Mozi,http[:]//182[.]118[.]244[.]73[:]34417/i,offline
mirai,http[:]//115[.]51[.]123[.]229[:]51347/bin[.]sh,offline
Mozi,http[:]//222[.]142[.]241[.]107[:]48515/i,offline
Mozi,http[:]//123[.]5[.]170[.]123[:]50118/i,offline
mirai,http[:]//170[.]84[.]133[.]235[:]51290/i,offline
Mozi,http[:]//222[.]141[.]120[.]46[:]56703/bin[.]sh,offline
Mozi,http[:]//115[.]62[.]57[.]27[:]42680/i,offline
Mozi,http[:]//38[.]75[.]202[.]230[:]53545/i,offline
,http[:]//27[.]37[.]226[.]188[:]41350/i,offline
Mozi,http[:]//222[.]141[.]120[.]46[:]56703/i,offline
,http[:]//113[.]231[.]227[.]39[:]45480/i,offline
,http[:]//175[.]148[.]71[.]5[:]43235/i,offline
mirai,http[:]//115[.]58[.]183[.]116[:]33235/i,offline
Mozi,http[:]//119[.]189[.]146[.]15[:]36477/bin[.]sh,offline
Mozi,http[:]//182[.]113[.]41[.]227[:]44538/i,offline
mirai,http[:]//200[.]115[.]102[.]2[:]37026/i,offline
Mozi,http[:]//115[.]56[.]167[.]9[:]51655/i,offline
Mozi,http[:]//39[.]79[.]68[.]65[:]34070/bin[.]sh,offline
mirai,http[:]//222[.]127[.]214[.]87[:]43276/i,online
,http[:]//182[.]117[.]50[.]210[:]49632/i,offline
,http[:]//175[.]147[.]157[.]68[:]52097/i,offline
mirai,http[:]//200[.]115[.]102[.]2[:]37026/bin[.]sh,offline
Mozi,http[:]//219[.]156[.]152[.]196[:]38441/i,offline
Mozi,http[:]//123[.]10[.]4[.]234[:]55188/i,offline
mirai,http[:]//222[.]246[.]42[.]97[:]44313/i,offline
Mozi,http[:]//115[.]58[.]80[.]135[:]41804/bin[.]sh,offline
mirai,http[:]//36[.]70[.]46[.]192[:]47698/i,offline
mirai,http[:]//222[.]246[.]42[.]97[:]44313/bin[.]sh,offline
,http[:]//125[.]40[.]153[.]186[:]34804/bin[.]sh,offline
,http[:]//182[.]117[.]1[.]200[:]56841/bin[.]sh,offline
,http[:]//116[.]249[.]136[.]76[:]33392/i,offline
mirai,http[:]//201[.]110[.]175[.]156[:]39438/bin[.]sh,offline
Mozi,http[:]//182[.]118[.]244[.]73[:]34417/bin[.]sh,offline
,http[:]//113[.]224[.]75[.]59[:]59076/i,offline
mirai,http[:]//223[.]151[.]76[.]13[:]50733/i,online
mirai,http[:]//120[.]28[.]166[.]185[:]48483/bin[.]sh,online
Mozi,http[:]//183[.]12[.]173[.]45[:]51530/bin[.]sh,offline
Mozi,http[:]//160[.]176[.]33[.]132[:]48691/i,offline
Mozi,http[:]//115[.]55[.]216[.]126[:]59560/i,offline
,http[:]//113[.]229[.]95[.]172[:]43529/i,offline
Mozi,http[:]//115[.]55[.]251[.]23[:]59825/i,offline
Mozi,http[:]//182[.]116[.]94[.]113[:]50204/i,offline
,http[:]//125[.]41[.]247[.]148[:]34893/i,offline
Mozi,http[:]//182[.]120[.]99[.]103[:]47417/bin[.]sh,offline
Mozi,http[:]//115[.]55[.]216[.]126[:]59560/bin[.]sh,offline
,http[:]//222[.]137[.]232[.]93[:]42751/i,offline
mirai,http[:]//112[.]198[.]238[.]18[:]52736/i,offline
mirai,http[:]//112[.]198[.]238[.]18[:]52736/bin[.]sh,offline
mirai,http[:]//1[.]2[.]185[.]92[:]53815/i,offline
mirai,http[:]//180[.]190[.]202[.]154[:]56842/i,offline
,http[:]//113[.]238[.]200[.]138[:]38026/i,offline
mirai,http[:]//222[.]127[.]243[.]18[:]35695/bin[.]sh,offline
mirai,http[:]//180[.]252[.]221[.]56[:]45321/bin[.]sh,offline
mirai,http[:]//105[.]184[.]239[.]189[:]46647/i,offline
mirai,http[:]//120[.]28[.]196[.]250[:]50536/i,offline
mirai,http[:]//180[.]190[.]202[.]154[:]56842/bin[.]sh,offline
mirai,http[:]//120[.]28[.]219[.]231[:]41469/i,offline
,http[:]//23[.]242[.]193[.]144[:]59529/i,offline
mirai,http[:]//1[.]2[.]185[.]92[:]53815/bin[.]sh,offline
mirai,http[:]//124[.]6[.]165[.]86[:]34439/i,offline
,http[:]//175[.]146[.]223[.]81[:]50802/i,offline
Mozi,http[:]//27[.]220[.]115[.]233[:]43245/i,offline
,http[:]//113[.]231[.]203[.]227[:]51364/bin[.]sh,offline
mirai,http[:]//27[.]12[.]220[.]94[:]58619/i,offline
Mozi,http[:]//2[.]187[.]251[.]80[:]35643/i,offline
,http[:]//113[.]231[.]203[.]227[:]51364/i,offline
,http[:]//222[.]137[.]232[.]93[:]42751/bin[.]sh,offline
,http[:]//123[.]5[.]191[.]250[:]34458/i,offline
,http[:]//123[.]5[.]191[.]250[:]34458/bin[.]sh,offline
mirai,http[:]//105[.]184[.]239[.]189[:]46647/bin[.]sh,offline
mirai,http[:]//105[.]186[.]118[.]7[:]34517/bin[.]sh,offline
mirai,http[:]//103[.]172[.]186[.]170[:]39570/i,offline
mirai,http[:]//105[.]184[.]26[.]233[:]41319/i,offline
mirai,http[:]//105[.]184[.]26[.]233[:]41319/Mozi[.]m,offline
mirai,http[:]//105[.]184[.]26[.]233[:]41319/bin[.]sh,offline
,http[:]//60[.]23[.]159[.]201[:]56162/bin[.]sh,offline
,http[:]//60[.]23[.]159[.]201[:]56162/i,offline
"32-bit,elf,mips,Mozi",http[:]//103[.]19[.]49[.]134[:]39231/bin[.]sh,offline
"d52f85,dropped-by-amadey",http[:]//62[.]60[.]226[.]140/files/7382018045/ZhMje1W[.]exe,offline
"32-bit,elf,mips,Mozi",http[:]//219[.]157[.]202[.]41[:]34653/bin[.]sh,offline
"32-bit,elf,mips,Mozi",http[:]//125[.]45[.]60[.]7[:]59485/i,offline
mirai,http[:]//175[.]9[.]132[.]63[:]50484/bin[.]sh,offline
"32-bit,elf,mips,Mozi",http[:]//42[.]231[.]94[.]42[:]40345/i,offline
"32-bit,arm,elf,mirai,Mozi",http[:]//190[.]92[.]96[.]106[:]36055/bin[.]sh,offline
"32-bit,elf,mips,Mozi",http[:]//125[.]45[.]60[.]7[:]59485/bin[.]sh,offline
"32-bit,elf,mips,Mozi",http[:]//119[.]116[.]95[.]237[:]48737/bin[.]sh,offline
"32-bit,elf,mips,Mozi",http[:]//42[.]226[.]209[.]82[:]46014/bin[.]sh,offline
"32-bit,elf,mips,Mozi",http[:]//42[.]5[.]78[.]136[:]52767/i,offline
,http[:]//46[.]151[.]29[.]58[:]3232/xor-payload[.]b64,offline
"32-bit,elf,mips,Mozi",http[:]//119[.]115[.]250[.]2[:]54313/i,offline
"c2-monitor-auto,dropped-by-amadey",http[:]//91[.]92[.]242[.]236/files-129312398/files/file_e52c89b6e6519b51[.]exe,online
fakemas,https[:]//massgravel[.]dev/Update[.]zip,offline
,https[:]//217[.]60[.]103[.]56/sh,online
"c2-monitor-auto,dropped-by-amadey",http[:]//91[.]92[.]242[.]236/files-129312398/files/file_ce780b0c67e8b937[.]exe,offline
"android,apk ,fake-app,fraud,kyc-harvesting,loan-scam,predatory-loan,spyware",https[:]//oss[.]cop[.]lat/GeneralApp_v3[.]4[.]1[.]apk,offline
"elf,iot,Mozi",http[:]//42[.]237[.]35[.]35[:]60213/Mozi[.]m,offline
"android,apk ,fake-app,fraud,kyc-harvesting,loan-scam,predatory-loan,spyware",https[:]//tinyurls[.]in/kt2MRu,offline
platypus,https[:]//104[.]238[.]34[.]222/api/v1/install/dl_k6u4ccb45zexuljuffbm[.]tm45la7sro6dovoz53gp?download_tls=insecure,offline
script,http[:]//195[.]178[.]110[.]247[:]8003/leet[.]sh,offline
"ClickFix,FakeCaptcha,macOS",https[:]//v7yp4wts[.]fourstarcampground[.]com/,offline
"elf,ua-wget",http[:]//103[.]252[.]90[.]105/hiddenbin/boatnet[.]mips,offline
"elf,ua-wget",http[:]//103[.]252[.]90[.]105/hiddenbin/boatnet[.]x86_64,offline
"elf,ua-wget",http[:]//103[.]252[.]90[.]105/hiddenbin/boatnet[.]i686,offline
"elf,ua-wget",http[:]//103[.]252[.]90[.]105/hiddenbin/boatnet[.]i468,offline
"32-bit,elf,mips,Mozi",http[:]//42[.]5[.]78[.]136[:]52767/bin[.]sh,offline
"ACRStealer,ascii,ClickFix,powershell,ps1",https[:]//cdn[.]jsdelivr[.]net/gh/48-689100-172-171440/447477315432/61442229125,offline
"ACRStealer,ascii,ClickFix,powershell,ps1,Vidar",https[:]//raw[.]githubusercontent[.]com/48-689100-172-171440/708C-BB-236A/refs/heads/main/AC-03E9-C3-91BB,offline
"ACRStealer,ascii,ClickFix,powershell,ps1",https[:]//raw[.]githubusercontent[.]com/48-689100-172-171440/447477315432/refs/heads/main/447264906919,offline
"ACRStealer,ascii,ClickFix,powershell,ps1",https[:]//raw[.]githubusercontent[.]com/48-689100-172-171440/447477315432/refs/heads/main/61442229125,offline
"ACRStealer,ascii,ClickFix,powershell,ps1",https[:]//raw[.]githubusercontent[.]com/48-689100-172-171440/708C-BB-236A/refs/heads/main/78-2106B1-D6C1,offline
"32-bit,elf,mips,Mozi",http[:]//113[.]238[.]200[.]138[:]38026/bin[.]sh,offline
"32-bit,elf,mips,Mozi",http[:]//60[.]22[.]195[.]130[:]60411/i,offline
"32-bit,elf,mips,Mozi",http[:]//27[.]204[.]196[.]164[:]40053/i,offline
"32-bit,arm,elf,mirai,Mozi",http[:]//120[.]28[.]215[.]129[:]35972/i,offline
"32-bit,arm,elf,mirai,Mozi",http[:]//196[.]191[.]104[.]3[:]37787/i,offline
"32-bit,elf,mips,Mozi",http[:]//119[.]115[.]250[.]2[:]54313/bin[.]sh,offline
"32-bit,elf,mips,Mozi",http[:]//61[.]53[.]92[.]199[:]52660/bin[.]sh,offline
"32-bit,arm,elf,mirai,Mozi",http[:]//105[.]186[.]118[.]7[:]34517/i,offline
"32-bit,elf,mips,Mozi",http[:]//61[.]53[.]149[.]8[:]57261/i,offline
mirai,http[:]//72[.]255[.]35[.]203[:]48775/i,offline
"32-bit,elf,mips,Mozi",http[:]//61[.]53[.]92[.]199[:]52660/i,offline
"dropped-by-Stealc,Loaded,RedLineStealer,SVCStealer",http[:]//193[.]178[.]158[.]107/2[.]8[.]exe,online
"32-bit,elf,mips,Mozi",http[:]//42[.]226[.]76[.]7[:]48751/bin[.]sh,offline
"32-bit,elf,mips,Mozi",http[:]//113[.]225[.]45[.]51[:]35984/i,offline
"32-bit,elf,mips,Mozi",http[:]//222[.]113[.]196[.]55[:]53631/i,offline
"32-bit,elf,mips,Mozi",http[:]//123[.]129[.]135[.]157[:]58169/i,offline
"32-bit,elf,mips,Mozi",http[:]//123[.]129[.]135[.]157[:]58169/bin[.]sh,offline
"32-bit,elf,mips,Mozi",http[:]//219[.]155[.]134[.]14[:]35992/i,offline
"32-bit,elf,mips,Mozi",http[:]//27[.]207[.]242[.]154[:]48489/i,offline
Mozi,http[:]//39[.]71[.]204[.]117[:]54773/bin[.]sh,offline
"32-bit,elf,mips,Mozi",http[:]//113[.]225[.]45[.]51[:]35984/bin[.]sh,offline
"32-bit,arm,elf,mirai,Mozi",http[:]//36[.]249[.]5[.]253[:]57642/i,offline
"32-bit,arm,elf,mirai,Mozi",http[:]//36[.]249[.]5[.]253[:]57642/bin[.]sh,offline
"32-bit,arm,elf,mirai,Mozi",http[:]//103[.]44[.]137[.]13[:]42962/i,offline
"32-bit,elf,mips,Mozi",http[:]//27[.]207[.]242[.]154[:]48489/bin[.]sh,offline
"32-bit,elf,mips,Mozi",http[:]//125[.]45[.]66[.]30[:]43507/i,offline
"32-bit,arm,elf,mirai,Mozi",http[:]//115[.]204[.]116[.]105[:]37201/i,offline
"32-bit,arm,elf,mirai,Mozi",http[:]//196[.]189[.]197[.]131[:]42974/i,offline
"32-bit,arm,elf,mirai,Mozi",http[:]//115[.]204[.]116[.]105[:]37201/bin[.]sh,offline
"32-bit,arm,elf,mirai,Mozi",http[:]//196[.]189[.]197[.]131[:]42974/bin[.]sh,offline
"32-bit,elf,mips,Mozi",http[:]//42[.]226[.]209[.]82[:]46014/i,offline
"10x09x2026,dropped-by-Stealc",http[:]//193[.]178[.]158[.]107/bin/46d0be2a38b04583_syshost_loader[.]exe,online
"32-bit,arm,elf,mirai,Mozi",http[:]//105[.]184[.]139[.]80[:]45613/i,offline
"32-bit,elf,mips,Mozi",http[:]//42[.]231[.]47[.]159[:]47811/bin[.]sh,offline
"32-bit,arm,elf,mirai,Mozi",http[:]//105[.]184[.]139[.]80[:]45613/bin[.]sh,offline
"dropped-by-Stealc,Loaded",http[:]//193[.]178[.]158[.]107/bin/189e7e8ebfcbd873_CryptoClipper[.]exe,online
"32-bit,arm,elf,mirai,Mozi",http[:]//105[.]224[.]26[.]231[:]36679/i,offline
"32-bit,elf,mips,Mozi",http[:]//42[.]224[.]101[.]5[:]38974/i,offline
"32-bit,elf,mips,Mozi",http[:]//115[.]56[.]157[.]163[:]33718/bin[.]sh,offline
"32-bit,elf,mips,Mozi",http[:]//42[.]224[.]101[.]5[:]38974/bin[.]sh,offline
"32-bit,arm,elf,mirai,Mozi",http[:]//105[.]224[.]26[.]231[:]36679/bin[.]sh,offline
"32-bit,elf,mips,Mozi",http[:]//113[.]237[.]108[.]204[:]58407/i,offline
"32-bit,elf,mips,Mozi",http[:]//115[.]55[.]54[.]56[:]42807/i,offline
"32-bit,elf,mips,Mozi",http[:]//115[.]55[.]54[.]56[:]42807/bin[.]sh,offline
"32-bit,elf,mips,Mozi",http[:]//221[.]14[.]171[.]222[:]49473/i,offline
"32-bit,elf,mips,Mozi",http[:]//221[.]15[.]195[.]81[:]40577/i,offline
"32-bit,elf,mips,Mozi",http[:]//113[.]237[.]108[.]204[:]58407/bin[.]sh,offline
"32-bit,elf,mips,Mozi",http[:]//125[.]40[.]153[.]186[:]34804/i,offline
"32-bit,elf,mips,Mozi",http[:]//220[.]201[.]24[.]60[:]50645/bin[.]sh,offline
"32-bit,elf,mips,Mozi",http[:]//61[.]53[.]75[.]162[:]37419/bin[.]sh,offline
"32-bit,elf,mips,Mozi",http[:]//115[.]58[.]80[.]135[:]41804/i,offline
"32-bit,arm,elf,mirai,Mozi",http[:]//105[.]184[.]62[.]42[:]37217/bin[.]sh,offline
"32-bit,arm,elf,mirai,Mozi",http[:]//105[.]186[.]142[.]56[:]42435/i,offline
"32-bit,elf,mips,Mozi",http[:]//124[.]95[.]8[.]174[:]38161/bin[.]sh,offline
"32-bit,arm,elf,mirai,Mozi",http[:]//105[.]186[.]142[.]56[:]42435/bin[.]sh,offline
"32-bit,elf,mips,Mozi",http[:]//42[.]230[.]27[.]123[:]52020/i,offline
"32-bit,elf,mips,Mozi",http[:]//59[.]96[.]138[.]6[:]59793/bin[.]sh,offline
"32-bit,elf,mips,Mozi",http[:]//42[.]230[.]27[.]123[:]52020/bin[.]sh,offline
"32-bit,elf,mips,Mozi",http[:]//115[.]52[.]179[.]227[:]44220/bin[.]sh,offline
"32-bit,elf,mips,Mozi",http[:]//115[.]52[.]179[.]227[:]44220/i,offline
"32-bit,elf,mips,Mozi",http[:]//115[.]50[.]218[.]143[:]58288/i,offline
"32-bit,elf,mips,Mozi",http[:]//175[.]148[.]133[.]84[:]52725/i,offline
"d52f85,dropped-by-amadey",http[:]//62[.]60[.]226[.]140/files/7782139129/swm3mLn[.]exe,offline
"32-bit,elf,mips,Mozi",http[:]//115[.]50[.]218[.]143[:]58288/bin[.]sh,offline
Mozi,http[:]//42[.]231[.]47[.]159[:]47811/i,offline
"32-bit,elf,mips,Mozi",http[:]//175[.]148[.]133[.]84[:]52725/bin[.]sh,offline
"32-bit,arm,elf,mirai,Mozi",http[:]//119[.]165[.]254[.]83[:]53777/i,offline
"32-bit,arm,elf,mirai,Mozi",http[:]//196[.]189[.]130[.]28[:]60910/i,offline
mirai,http[:]//196[.]189[.]101[.]82[:]48478/i,offline
"32-bit,arm,elf,mirai,Mozi",http[:]//196[.]189[.]130[.]28[:]60910/bin[.]sh,offline
,http[:]//196[.]189[.]101[.]82[:]48478/bin[.]sh,offline
"32-bit,arm,elf,mirai,Mozi",http[:]//119[.]165[.]254[.]83[:]53777/bin[.]sh,offline
"32-bit,elf,mips,Mozi",http[:]//221[.]14[.]171[.]222[:]49473/bin[.]sh,offline
"32-bit,elf,mips,Mozi",http[:]//115[.]61[.]243[.]173[:]56716/i,offline
"32-bit,elf,mips,Mozi",http[:]//203[.]177[.]28[.]149[:]58260/i,offline
"32-bit,arm,elf,mirai,Mozi",http[:]//112[.]198[.]128[.]164[:]47005/bin[.]sh,offline
"32-bit,elf,mips,Mozi",http[:]//203[.]177[.]28[.]149[:]58260/bin[.]sh,offline
"32-bit,elf,mips,Mozi",http[:]//116[.]75[.]87[.]176[:]43639/i,offline
"32-bit,elf,mips,Mozi",http[:]//59[.]180[.]144[.]106[:]42402/i,offline
"msstore,revoked-cert,signed,WailsLoader",https[:]//adpayworks[.]b-cdn[.]net/download/1[.]1[.]2/AdPayWorks[.]exe,offline
"msstore,revoked-cert,signed,WailsLoader",https[:]//raw[.]githubusercontent[.]com/HartayKirjonrw/sa4/refs/heads/main/Signature%20Nib[.]exe,offline
"32-bit,elf,mips,Mozi",http[:]//221[.]14[.]173[.]32[:]33059/i,offline
"32-bit,elf,mips,Mozi",http[:]//42[.]58[.]171[.]35[:]34835/i,offline
"32-bit,arm,elf,mirai,Mozi",http[:]//222[.]127[.]55[.]224[:]47900/i,offline
"32-bit,arm,elf,mirai,Mozi",http[:]//222[.]127[.]55[.]224[:]47900/bin[.]sh,offline
"32-bit,elf,mips,Mozi",http[:]//119[.]179[.]215[.]67[:]52251/i,offline
"32-bit,arm,elf,mirai,Mozi",http[:]//105[.]184[.]213[.]176[:]55983/i,offline
"167-235-91-194,ua-wget",http[:]//167[.]235[.]91[.]194/v,offline
"32-bit,arm,elf,mirai,Mozi",http[:]//105[.]184[.]213[.]176[:]55983/bin[.]sh,offline
"32-bit,elf,mips,Mozi",http[:]//42[.]231[.]207[.]203[:]40714/i,offline
"32-bit,elf,mips,Mozi",http[:]//123[.]190[.]27[.]84[:]51494/i,offline
"168-119-85-190,sh,ua-wget",http[:]//168[.]119[.]85[.]190/bash[.]sh,offline
"176-9-88-12,sh,ua-wget",http[:]//176[.]9[.]88[.]12/miner,offline
"32-bit,elf,mips,Mozi",http[:]//103[.]171[.]168[.]74[:]33809/bin[.]sh,offline
"176-9-104-142,elf,sh,ua-wget",http[:]//176[.]9[.]104[.]142/bin[.]sh,offline
"176-9-104-142,sh,ua-wget",http[:]//176[.]9[.]104[.]142/ohshit[.]sh,offline
"32-bit,elf,mips,Mozi",http[:]//123[.]190[.]27[.]84[:]51494/bin[.]sh,offline
"d52f85,dropped-by-amadey,Vidar",http[:]//62[.]60[.]226[.]140/files/gold/file[.]exe,online
"32-bit,elf,mips,Mozi",http[:]//158[.]255[.]83[.]95[:]40290/i,offline
,http[:]//154[.]70[.]152[.]216/zed,online
,http[:]//174[.]138[.]85[.]68/zed,offline
"rat,RdViewer,SilverFox,ValleyRAT",https[:]//xolep1[.]tos-cn-beijing[.]volces[.]com/Project-rd[.]exe,offline
"32-bit,elf,mips,Mozi",http[:]//182[.]121[.]181[.]208[:]36990/i,offline
"0d20ad,Amadey,clip.dll,dropped-by-amadey,plugin",http[:]//194[.]102[.]105[.]70/8jdjZhdf7/Plugins/clip[.]dll,offline
"0d20ad,Amadey,clip64.dll,dropped-by-amadey,plugin",http[:]//194[.]102[.]105[.]70/8jdjZhdf7/Plugins/clip64[.]dll,offline
"0d20ad,Amadey,cred64.dll,dropped-by-amadey,plugin",http[:]//194[.]102[.]105[.]70/8jdjZhdf7/Plugins/cred64[.]dll,offline
"0d20ad,Amadey,cred.dll,dropped-by-amadey,plugin",http[:]//194[.]102[.]105[.]70/8jdjZhdf7/Plugins/cred[.]dll,offline
"0d20ad,dropped-by-amadey",http[:]//194[.]102[.]105[.]70/soru[.]exe,offline
"32-bit,arm,elf,mirai,Mozi",http[:]//193[.]187[.]101[.]227[:]51082/i,offline
"32-bit,elf,mips,Mozi",http[:]//123[.]14[.]221[.]85[:]59265/bin[.]sh,offline
"32-bit,elf,mips,Mozi",http[:]//125[.]41[.]169[.]4[:]59406/i,offline
"32-bit,elf,mips,Mozi",http[:]//125[.]41[.]169[.]4[:]59406/bin[.]sh,offline
"32-bit,elf,mips,Mozi",http[:]//123[.]14[.]221[.]85[:]59265/i,offline
,http[:]//125[.]41[.]228[.]123[:]58883/i,offline
,http[:]//125[.]41[.]228[.]123[:]58883/bin[.]sh,offline
Stealc,https[:]//cid[.]gov[.]so/tmp/msvsmon[.]exe,online
"SilverFox,ValleyRAT",https[:]//www[.]0akw8w[.]com/down910,offline
"32-bit,arm,elf,mirai,Mozi",http[:]//103[.]125[.]31[.]101[:]58368/i,offline
"32-bit,elf,mips,Mozi",http[:]//61[.]53[.]87[.]97[:]37876/bin[.]sh,offline
"32-bit,elf,mips,Mozi",http[:]//221[.]202[.]103[.]35[:]46188/i,offline
"elf,mirai",http[:]//198[.]251[.]85[.]84[:]8080/bot_ppc64,offline
"elf,mirai",http[:]//198[.]251[.]85[.]84[:]8080/bot_s390x,offline
"elf,mirai",http[:]//198[.]251[.]85[.]84[:]8080/bot_armv7l,offline
"elf,mirai",http[:]//198[.]251[.]85[.]84[:]8080/bot_mips,offline
"elf,mirai",http[:]//198[.]251[.]85[.]84[:]8080/bot_x86_64,offline
"elf,mirai",http[:]//198[.]251[.]85[.]84[:]8080/bot_mips64el,offline
"elf,mirai",http[:]//198[.]251[.]85[.]84[:]8080/bot_mipsel,offline
"elf,mirai",http[:]//198[.]251[.]85[.]84[:]8080/bot_ppc64le,offline
"elf,mirai",http[:]//198[.]251[.]85[.]84[:]8080/bot_arm,offline
"elf,mirai",http[:]//198[.]251[.]85[.]84[:]8080/bot_aarch64,offline
"elf,mirai",http[:]//198[.]251[.]85[.]84[:]8080/bot_ppc,offline
"elf,mirai",http[:]//198[.]251[.]85[.]84[:]8080/bot_riscv64,offline
"elf,mirai",http[:]//198[.]251[.]85[.]84[:]8080/bot_x86,offline
"elf,mirai",http[:]//198[.]251[.]85[.]84[:]8080/bot_mips64,offline
Stealc,http[:]//91[.]92[.]242[.]236/files-129312398/files/file_50b3ab9c0bf699be[.]exe,offline
,http[:]//193[.]178[.]158[.]107/4[.]exe,online
SVCStealer,http[:]//193[.]178[.]158[.]107/2[.]exe,online
"32-bit,arm,elf,mirai,Mozi",http[:]//117[.]95[.]20[.]161[:]56609/i,offline
"32-bit,elf,mips,Mozi",http[:]//112[.]248[.]185[.]61[:]49152/i,offline
"32-bit,arm,elf,mirai,Mozi",http[:]//196[.]191[.]233[.]24[:]60009/i,offline
"RamcosRAT,rat",https[:]//awarenessexhibition[.]com/img_125529[.]png,offline
"32-bit,arm,elf,mirai,Mozi",http[:]//117[.]95[.]20[.]161[:]56609/bin[.]sh,offline
"32-bit,elf,mips,Mozi",http[:]//221[.]202[.]103[.]35[:]46188/bin[.]sh,offline
mirai,http[:]//222[.]185[.]171[.]150[:]44775/i,offline
"32-bit,elf,mips,Mozi",http[:]//112[.]248[.]185[.]61[:]49152/bin[.]sh,offline
mirai,http[:]//222[.]185[.]171[.]150[:]44775/bin[.]sh,offline
"32-bit,arm,elf,mirai,Mozi",http[:]//196[.]191[.]233[.]24[:]60009/bin[.]sh,offline
"32-bit,elf,mips,Mozi",http[:]//42[.]56[.]212[.]192[:]55031/i,offline
"32-bit,arm,elf,mirai,Mozi",http[:]//122[.]157[.]185[.]197[:]46379/bin[.]sh,offline
"32-bit,elf,mips,Mozi",http[:]//182[.]114[.]32[.]165[:]37031/i,offline
"32-bit,elf,mips,Mozi",http[:]//182[.]114[.]32[.]165[:]37031/bin[.]sh,offline
Mozi,http[:]//196[.]64[.]168[.]209[:]49989/i,offline
"32-bit,elf,mips,Mozi",http[:]//103[.]167[.]175[.]121[:]55532/i,offline
,http[:]//196[.]189[.]198[.]173[:]42076/i,offline
,http[:]//42[.]5[.]227[.]122[:]42403/i,offline
,http[:]//27[.]37[.]228[.]145[:]42651/i,offline
,http[:]//60[.]17[.]117[.]82[:]40452/bin[.]sh,offline
mirai,http[:]//222[.]127[.]243[.]18[:]35695/i,offline
Mozi,http[:]//59[.]180[.]138[.]72[:]54794/i,offline
Mozi,http[:]//79[.]29[.]100[.]219[:]58828/bin[.]sh,offline
,http[:]//220[.]201[.]27[.]9[:]47541/bin[.]sh,offline
,http[:]//220[.]201[.]27[.]9[:]47541/i,offline
,http[:]//60[.]23[.]239[.]136[:]47940/i,offline
Mozi,http[:]//27[.]215[.]80[.]81[:]58529/i,offline
Mozi,http[:]//219[.]155[.]201[.]211[:]50456/bin[.]sh,offline
Mozi,http[:]//221[.]14[.]107[.]151[:]48123/i,offline
Mozi,http[:]//27[.]207[.]247[.]91[:]59461/bin[.]sh,offline
Mozi,http[:]//78[.]187[.]104[.]169[:]56759/i,offline
,http[:]//27[.]207[.]246[.]61[:]38697/bin[.]sh,offline
Mozi,http[:]//219[.]155[.]201[.]211[:]50456/i,offline
,http[:]//60[.]18[.]98[.]101[:]50033/bin[.]sh,offline
mirai,http[:]//222[.]127[.]156[.]105[:]38221/bin[.]sh,offline
mirai,http[:]//222[.]127[.]156[.]105[:]38221/i,offline
,http[:]//60[.]18[.]98[.]101[:]50033/i,offline
Mozi,http[:]//79[.]29[.]100[.]219[:]58828/i,offline
mirai,http[:]//222[.]139[.]194[.]242[:]60965/i,offline
Mozi,http[:]//42[.]228[.]236[.]172[:]34448/i,offline
Mozi,http[:]//222[.]137[.]141[.]81[:]39246/i,offline
Mozi,http[:]//222[.]141[.]143[.]122[:]58330/i,offline
mirai,http[:]//222[.]139[.]194[.]242[:]60965/bin[.]sh,offline
,http[:]//60[.]23[.]238[.]117[:]50409/i,offline
,http[:]//93[.]157[.]253[.]209[:]56517/i,offline
mirai,http[:]//222[.]127[.]73[.]15[:]41760/i,offline
,http[:]//45[.]8[.]118[.]17[:]60794/i,offline
,http[:]//60[.]23[.]237[.]38[:]37632/bin[.]sh,offline
Mozi,http[:]//78[.]38[.]18[.]210[:]38372/i,offline
Mozi,http[:]//61[.]53[.]75[.]162[:]37419/i,offline
,http[:]//45[.]8[.]118[.]17[:]60794/bin[.]sh,offline
,http[:]//42[.]59[.]236[.]181[:]57635/bin[.]sh,offline
Mozi,http[:]//43[.]252[.]159[.]101[:]35600/i,offline
,http[:]//61[.]137[.]192[.]112[:]51410/i,offline
,http[:]//42[.]179[.]150[.]17[:]56797/bin[.]sh,offline
,http[:]//42[.]55[.]227[.]16[:]40437/i,offline
,http[:]//61[.]137[.]153[.]247[:]41208/bin[.]sh,offline
Mozi,http[:]//39[.]79[.]68[.]65[:]34070/i,offline
,http[:]//42[.]59[.]236[.]181[:]57635/i,offline
mirai,http[:]//58[.]47[.]120[.]183[:]35408/bin[.]sh,offline
,http[:]//42[.]179[.]150[.]17[:]56797/i,offline
mirai,http[:]//58[.]47[.]120[.]183[:]35408/i,offline
,http[:]//27[.]207[.]246[.]61[:]38697/i,offline
Mozi,http[:]//42[.]234[.]144[.]74[:]54788/bin[.]sh,offline
mirai,http[:]//66[.]212[.]173[.]225[:]55933/i,offline
Mozi,http[:]//219[.]154[.]185[.]65[:]55284/i,offline
,http[:]//175[.]148[.]80[.]73[:]34858/i,offline
,http[:]//175[.]167[.]65[.]19[:]39578/i,offline
mirai,http[:]//203[.]204[.]93[.]86[:]35425/i,offline
mirai,http[:]//124[.]234[.]131[.]24[:]53745/bin[.]sh,offline
mirai,http[:]//203[.]204[.]93[.]86[:]35425/bin[.]sh,offline
Mozi,http[:]//125[.]44[.]190[.]92[:]60624/i,offline
mirai,http[:]//122[.]139[.]13[.]133[:]53319/i,offline
mirai,http[:]//120[.]28[.]197[.]69[:]53898/bin[.]sh,offline
,http[:]//115[.]54[.]126[.]228[:]48759/i,offline
Mozi,http[:]//115[.]56[.]157[.]204[:]43031/bin[.]sh,offline
,http[:]//113[.]231[.]18[.]34[:]56917/bin[.]sh,offline
mirai,http[:]//183[.]151[.]174[.]249[:]60266/i,offline
Mozi,http[:]//115[.]55[.]37[.]155[:]44748/bin[.]sh,offline
mirai,http[:]//122[.]139[.]13[.]133[:]53319/bin[.]sh,offline
,http[:]//113[.]236[.]65[.]235[:]52470/bin[.]sh,offline
mirai,http[:]//124[.]234[.]219[.]141[:]44247/bin[.]sh,offline
,http[:]//113[.]228[.]216[.]246[:]38119/i,offline
Mozi,http[:]//115[.]55[.]37[.]155[:]44748/i,offline
mirai,http[:]//196[.]189[.]69[.]192[:]55987/i,offline
,http[:]//163[.]142[.]94[.]107[:]45721/i,offline
,http[:]//113[.]236[.]65[.]235[:]52470/i,offline
Mozi,http[:]//123[.]129[.]130[.]148[:]58971/i,offline
,http[:]//115[.]54[.]126[.]228[:]48759/bin[.]sh,offline
,http[:]//125[.]42[.]127[.]37[:]37176/i,offline
,http[:]//175[.]148[.]80[.]73[:]34858/bin[.]sh,offline
mirai,http[:]//124[.]234[.]219[.]141[:]44247/i,offline
Mozi,http[:]//115[.]49[.]200[.]54[:]46559/i,offline
mirai,http[:]//120[.]28[.]135[.]4[:]35562/i,offline
,http[:]//182[.]116[.]50[.]238[:]48011/i,offline
mirai,http[:]//115[.]51[.]123[.]229[:]51347/i,offline
mirai,http[:]//125[.]43[.]5[.]41[:]34827/bin[.]sh,offline
,http[:]//113[.]236[.]121[.]214[:]57011/bin[.]sh,offline
,http[:]//113[.]231[.]204[.]123[:]36484/bin[.]sh,offline
mirai,http[:]//120[.]28[.]197[.]69[:]53898/i,offline
,http[:]//218[.]13[.]149[.]41[:]36783/i,offline
,http[:]//113[.]231[.]204[.]123[:]36484/i,offline
mirai,http[:]//117[.]63[.]74[.]133[:]39063/Mozi[.]m,offline
mirai,http[:]//113[.]221[.]96[.]116[:]37382/i,offline
Mozi,http[:]//115[.]56[.]157[.]204[:]43031/i,offline
mirai,http[:]//175[.]31[.]168[.]229[:]50764/i,offline
mirai,http[:]//114[.]239[.]63[.]214[:]39292/i,offline
Mozi,http[:]//182[.]126[.]248[.]175[:]50532/bin[.]sh,offline
Mozi,http[:]//125[.]45[.]26[.]216[:]35595/bin[.]sh,offline
Mozi,http[:]//115[.]56[.]102[.]220[:]52578/i,offline
,http[:]//218[.]13[.]149[.]41[:]36783/bin[.]sh,offline
,http[:]//175[.]165[.]81[.]86[:]53929/bin[.]sh,offline
,http[:]//113[.]228[.]216[.]246[:]38119/bin[.]sh,offline
,http[:]//125[.]40[.]86[.]11[:]41297/bin[.]sh,offline
,http[:]//175[.]165[.]81[.]86[:]53929/i,offline
mirai,http[:]//183[.]150[.]193[.]144[:]38134/bin[.]sh,offline
,http[:]//163[.]142[.]94[.]107[:]45721/bin[.]sh,offline
mirai,http[:]//175[.]153[.]135[.]75[:]53709/i,offline
,http[:]//113[.]231[.]121[.]170[:]60738/bin[.]sh,offline
Mozi,http[:]//182[.]113[.]31[.]138[:]41075/i,offline
Mozi,http[:]//182[.]126[.]201[.]81[:]46437/i,offline
Mozi,http[:]//182[.]127[.]71[.]3[:]48418/i,offline
Mozi,http[:]//125[.]45[.]26[.]216[:]35595/i,offline
mirai,http[:]//113[.]221[.]96[.]116[:]37382/bin[.]sh,offline
,http[:]//175[.]165[.]82[.]187[:]51685/i,offline
mirai,http[:]//121[.]231[.]116[.]192[:]38256/bin[.]sh,offline
,http[:]//182[.]116[.]50[.]238[:]48011/bin[.]sh,offline
Mozi,http[:]//182[.]126[.]248[.]175[:]50532/i,offline
Mozi,http[:]//115[.]56[.]149[.]105[:]49188/bin[.]sh,offline
Mozi,http[:]//115[.]63[.]146[.]138[:]55514/i,offline
,http[:]//125[.]40[.]86[.]11[:]41297/i,offline
,http[:]//175[.]146[.]223[.]81[:]50802/bin[.]sh,offline
Mozi,http[:]//123[.]12[.]232[.]220[:]56476/i,offline
mirai,http[:]//175[.]153[.]135[.]75[:]53709/bin[.]sh,offline
mirai,http[:]//180[.]252[.]221[.]56[:]45321/i,offline
mirai,http[:]//120[.]28[.]196[.]250[:]50536/bin[.]sh,offline
Mozi,http[:]//182[.]113[.]35[.]132[:]45947/bin[.]sh,offline
Mozi,http[:]//2[.]187[.]250[.]85[:]47417/i,offline
Mozi,http[:]//123[.]14[.]215[.]182[:]57457/bin[.]sh,offline
,http[:]//119[.]109[.]222[.]133[:]35395/bin[.]sh,offline
,http[:]//119[.]116[.]95[.]237[:]48737/i,offline
mirai,http[:]//120[.]28[.]201[.]138[:]54526/bin[.]sh,offline
mirai,http[:]//120[.]28[.]161[.]60[:]57495/i,offline
,http[:]//175[.]149[.]66[.]127[:]36715/bin[.]sh,offline
,http[:]//175[.]146[.]156[.]42[:]52728/bin[.]sh,offline
,http[:]//113[.]236[.]121[.]214[:]57011/i,offline
mirai,http[:]//210[.]208[.]110[.]51[:]55006/i,offline
mirai,http[:]//210[.]208[.]110[.]51[:]55006/bin[.]sh,offline
Mozi,http[:]//123[.]12[.]196[.]3[:]35706/i,offline
,http[:]//113[.]230[.]82[.]33[:]55839/i,offline
Mozi,http[:]//115[.]56[.]149[.]105[:]49188/i,offline
Mozi,http[:]//2[.]181[.]242[.]160[:]36347/i,offline
Mozi,http[:]//115[.]48[.]152[.]21[:]36033/bin[.]sh,offline
,http[:]//196[.]189[.]98[.]77[:]50792/bin[.]sh,offline
Mozi,http[:]//112[.]248[.]105[.]114[:]40030/i,offline
Mozi,http[:]//112[.]248[.]105[.]114[:]40030/bin[.]sh,offline
Mozi,http[:]//112[.]248[.]81[.]132[:]53759/i,offline
mirai,http[:]//180[.]191[.]34[.]236[:]40802/bin[.]sh,offline
mirai,http[:]//103[.]249[.]199[.]3[:]42986/bin[.]sh,offline
mirai,http[:]//101[.]108[.]8[.]2[:]60608/i,offline
mirai,http[:]//101[.]108[.]8[.]2[:]60608/bin[.]sh,offline
mirai,http[:]//113[.]221[.]45[.]157[:]55307/bin[.]sh,offline
mirai,http[:]//113[.]221[.]45[.]157[:]55307/i,offline
mirai,http[:]//105[.]186[.]220[.]180[:]42471/bin[.]sh,offline
mirai,http[:]//105[.]186[.]220[.]180[:]42471/i,offline
Mozi,http[:]//111[.]88[.]7[.]48[:]58109/Mozi[.]m,offline
Mozi,http[:]//111[.]88[.]7[.]48[:]58109/i,offline
,http[:]//60[.]23[.]239[.]232[:]42596/i,offline
mirai,http[:]//196[.]189[.]198[.]173[:]42076/bin[.]sh,offline
"32-bit,elf,mips,Mozi",http[:]//219[.]156[.]55[.]157[:]40201/bin[.]sh,offline
"32-bit,arm,elf,mirai,Mozi",http[:]//120[.]28[.]167[.]203[:]51577/i,online
,http[:]//42[.]53[.]21[.]9[:]37031/i,offline
"32-bit,arm,elf,mirai,Mozi",http[:]//196[.]190[.]69[.]149[:]48120/i,offline
"32-bit,elf,mips,Mozi",http[:]//123[.]129[.]131[.]98[:]48006/i,offline
"32-bit,elf,mips,Mozi",http[:]//219[.]157[.]202[.]41[:]34653/i,offline
"32-bit,elf,mips,Mozi",http[:]//123[.]129[.]131[.]98[:]48006/bin[.]sh,offline
"32-bit,arm,elf,mirai,Mozi",http[:]//179[.]154[.]80[.]249[:]53339/i,offline
"32-bit,elf,mips,Mozi",http[:]//203[.]177[.]28[.]149[:]41766/i,offline
"32-bit,elf,mips,Mozi",http[:]//119[.]116[.]133[.]149[:]57756/i,offline
"32-bit,arm,elf,mirai,Mozi",http[:]//179[.]154[.]80[.]249[:]53339/bin[.]sh,offline
"32-bit,elf,mips,Mozi",http[:]//123[.]188[.]86[.]36[:]49613/i,offline
"32-bit,elf,mips,Mozi",http[:]//119[.]116[.]133[.]149[:]57756/bin[.]sh,offline
Mozi,http[:]//182[.]113[.]208[.]136[:]38769/i,offline
"32-bit,arm,elf,mirai,Mozi",http[:]//103[.]249[.]199[.]3[:]42986/i,offline
"32-bit,elf,mips,Mozi",http[:]//116[.]138[.]108[.]110[:]33491/i,online
"honeypot,ssh",http[:]//194[.]59[.]31[.]231[:]51346/b/linux,offline
Mozi,http[:]//182[.]113[.]208[.]136[:]38769/bin[.]sh,offline
"32-bit,elf,mips,Mozi",http[:]//123[.]188[.]86[.]36[:]49613/bin[.]sh,offline
"honeypot,ssh",http[:]//194[.]59[.]31[.]231[:]51346/b/kswpad,offline
"honeypot,ssh",http[:]//194[.]59[.]31[.]231[:]51346/b/kal64,offline
"honeypot,ssh",http[:]//194[.]59[.]31[.]231[:]51346/b/amd64,offline
"elf,mirai,ua-wget",http[:]//5[.]175[.]222[.]230/i686,offline
"elf,mirai,ua-wget",http[:]//5[.]175[.]222[.]230/ppc,offline
"elf,mirai,ua-wget",http[:]//5[.]175[.]222[.]230/arc,offline
"elf,mirai,ua-wget",http[:]//5[.]175[.]222[.]230/sh4,offline
"elf,mirai,ua-wget",http[:]//5[.]175[.]222[.]230/mips,offline
"elf,mirai,ua-wget",http[:]//5[.]175[.]222[.]230/arm5,offline
"elf,mirai,ua-wget",http[:]//5[.]175[.]222[.]230/mipsel,offline
"elf,mirai,ua-wget",http[:]//5[.]175[.]222[.]230/arm6,offline
"elf,mirai,ua-wget",http[:]//5[.]175[.]222[.]230/x86_64,offline
"elf,mirai,ua-wget",http[:]//5[.]175[.]222[.]230/x86,offline
"elf,mirai,ua-wget",http[:]//5[.]175[.]222[.]230/m68k,offline
"32-bit,elf,mips,Mozi",http[:]//115[.]57[.]213[.]127[:]43509/i,offline
"32-bit,elf,mips,Mozi",http[:]//116[.]138[.]108[.]110[:]33491/bin[.]sh,online
"32-bit,arm,elf,mirai,Mozi",http[:]//105[.]186[.]95[.]116[:]34881/i,offline
"32-bit,elf,mips,Mozi",http[:]//42[.]52[.]58[.]181[:]57643/i,online
"32-bit,elf,mips,Mozi",http[:]//115[.]57[.]213[.]127[:]43509/bin[.]sh,offline
"32-bit,arm,elf,mirai,Mozi",http[:]//118[.]96[.]39[.]119[:]42293/bin[.]sh,offline
"elf,mirai,ua-wget",http[:]//93[.]152[.]221[.]22/hiddenbin/boatnet[.]m68k,offline
"elf,mirai,ua-wget",http[:]//93[.]152[.]221[.]22/hiddenbin/boatnet[.]arm,offline
"elf,mirai,ua-wget",http[:]//93[.]152[.]221[.]22/hiddenbin/boatnet[.]sh4,offline
"elf,mirai,ua-wget",http[:]//93[.]152[.]221[.]22/hiddenbin/boatnet[.]arm7,offline
"elf,mirai,ua-wget",http[:]//93[.]152[.]221[.]22/hiddenbin/boatnet[.]ppc,offline
"elf,mirai,ua-wget",http[:]//93[.]152[.]221[.]22/hiddenbin/boatnet[.]arm5,offline
"elf,mirai,ua-wget",http[:]//93[.]152[.]221[.]22/hiddenbin/boatnet[.]arm6,offline
"32-bit,arm,elf,mirai,Mozi",http[:]//196[.]189[.]98[.]77[:]50792/i,offline
"32-bit,arm,elf,mirai,Mozi",http[:]//105[.]186[.]95[.]116[:]34881/bin[.]sh,offline
"32-bit,elf,mips,Mozi",http[:]//42[.]52[.]58[.]181[:]57643/bin[.]sh,online
mirai,http[:]//118[.]96[.]39[.]119[:]42293/i,offline
"32-bit,arm,elf,mirai,Mozi",http[:]//196[.]190[.]105[.]170[:]33629/i,offline
"32-bit,elf,mips,Mozi",http[:]//123[.]13[.]54[.]33[:]47505/i,offline
"GuLoader,rat,RemcosRAT",https[:]//drive[.]google[.]com/uc?export=download&id=1Oo3B9NwXjOYvxUPrWdwwAF6k906_Gz0T,offline
"32-bit,arm,elf,mirai,Mozi",http[:]//124[.]135[.]143[.]183[:]36319/bin[.]sh,offline
"32-bit,arm,elf,mirai,Mozi",http[:]//196[.]190[.]105[.]170[:]33629/bin[.]sh,offline
"EtherHiding,IRAHook,payload,rat,stealer",https[:]//www[.]dropbox[.]com/scl/fi/ts61kuy416fm5yt6ecukp/bundle[.]zip?rlkey=lody0bd5f7kmxcact5psanjxc&st=zltmouyb&dl=1,offline
,https[:]//www[.]craftsparkdimensions[.]com/download/craftspark-dimensions-1[.]21[.]11[.]jar,offline
"32-bit,elf,mips,Mozi",http[:]//182[.]112[.]210[.]5[:]50682/i,offline
"32-bit,elf,mips,Mozi",http[:]//42[.]238[.]141[.]70[:]54999/i,offline
"32-bit,elf,mips,Mozi",http[:]//123[.]13[.]54[.]33[:]47505/bin[.]sh,offline
GuLoader,https[:]//drive[.]google[.]com/uc?export=download&id=1fshZMT3FceUeQeZJDnYCvzsuGeCKfVFN,offline
"32-bit,elf,mips,Mozi",http[:]//182[.]112[.]210[.]5[:]50682/bin[.]sh,offline
,http[:]//47[.]242[.]74[.]93[:]7720/linux,offline
"c2-monitor-auto,dropped-by-amadey",http[:]//91[.]92[.]242[.]236/files-129312398/files/file_1f5c6b32fedd3c2a[.]exe,offline
"mirai,script",http[:]//93[.]152[.]221[.]22/ohshit[.]sh,offline
"mirai,wraith",http[:]//93[.]152[.]221[.]22/hiddenbin/boatnet[.]mpsl,offline
"mirai,wraith",http[:]//93[.]152[.]221[.]22/hiddenbin/boatnet[.]mips,offline
"mirai,wraith",http[:]//93[.]152[.]221[.]22/hiddenbin/boatnet[.]arc,offline
"mirai,wraith",http[:]//93[.]152[.]221[.]22/hiddenbin/boatnet[.]x86,offline
"c2-monitor-auto,dropped-by-amadey",http[:]//91[.]92[.]242[.]236/files-129312398/files/file_8ac875068d3697e5[.]exe,offline
"32-bit,arm,elf,mirai,Mozi",http[:]//105[.]187[.]32[.]75[:]37955/i,offline
"32-bit,arm,elf,mirai,Mozi",http[:]//125[.]160[.]187[.]241[:]48085/i,offline
"9d2ca3,CoinMiner,dropped-by-amadey",http[:]//91[.]92[.]242[.]236/files-129312398/files/file_1effc509c19855e7[.]exe,offline
"32-bit,elf,mips,Mozi",http[:]//197[.]206[.]54[.]196[:]55523/i,offline
"32-bit,elf,mips,Mozi",http[:]//42[.]224[.]192[.]6[:]34023/i,offline
"32-bit,elf,mips,Mozi",http[:]//197[.]206[.]54[.]196[:]55523/bin[.]sh,offline
"32-bit,elf,mips,Mozi",http[:]//42[.]224[.]192[.]6[:]34023/bin[.]sh,offline
"32-bit,elf,mips,Mozi",http[:]//115[.]56[.]157[.]163[:]33718/i,offline
"32-bit,elf,mips,Mozi",http[:]//125[.]41[.]2[.]160[:]45493/i,offline
"32-bit,elf,mips,Mozi",http[:]//42[.]227[.]202[.]111[:]40117/bin[.]sh,offline
"32-bit,elf,mips,Mozi",http[:]//125[.]41[.]2[.]160[:]45493/bin[.]sh,offline
"32-bit,elf,mips,Mozi",http[:]//61[.]53[.]87[.]97[:]37876/i,offline
"32-bit,elf,mips,Mozi",http[:]//182[.]126[.]80[.]204[:]55543/bin[.]sh,offline
"32-bit,elf,mips,Mozi",http[:]//115[.]48[.]151[.]136[:]42193/i,offline
"elf,ua-wget",http[:]//94[.]249[.]188[.]204/bins/x86,offline
"elf,ua-wget",http[:]//176[.]65[.]149[.]210/bins/x86,offline
,http[:]//113[.]231[.]121[.]170[:]60738/i,offline
"32-bit,elf,mips,Mozi",http[:]//115[.]48[.]151[.]136[:]42193/bin[.]sh,offline
Mozi,http[:]//27[.]215[.]212[.]148[:]34367/i,offline
Mozi,http[:]//27[.]215[.]212[.]148[:]34367/bin[.]sh,offline
,http[:]//123[.]189[.]150[.]115[:]50311/bin[.]sh,offline
Mozi,http[:]//219[.]155[.]203[.]63[:]47994/i,offline
mirai,http[:]//112[.]198[.]195[.]40[:]49502/bin[.]sh,offline
"32-bit,elf,mips,Mozi",http[:]//59[.]96[.]141[.]74[:]37653/i,offline
"32-bit,elf,mips,Mozi",http[:]//219[.]155[.]203[.]63[:]47994/bin[.]sh,offline
Mozi,http[:]//182[.]126[.]80[.]204[:]55543/i,offline
"32-bit,elf,mips,Mozi",http[:]//59[.]96[.]141[.]74[:]37653/bin[.]sh,offline
"32-bit,elf,mips,Mozi",http[:]//61[.]54[.]41[.]118[:]40394/i,offline
"32-bit,elf,mips,Mozi",http[:]//115[.]55[.]151[.]48[:]39130/i,offline
"32-bit,elf,mips,Mozi",http[:]//115[.]55[.]151[.]48[:]39130/bin[.]sh,offline
"32-bit,elf,mips,Mozi",http[:]//182[.]113[.]28[.]110[:]45510/i,offline
"32-bit,elf,mips,Mozi",http[:]//123[.]4[.]249[.]119[:]44171/i,offline
Mozi,http[:]//125[.]41[.]140[.]229[:]40577/bin[.]sh,offline
"32-bit,elf,mips,Mozi",http[:]//101[.]74[.]52[.]251[:]15884/i,offline
"elf,mirai",http[:]//3[.]133[.]139[.]254/tiny_bot[.]arm,offline
"elf,mirai",http[:]//3[.]133[.]139[.]254/mirai[.]mips,offline
"elf,mirai",http[:]//3[.]133[.]139[.]254/tiny_bot[.]mipsel,offline
"elf,mirai",http[:]//3[.]133[.]139[.]254/mirai[.]mipsel,offline
"elf,mirai",http[:]//3[.]133[.]139[.]254/tiny_bot[.]x86_64,offline
"elf,mirai",http[:]//3[.]133[.]139[.]254/mirai[.]arm,offline
"elf,mirai",http[:]//3[.]133[.]139[.]254/tiny_bot[.]arm64,offline
"elf,mirai",http[:]//3[.]133[.]139[.]254/tiny_bot[.]arm7,offline
"elf,mirai",http[:]//3[.]133[.]139[.]254/tiny_bot[.]mips,offline
mirai,http[:]//3[.]133[.]139[.]254/bot_macos,offline
,http[:]//92[.]119[.]167[.]102[:]8000/x86,offline
,http[:]//92[.]119[.]167[.]102[:]8000/mipsel,offline
,http[:]//92[.]119[.]167[.]102[:]8000/mips-bk,offline
,http[:]//92[.]119[.]167[.]102[:]8000/mips,offline
mirai,http[:]//92[.]119[.]167[.]102[:]8000/arm,offline
"elf,mirai",http[:]//3[.]133[.]139[.]254/mirai[.]arm7,offline
"elf,mirai",http[:]//3[.]133[.]139[.]254/mirai[.]x86_64,offline
python,http[:]//38[.]55[.]99[.]215[:]8080/moot_bot[.]py,offline
,http[:]//38[.]55[.]99[.]215[:]8080/bot_agent[.]py,offline
"elf,mirai",http[:]//38[.]55[.]99[.]215[:]8080/moot[.]arm,offline
"elf,mirai",http[:]//38[.]55[.]99[.]215[:]8080/moot[.]mips,offline
mirai,http[:]//38[.]55[.]99[.]215[:]8080/moot[.]x86_64,offline
,http[:]//129[.]159[.]135[.]190/mc_bypass[.]x86_64,online
,http[:]//38[.]55[.]99[.]215[:]8080/moot_loader[.]sh,offline
script,http[:]//38[.]55[.]99[.]215[:]8080/shellbot[.]sh,offline
script,http[:]//129[.]159[.]135[.]190/g[.]sh,offline
"32-bit,elf,mips,Mozi",http[:]//101[.]74[.]52[.]251[:]15884/bin[.]sh,offline
"elf,mirai",http[:]//129[.]159[.]135[.]190/bot[.]arm5,online
"elf,mirai",http[:]//129[.]159[.]135[.]190/bot_vps[.]mips,online
"elf,mirai",http[:]//129[.]159[.]135[.]190/bot_vps[.]arm5,online
"elf,mirai",http[:]//129[.]159[.]135[.]190/bot[.]arm,online
"elf,mirai",http[:]//129[.]159[.]135[.]190/bot[.]mipsel,online
"elf,mirai",http[:]//129[.]159[.]135[.]190/bot_vps[.]arm7,online
"elf,mirai",http[:]//129[.]159[.]135[.]190/bot[.]x86_64,online
"elf,mirai",http[:]//129[.]159[.]135[.]190/bot[.]mips,online
"elf,mirai",http[:]//129[.]159[.]135[.]190/bot_vps[.]x86_64,online
"elf,mirai",http[:]//129[.]159[.]135[.]190/bot_vps[.]arm64,online
"elf,mirai",http[:]//129[.]159[.]135[.]190/bot[.]arm64,online
"elf,mirai",http[:]//129[.]159[.]135[.]190/bot_vps[.]mpsl,online
script,http[:]//129[.]159[.]135[.]190/serve/ovhkill[.]sh,online
"elf,mirai,sora",http[:]//2[.]27[.]203[.]59/sora[.]arm6,online
"elf,mirai",http[:]//2[.]27[.]203[.]59/main_arm,online
"elf,mirai",http[:]//2[.]27[.]203[.]59/main_arm5,online
"elf,mirai,sora",http[:]//2[.]27[.]203[.]59/sora[.]x86,online
"elf,mirai",http[:]//2[.]27[.]203[.]59/main_arm64,online
"elf,mirai,sora",http[:]//2[.]27[.]203[.]59/sora[.]x86_64,online
"elf,mirai,sora",http[:]//2[.]27[.]203[.]59/sora[.]mips,online
"elf,mirai,sora",http[:]//2[.]27[.]203[.]59/sora[.]spc,online
"elf,mirai,sora",http[:]//2[.]27[.]203[.]59/sora[.]arm5,online
"elf,mirai",http[:]//2[.]27[.]203[.]59/main_arm7,online
"elf,mirai",http[:]//2[.]27[.]203[.]59/main_ppc,online
"elf,mirai,script",http[:]//2[.]27[.]203[.]59/payload[.]sh,offline
"elf,mirai",http[:]//2[.]27[.]203[.]59/main_sh4,online
"elf,mirai,sora",http[:]//2[.]27[.]203[.]59/sora[.]ppc,online
"elf,mirai",http[:]//2[.]27[.]203[.]59/main_m68k,online
"elf,mirai,sora",http[:]//2[.]27[.]203[.]59/sora[.]arm64,online
"elf,mirai,sora",http[:]//2[.]27[.]203[.]59/sora[.]sh4,online
"elf,mirai",http[:]//2[.]27[.]203[.]59/main_x86_64,online
"elf,mirai,sora",http[:]//2[.]27[.]203[.]59/sora[.]mpsl,online
"elf,mirai",http[:]//2[.]27[.]203[.]59/main_x86,online
"elf,mirai,sora",http[:]//2[.]27[.]203[.]59/sora[.]arm,online
"elf,mirai",http[:]//2[.]27[.]203[.]59/main_mpsl,online
"elf,mirai",http[:]//2[.]27[.]203[.]59/main_mips,online
"elf,mirai",http[:]//2[.]27[.]203[.]59/main_arm6,online
"elf,mirai,sora",http[:]//2[.]27[.]203[.]59/sora[.]arm7,online
hta,http[:]//155[.]103[.]69[.]104/13/verygreatansweriamthinking[.]hta,offline
"AgentTesla,stego",https[:]//pub-7390aebc53504408b09c0dc5390d6cc4[.]r2[.]dev/gusto[.]png,offline
"AgentTesla,hta",https[:]//pub-82f13abd468442119ddfb068e9f5ad33[.]r2[.]dev/stillurboy[.]hta,offline
"AgentTesla,stego",https[:]//pub-7390aebc53504408b09c0dc5390d6cc4[.]r2[.]dev/toomuchflush[.]png,offline
Mozi,http[:]//182[.]112[.]29[.]95[:]57957/i,offline
"32-bit,elf,mips,Mozi",http[:]//182[.]126[.]103[.]229[:]37256/i,offline
"32-bit,elf,mips,Mozi",http[:]//115[.]53[.]247[.]98[:]42289/i,offline
"32-bit,arm,elf,mirai,Mozi",http[:]//119[.]73[.]59[.]113[:]51110/bin[.]sh,offline
mirai,http[:]//105[.]225[.]5[.]139[:]52251/i,offline
"ascii,Encoded,GuLoader",http[:]//auravibes04ko[.]shop/Giftlike[.]qxd,offline
stego,https[:]//lively-fog-af49[.]pablosoftwareplus[.]workers[.]dev/khUgE,offline
"32-bit,elf,mips,Mozi",http[:]//115[.]53[.]247[.]98[:]42289/bin[.]sh,offline
"32-bit,elf,mips,Mozi",http[:]//182[.]126[.]103[.]229[:]37256/bin[.]sh,offline
mirai,http[:]//101[.]108[.]69[.]64[:]50943/i,offline
ua-wget,http[:]//160[.]119[.]69[.]4/hima_data/index[.]php,offline
"exe,PureLogsStealer",https[:]//abilityindisabilityindia[.]org/rock[.]exe,offline
"opendir,zip",https[:]//sumnitasinvestment[.]com/notice/TRUE[.]zip,offline
"opendir,VIPKeylogger,zip",https[:]//sumnitasinvestment[.]com/notice/env[.]zip,offline
"Formbook,rev-base64-loader",http[:]//216[.]9[.]224[.]48/90/krjcbec[.]txt,online
"Formbook,stego",https[:]//tripfarely[.]com/images/4[.]jpg,offline
"rat,RemcosRAT,stego",https[:]//web[.]opendrive[.]com/api/v1/download/file[.]json/MTFfODg2NTgwNDdfcVJ4VkI?inline=1,offline
"rat,RemcosRAT,stego",https[:]//web[.]opendrive[.]com/api/v1/download/file[.]json/MTFfODg2NTcxMTZfN01KTTk?inline=1,offline
"rat,RemcosRAT,stego",https[:]//web[.]opendrive[.]com/api/v1/download/file[.]json/MjBfMzc4MTM3MzdfQWQ2cnc?inline=1,offline
"rat,RemcosRAT,stego",https[:]//web[.]opendrive[.]com/api/v1/download/file[.]json/MjBfMzc4MTM3MDVfZkUyMk0?inline=1,offline
mirai,http[:]//105[.]225[.]5[.]139[:]52251/bin[.]sh,offline
"32-bit,elf,mips,Mozi",http[:]//42[.]228[.]245[.]61[:]34804/i,offline
Mozi,http[:]//222[.]142[.]240[.]141[:]56223/i,offline
Mozi,http[:]//222[.]142[.]240[.]141[:]56223/bin[.]sh,offline
"32-bit,elf,mips,Mozi",http[:]//42[.]234[.]232[.]151[:]35677/bin[.]sh,offline
,http[:]//113[.]230[.]22[.]214[:]54966/i,offline
,http[:]//113[.]238[.]28[.]92[:]35247/bin[.]sh,offline
,http[:]//113[.]237[.]59[.]65[:]48770/i,offline
,http[:]//113[.]230[.]22[.]214[:]54966/bin[.]sh,offline
mirai,http[:]//113[.]221[.]9[.]63[:]54365/bin[.]sh,offline
,http[:]//113[.]238[.]28[.]92[:]35247/i,offline
mirai,http[:]//115[.]194[.]8[.]14[:]57404/bin[.]sh,offline
mirai,http[:]//113[.]221[.]36[.]208[:]33058/i,offline
Mozi,http[:]//112[.]248[.]124[.]14[:]33320/bin[.]sh,offline
mirai,http[:]//112[.]254[.]26[.]64[:]51093/bin[.]sh,online
mirai,http[:]//113[.]221[.]36[.]208[:]33058/bin[.]sh,offline
mirai,http[:]//112[.]198[.]195[.]40[:]49502/i,offline
mirai,http[:]//106[.]40[.]240[.]103[:]50240/bin[.]sh,offline
mirai,http[:]//112[.]198[.]128[.]164[:]47005/i,offline
mirai,http[:]//109[.]236[.]44[.]241[:]37805/bin[.]sh,online
"32-bit,elf,mips,Mozi",http[:]//219[.]156[.]55[.]157[:]40201/i,offline
,http[:]//23[.]94[.]148[.]56/99/img_184011[.]png,offline
,http[:]//23[.]94[.]148[.]56/62/verygoodfuckermfishereforjusic[.]hta,offline
,http[:]//23[.]94[.]148[.]56/99/mfasgood[.]hta,offline
"32-bit,elf,mips,Mozi",http[:]//123[.]12[.]227[.]243[:]60537/i,offline
"32-bit,elf,mips,Mozi",http[:]//123[.]12[.]227[.]243[:]60537/bin[.]sh,offline
"Bigviktor,elf,ua-wget",http[:]//94[.]249[.]188[.]204/bins/arm5,offline
"elf,mirai,ua-wget",http[:]//176[.]65[.]149[.]210/bins/arm,offline
"Bigviktor,elf,ua-wget",http[:]//94[.]249[.]188[.]204/bins/arm6,offline
"elf,ua-wget",http[:]//94[.]249[.]188[.]204/bins/x86_64,offline
"elf,ua-wget",http[:]//176[.]65[.]149[.]210/bins/mips,offline
"elf,mirai,ua-wget",http[:]//176[.]65[.]149[.]210/bins/arm6,offline
"elf,ua-wget",http[:]//176[.]65[.]149[.]210/bins/mpsl,offline
"elf,ua-wget",http[:]//176[.]65[.]149[.]210/bins/spc,offline
"elf,mirai,ua-wget",http[:]//176[.]65[.]149[.]210/bins/arm7,offline
"elf,mirai,ua-wget",http[:]//176[.]65[.]149[.]210/bins/sh4,offline
"elf,ua-wget",http[:]//176[.]65[.]149[.]210/bins/i686,offline
"elf,mirai,ua-wget",http[:]//176[.]65[.]149[.]210/bins/m68k,offline
"elf,ua-wget",http[:]//176[.]65[.]149[.]210/bins/x86_64,offline
"elf,ua-wget",http[:]//176[.]65[.]149[.]210/bins/ppc,offline
"elf,ua-wget",http[:]//94[.]249[.]188[.]204/bins/sh4,offline
"elf,mirai,ua-wget",http[:]//176[.]65[.]149[.]210/bins/arm5,offline
"elf,ua-wget",http[:]//94[.]249[.]188[.]204/bins/ppc,offline
"Bigviktor,elf,ua-wget",http[:]//94[.]249[.]188[.]204/bins/arm7,offline
"elf,ua-wget",http[:]//94[.]249[.]188[.]204/bins/mpsl,offline
"Bigviktor,elf,ua-wget",http[:]//94[.]249[.]188[.]204/bins/i686,offline
"Bigviktor,elf,ua-wget",http[:]//94[.]249[.]188[.]204/bins/arm,offline
"elf,ua-wget",http[:]//94[.]249[.]188[.]204/bins/m68k,offline
"elf,mirai,ua-wget",http[:]//94[.]249[.]188[.]204/bins/mips,offline
"elf,ua-wget",http[:]//94[.]249[.]188[.]204/bins/spc,offline
"32-bit,elf,mips,Mozi",http[:]//77[.]79[.]160[.]210[:]54328/i,offline
"32-bit,arm,elf,mirai,Mozi",http[:]//180[.]244[.]47[.]60[:]40341/i,offline
"32-bit,arm,elf,mirai,Mozi",http[:]//180[.]244[.]47[.]60[:]40341/bin[.]sh,offline
"32-bit,elf,mips,Mozi",http[:]//77[.]79[.]160[.]210[:]54328/bin[.]sh,offline
"32-bit,arm,elf,mirai,Mozi",http[:]//105[.]184[.]105[.]108[:]53225/bin[.]sh,offline
"32-bit,arm,elf,mirai,Mozi",http[:]//124[.]161[.]116[.]2[:]39053/i,offline
"32-bit,arm,elf,mirai,Mozi",http[:]//105[.]224[.]60[.]250[:]44945/i,offline
"malware-download,redis",http[:]//154[.]217[.]251[.]226[:]8897/beacon-cron,offline
"adb,malware-download",http[:]//43[.]111[.]235[.]219[:]16667/slt,offline
"malware-download,redis",http[:]//154[.]217[.]251[.]226[:]4444/beacon-cron,offline
"32-bit,arm,elf,mirai,Mozi",http[:]//196[.]190[.]0[.]118[:]48753/i,offline
"32-bit,arm,elf,mirai,Mozi",http[:]//105[.]224[.]60[.]250[:]44945/bin[.]sh,offline
"32-bit,arm,elf,mirai,Mozi",http[:]//115[.]201[.]98[.]238[:]51312/bin[.]sh,offline
,http[:]//85[.]12[.]205[.]35[:]43824/bin[.]sh,offline
mirai,http[:]//66[.]212[.]187[.]214[:]45901/i,offline
mirai,http[:]//66[.]212[.]187[.]214[:]45901/bin[.]sh,offline
mirai,http[:]//82[.]144[.]86[.]37[:]47425/i,offline
Mozi,http[:]//115[.]52[.]196[.]207[:]34556/i,offline
Mozi,http[:]//82[.]114[.]178[.]6[:]60161/bin[.]sh,offline
Mozi,http[:]//78[.]38[.]19[.]161[:]52470/i,offline
,http[:]//182[.]114[.]193[.]157[:]47308/i,offline
,http[:]//118[.]232[.]137[.]101[:]58455/i,offline
,http[:]//119[.]116[.]237[.]187[:]35441/bin[.]sh,offline
mirai,http[:]//120[.]28[.]193[.]113[:]53964/i,offline
Mozi,http[:]//124[.]131[.]139[.]209[:]57349/i,offline
,http[:]//209[.]173[.]174[.]28[:]51451/i,offline
,http[:]//42[.]178[.]170[.]26[:]50845/bin[.]sh,offline
Mozi,http[:]//42[.]232[.]226[.]134[:]43284/bin[.]sh,offline
Mozi,http[:]//221[.]14[.]174[.]125[:]44223/bin[.]sh,offline
Mozi,http[:]//182[.]117[.]165[.]86[:]55309/i,offline
mirai,http[:]//116[.]248[.]83[.]141[:]56727/bin[.]sh,offline
Mozi,http[:]//115[.]63[.]146[.]71[:]34252/bin[.]sh,offline
mirai,http[:]//125[.]43[.]5[.]41[:]34827/i,offline
Mozi,http[:]//123[.]14[.]90[.]5[:]47055/i,offline
Mozi,http[:]//60[.]211[.]59[.]115[:]55744/bin[.]sh,offline
Mozi,http[:]//103[.]31[.]103[.]204[:]44082/i,offline
Mozi,http[:]//182[.]124[.]164[.]121[:]44732/bin[.]sh,offline
Mozi,http[:]//182[.]116[.]14[.]167[:]42605/i,offline
Mozi,http[:]//182[.]127[.]191[.]30[:]44703/i,offline
Mozi,http[:]//42[.]228[.]245[.]61[:]34804/bin[.]sh,offline
,http[:]//60[.]19[.]71[.]59[:]41537/bin[.]sh,offline
Mozi,http[:]//115[.]48[.]11[.]166[:]38942/bin[.]sh,offline
Mozi,http[:]//115[.]62[.]176[.]189[:]57183/i,offline
Mozi,http[:]//182[.]123[.]252[.]49[:]55576/i,offline
,http[:]//124[.]162[.]69[.]33[:]56212/bin[.]sh,offline
mirai,http[:]//116[.]68[.]162[.]210[:]60207/i,offline
Mozi,http[:]//123[.]7[.]227[.]70[:]42873/bin[.]sh,offline
Mozi,http[:]//46[.]236[.]65[.]145[:]59574/bin[.]sh,offline
,http[:]//119[.]116[.]32[.]169[:]49155/bin[.]sh,offline
Mozi,http[:]//182[.]117[.]165[.]86[:]55309/bin[.]sh,offline
,http[:]//175[.]173[.]159[.]23[:]55257/bin[.]sh,offline
,http[:]//117[.]20[.]227[.]25[:]3025/i,online
Mozi,http[:]//42[.]234[.]245[.]29[:]44847/i,offline
Mozi,http[:]//115[.]48[.]11[.]166[:]38942/i,offline
Mozi,http[:]//42[.]235[.]90[.]101[:]58257/i,offline
Mozi,http[:]//123[.]7[.]227[.]70[:]42873/i,offline
Mozi,http[:]//42[.]235[.]43[.]128[:]60566/bin[.]sh,offline
,http[:]//119[.]118[.]4[.]5[:]46901/bin[.]sh,offline
Mozi,http[:]//123[.]12[.]11[.]116[:]33633/i,offline
,http[:]//42[.]85[.]222[.]158[:]46445/i,offline
Mozi,http[:]//219[.]155[.]130[.]51[:]35600/bin[.]sh,offline
mirai,http[:]//182[.]240[.]10[.]30[:]58787/bin[.]sh,offline
mirai,http[:]//182[.]240[.]10[.]30[:]58787/i,offline
,http[:]//5[.]172[.]22[.]97[:]36226/bin[.]sh,offline
mirai,http[:]//36[.]88[.]136[.]194[:]53727/i,offline
mirai,http[:]//58[.]47[.]121[.]32[:]51379/i,offline
mirai,http[:]//101[.]59[.]79[.]119[:]44883/i,offline
Mozi,http[:]//42[.]235[.]36[.]83[:]54414/i,offline
,http[:]//118[.]232[.]137[.]101[:]58455/bin[.]sh,offline
Mozi,http[:]//182[.]126[.]87[.]82[:]58075/i,offline
Mozi,http[:]//115[.]63[.]11[.]37[:]60272/i,offline
Mozi,http[:]//182[.]116[.]14[.]167[:]42605/bin[.]sh,offline
,http[:]//220[.]201[.]139[.]196[:]37224/i,offline
mirai,http[:]//115[.]194[.]8[.]14[:]57404/i,offline
Mozi,http[:]//115[.]56[.]109[.]217[:]51650/bin[.]sh,offline
,http[:]//118[.]34[.]109[.]121[:]53214/i,offline
Mozi,http[:]//115[.]56[.]102[.]220[:]52578/bin[.]sh,offline
mirai,http[:]//42[.]243[.]252[.]236[:]59708/bin[.]sh,offline
mirai,http[:]//58[.]47[.]121[.]32[:]51379/bin[.]sh,offline
Mozi,http[:]//182[.]127[.]84[.]19[:]32929/i,offline
mirai,http[:]//115[.]205[.]150[.]31[:]37201/i,offline
Mozi,http[:]//219[.]155[.]80[.]213[:]57148/bin[.]sh,offline
mirai,http[:]//210[.]208[.]110[.]130[:]43841/bin[.]sh,offline
Mozi,http[:]//123[.]12[.]11[.]116[:]33633/bin[.]sh,offline
Mozi,http[:]//219[.]155[.]80[.]213[:]57148/i,offline
Mozi,http[:]//46[.]236[.]65[.]145[:]59574/i,offline
,http[:]//119[.]186[.]208[.]75[:]52549/i,offline
,http[:]//42[.]178[.]30[.]24[:]41771/bin[.]sh,offline
Mozi,http[:]//115[.]52[.]196[.]207[:]34556/bin[.]sh,offline
Mozi,http[:]//123[.]4[.]249[.]119[:]44171/bin[.]sh,offline
mirai,http[:]//120[.]28[.]201[.]138[:]54526/i,offline
mirai,http[:]//42[.]243[.]252[.]236[:]59708/i,offline
,http[:]//103[.]171[.]168[.]74[:]33809/i,offline
mirai,http[:]//115[.]205[.]150[.]31[:]37201/bin[.]sh,offline
,http[:]//42[.]56[.]117[.]187[:]51745/bin[.]sh,offline
,http[:]//59[.]97[.]253[.]6[:]47580/i,offline
,http[:]//182[.]117[.]80[.]106[:]39130/i,offline
,http[:]//182[.]117[.]80[.]106[:]39130/bin[.]sh,offline
Mozi,http[:]//115[.]57[.]239[.]68[:]59935/i,offline
,http[:]//120[.]28[.]82[.]26[:]50333/i,offline
Mozi,http[:]//38[.]137[.]249[.]60[:]44817/bin[.]sh,offline
Mozi,http[:]//182[.]127[.]191[.]30[:]44703/bin[.]sh,offline
Mozi,http[:]//42[.]232[.]226[.]134[:]43284/i,offline
,http[:]//42[.]85[.]222[.]158[:]46445/bin[.]sh,offline
Mozi,http[:]//182[.]127[.]84[.]19[:]32929/bin[.]sh,offline
mirai,http[:]//36[.]88[.]136[.]194[:]53727/Mozi[.]m,offline
mirai,http[:]//116[.]248[.]83[.]141[:]56727/i,offline
,http[:]//60[.]22[.]9[.]159[:]45156/i,offline
mirai,http[:]//115[.]201[.]98[.]238[:]51312/i,offline
,http[:]//42[.]56[.]151[.]116[:]57068/bin[.]sh,offline
Mozi,http[:]//125[.]46[.]198[.]106[:]33483/bin[.]sh,offline
mirai,http[:]//222[.]246[.]41[.]104[:]44313/i,offline
mirai,http[:]//115[.]58[.]253[.]176[:]36067/i,offline
Mozi,http[:]//119[.]166[.]73[.]124[:]52203/i,offline
mirai,http[:]//45[.]165[.]172[.]92[:]51435/i,offline
Mozi,http[:]//221[.]14[.]107[.]151[:]48123/bin[.]sh,offline
Mozi,http[:]//42[.]235[.]90[.]101[:]58257/bin[.]sh,offline
mirai,http[:]//115[.]58[.]253[.]176[:]36067/bin[.]sh,offline
,http[:]//42[.]178[.]30[.]24[:]41771/i,offline
Mozi,http[:]//42[.]234[.]144[.]74[:]54788/i,offline
Mozi,http[:]//61[.]53[.]106[.]120[:]38038/i,offline
Mozi,http[:]//61[.]53[.]106[.]120[:]38038/bin[.]sh,offline
Mozi,http[:]//115[.]56[.]109[.]217[:]51650/i,offline
,http[:]//42[.]87[.]160[.]133[:]35892/i,offline
,http[:]//42[.]56[.]117[.]187[:]51745/i,offline
Mozi,http[:]//27[.]207[.]41[.]43[:]54515/bin[.]sh,offline
Mozi,http[:]//61[.]52[.]85[.]150[:]33059/i,offline
,http[:]//119[.]116[.]237[.]187[:]35441/i,offline
,http[:]//119[.]116[.]32[.]169[:]49155/i,offline
Mozi,http[:]//59[.]180[.]137[.]90[:]54794/i,offline
mirai,http[:]//196[.]189[.]40[.]159[:]54002/i,offline
,http[:]//175[.]167[.]233[.]208[:]51466/bin[.]sh,offline
Mozi,http[:]//60[.]211[.]59[.]115[:]55744/i,offline
mirai,http[:]//210[.]208[.]110[.]4[:]37579/bin[.]sh,offline
,http[:]//175[.]149[.]66[.]127[:]36715/i,offline
Mozi,http[:]//222[.]137[.]210[.]1[:]35853/i,offline
,http[:]//182[.]114[.]193[.]157[:]47308/bin[.]sh,offline
Mozi,http[:]//119[.]189[.]249[.]202[:]39164/i,offline
,http[:]//119[.]118[.]4[.]5[:]46901/i,offline
Mozi,http[:]//27[.]207[.]41[.]43[:]54515/i,offline
Mozi,http[:]//221[.]14[.]174[.]125[:]44223/i,offline
,http[:]//42[.]56[.]151[.]116[:]57068/i,offline
,http[:]//60[.]22[.]29[.]3[:]38776/i,offline
Mozi,http[:]//42[.]227[.]202[.]111[:]40117/i,offline
Mozi,http[:]//115[.]48[.]152[.]21[:]36033/i,offline
Mozi,http[:]//42[.]235[.]43[.]128[:]60566/i,offline
Mozi,http[:]//123[.]11[.]79[.]171[:]60170/i,offline
,http[:]//123[.]156[.]237[.]205[:]52083/i,offline
Mozi,http[:]//119[.]166[.]73[.]124[:]52203/bin[.]sh,offline
,http[:]//175[.]173[.]159[.]23[:]55257/i,offline
Mozi,http[:]//115[.]63[.]146[.]71[:]34252/i,offline
Mozi,http[:]//115[.]58[.]97[.]98[:]60477/i,offline
mirai,http[:]//101[.]108[.]69[.]64[:]50943/bin[.]sh,offline
,http[:]//175[.]167[.]233[.]208[:]51466/i,offline
Mozi,http[:]//123[.]14[.]215[.]182[:]57457/i,offline
Mozi,http[:]//123[.]5[.]132[.]162[:]52455/i,offline
Mozi,http[:]//124[.]131[.]139[.]209[:]57349/bin[.]sh,offline
Mozi,http[:]//103[.]31[.]103[.]204[:]44082/bin[.]sh,offline
,http[:]//42[.]5[.]21[.]40[:]54382/bin[.]sh,offline
Mozi,http[:]//27[.]215[.]180[.]241[:]57800/Mozi[.]m,offline
,http[:]//42[.]178[.]170[.]26[:]50845/i,offline
Mozi,http[:]//219[.]155[.]130[.]51[:]35600/i,offline
mirai,http[:]//36[.]64[.]184[.]26[:]51647/i,offline
mirai,http[:]//154[.]223[.]128[.]222[:]33167/i,offline
,http[:]//173[.]92[.]213[.]119[:]60151/bin[.]sh,offline
Mozi,http[:]//221[.]15[.]9[.]134[:]32847/bin[.]sh,offline
,http[:]//123[.]188[.]66[.]121[:]39207/bin[.]sh,offline
Mozi,http[:]//27[.]215[.]124[.]53[:]58552/bin[.]sh,offline
mirai,http[:]//36[.]64[.]184[.]26[:]51647/bin[.]sh,offline
,http[:]//220[.]201[.]17[.]207[:]34929/bin[.]sh,offline
Mozi,http[:]//222[.]139[.]75[.]215[:]52350/i,offline
mirai,http[:]//36[.]88[.]136[.]194[:]53727/bin[.]sh,offline
Mozi,http[:]//115[.]52[.]42[.]203[:]48646/bin[.]sh,offline
"32-bit,elf,mips,Mozi",http[:]//42[.]224[.]1[.]7[:]46113/i,offline
"32-bit,arm,elf,mirai,Mozi",http[:]//105[.]184[.]34[.]115[:]49289/i,offline
"32-bit,elf,mips,Mozi",http[:]//125[.]41[.]140[.]229[:]40577/i,offline
"32-bit,elf,mips,Mozi",http[:]//42[.]224[.]1[.]7[:]46113/bin[.]sh,offline
"32-bit,elf,mips,Mozi",http[:]//42[.]227[.]202[.]88[:]43796/i,offline
"CoinMiner,mirai,xmrig",http[:]//193[.]32[.]162[.]73/d/7c4124282c4ad7b6/bins/kworkerd,offline
"c2-monitor-auto,dropped-by-amadey",http[:]//91[.]92[.]242[.]236/files-129312398/files/file_ae5f4da3f556dbfa[.]exe,offline
"CoinMiner,downloader",http[:]//193[.]32[.]162[.]73/d/7c4124282c4ad7b6/o/os12/init[.]sh,offline
"CoinMiner,downloader,xmrig",http[:]//193[.]32[.]162[.]73/d/7c4124282c4ad7b6/o/hzaso/init[.]sh,offline
"CoinMiner,downloader,xmrig",http[:]//193[.]32[.]162[.]73/d/7c4124282c4ad7b6/o/c4124/init[.]sh,offline
"32-bit,arm,elf,mirai,Mozi",http[:]//193[.]187[.]101[.]209[:]46746/i,offline
"32-bit,elf,mips,Mozi",http[:]//42[.]227[.]202[.]88[:]43796/bin[.]sh,offline
"32-bit,elf,mips,Mozi",http[:]//42[.]224[.]127[.]212[:]35568/i,offline
"32-bit,arm,elf,mirai,Mozi",http[:]//193[.]187[.]101[.]209[:]46746/bin[.]sh,offline
mirai,http[:]//105[.]184[.]34[.]115[:]49289/bin[.]sh,offline
"32-bit,elf,mips,Mozi",http[:]//42[.]224[.]127[.]212[:]35568/bin[.]sh,offline
"32-bit,elf,mips,Mozi",http[:]//119[.]114[.]237[.]76[:]34272/bin[.]sh,offline
"32-bit,elf,mips,Mozi",http[:]//119[.]189[.]238[.]246[:]36957/bin[.]sh,offline
"32-bit,elf,mips,Mozi",http[:]//182[.]126[.]95[.]127[:]35631/i,offline
"32-bit,elf,mips,Mozi",http[:]//42[.]54[.]147[.]224[:]43491/i,offline
"32-bit,elf,mips,Mozi",http[:]//182[.]126[.]95[.]127[:]35631/bin[.]sh,offline
Mozi,http[:]//219[.]157[.]180[.]72[:]46711/bin[.]sh,offline
mirai,http[:]//221[.]209[.]83[.]46[:]46379/i,offline
"32-bit,elf,mips,Mozi",http[:]//42[.]234[.]232[.]151[:]35677/i,offline
"32-bit,arm,elf,mirai,Mozi",http[:]//119[.]73[.]59[.]113[:]51110/i,offline
Mozi,http[:]//222[.]142[.]208[.]152[:]36145/i,offline
mirai,http[:]//221[.]209[.]83[.]46[:]46379/bin[.]sh,offline
"32-bit,elf,mips,Mozi",http[:]//115[.]57[.]239[.]68[:]59935/bin[.]sh,offline
,http[:]//61[.]53[.]236[.]32[:]49022/i,offline
"32-bit,elf,mips,Mozi",http[:]//123[.]11[.]193[.]146[:]39743/i,offline
"js,opendir",https[:]//productoslili[.]cl/cv/IBAN[.]js,offline
"exe,Formbook,opendir",https[:]//productoslili[.]cl/cv/cr[.]exe,offline
"exe,Formbook,opendir",https[:]//productoslili[.]cl/cv/cr1[.]exe,offline
"Formbook,opendir,zip",https[:]//productoslili[.]cl/cv/IBAN[.]zip,offline
"hta,rat,RemcosRAT",http[:]//107[.]173[.]227[.]74/81/greatdayscomingfromthe[.]hta,offline
"32-bit,elf,mips,Mozi",http[:]//123[.]11[.]193[.]146[:]39743/bin[.]sh,offline
,http[:]//61[.]53[.]236[.]32[:]49022/bin[.]sh,offline
"stego,xworm",https[:]//adopdf[.]shop/msitime[.]png,offline
"stego,xworm",https[:]//adopdf[.]shop/lkff[.]png,offline
"ascii,powershell,ps1,PureLogsStealer",https[:]//wwalucircle[.]com/wp-admin/crypted[.]ps1,offline
mirai,http[:]//101[.]109[.]243[.]108[:]44866/i,offline
"rat,RemcosRAT,stego",https[:]//zunimar[.]cl/img/img_212234[.]png,offline
"32-bit,elf,mips,Mozi",http[:]//115[.]53[.]209[.]141[:]35634/bin[.]sh,offline
,http[:]//172[.]233[.]43[.]198/run[.]sh,offline
"32-bit,arm,elf,mirai,Mozi",http[:]//175[.]9[.]132[.]63[:]50484/i,offline
"ascii,powershell,ps1",http[:]//23[.]95[.]147[.]80/JOHN/ty/mikr/jkhuju677886[.]ps1,offline
"connectwise,rmm,screenconnect,zip",https[:]//download[.]pocketbitcoindesktop[.]com/PocketSetupBundle[.]zip,offline
,http[:]//fileget[.]plumbco[.]co[.]nz/download[.]php/Verifica_Documentazione_Aziendale_2026,offline
"32-bit,elf,mips,Mozi",http[:]//119[.]114[.]237[.]76[:]34272/i,offline
"elf,mirai,ua-wget",http[:]//176[.]65[.]139[.]218/bins/David[.]arm6,online
"elf,mirai,ua-wget",http[:]//176[.]65[.]139[.]218/bins/David[.]sh4,online
"elf,mirai,ua-wget",http[:]//176[.]65[.]139[.]218/bins/David[.]x86,online
"elf,mirai,ua-wget",http[:]//176[.]65[.]139[.]218/bins/David[.]ppc,online
"elf,mirai,ua-wget",http[:]//176[.]65[.]139[.]218/bins/David[.]m68k,online
"elf,mirai,ua-wget",http[:]//176[.]65[.]139[.]218/bins/David[.]arm7,online
"elf,mirai,ua-wget",http[:]//176[.]65[.]139[.]218/bins/David[.]mips,online
"elf,mirai,ua-wget",http[:]//176[.]65[.]139[.]218/bins/David[.]mpsl,online
"elf,mirai,ua-wget",http[:]//176[.]65[.]139[.]218/bins/David[.]arm,online
"elf,ua-wget",http[:]//176[.]65[.]139[.]218/bins/David[.]mips64,offline
"elf,ua-wget",http[:]//176[.]65[.]139[.]218/bins/David[.]sparc,offline
"elf,ua-wget",http[:]//176[.]65[.]139[.]218/bins/David[.]x86_64,offline
"elf,ua-wget",http[:]//176[.]65[.]139[.]218/bins/David[.]i686,offline
"ascii,bash,sh,ua-wget",http[:]//38[.]146[.]27[.]178/302/tokenlinux[.]sh,offline
"ascii,bash,sh,ua-wget",http[:]//202[.]73[.]4[.]32[:]8008/install[.]sh,offline
"elf,mirai,ua-wget",http[:]//176[.]65[.]139[.]218/bins/David[.]arm5,online
"elf,ua-wget",http[:]//176[.]65[.]139[.]218/bins/David[.]arc,offline
"ascii,Formbook,powershell,ps1",https[:]//dugovicova[.]sk/wp-includes/sitemaps/kt1clur/xncdptb/corxlek/crypted[.]ps1,offline
,https[:]//files[.]catbox[.]moe/ou3kyq[.]zip,offline
mirai,http[:]//120[.]28[.]215[.]116[:]56895/i,offline
"32-bit,elf,mips,Mozi",http[:]//182[.]113[.]35[.]132[:]45947/i,offline
"exe,payload,VexxStealer",https[:]//api[.]vexxuhq[.]site/download/,offline
"malware-download,telnet",http[:]//118[.]145[.]196[.]225[:]800/mips,offline
"malware-download,telnet",http[:]//118[.]145[.]196[.]225[:]800/mipsel,offline
"malware-download,telnet",http[:]//118[.]145[.]196[.]225[:]800/armv4l,offline
"malware-download,redis",https[:]//101[.]99[.]76[.]207[:]443/stage/4dec2ccf1cad19cd345ef65d21d4badf,offline
"malware-download,redis",https[:]//101[.]99[.]76[.]207[:]443/stage/1d459904d8a88dd404b6bdc029a7db14,offline
"malware-download,redis",https[:]//101[.]99[.]76[.]207[:]443/stage/3acfcbe3afbe08b9d5a28d9609140e89,offline
,http[:]//94[.]154[.]43[.]192/order[.]mipsel,offline
Mozi,http[:]//221[.]15[.]9[.]134[:]32847/i,offline
mirai,http[:]//105[.]186[.]250[.]69[:]60237/i,offline
"32-bit,arm,elf,mirai,Mozi",http[:]//196[.]190[.]69[.]149[:]39915/i,offline
mirai,http[:]//105[.]186[.]250[.]69[:]60237/bin[.]sh,offline
"32-bit,arm,elf,mirai,Mozi",http[:]//105[.]186[.]68[.]95[:]51351/i,offline
"32-bit,arm,elf,mirai,Mozi",http[:]//105[.]186[.]68[.]95[:]51351/bin[.]sh,offline
"32-bit,elf,mips,Mozi",http[:]//59[.]97[.]253[.]127[:]60070/i,offline
"32-bit,arm,elf,mirai,Mozi",http[:]//113[.]206[.]10[.]45[:]47047/i,offline
"32-bit,elf,mips,Mozi",http[:]//42[.]239[.]230[.]18[:]57135/i,offline
"32-bit,arm,elf,mirai,Mozi",http[:]//113[.]206[.]10[.]45[:]47047/bin[.]sh,offline
mirai,http[:]//196[.]189[.]9[.]27[:]37953/i,offline
,http[:]//119[.]109[.]222[.]133[:]35395/i,offline
"32-bit,elf,mips,Mozi",http[:]//27[.]219[.]50[.]172[:]60907/bin[.]sh,offline
mirai,http[:]//105[.]184[.]107[.]242[:]45947/i,offline
"32-bit,elf,mips,Mozi",http[:]//42[.]239[.]230[.]18[:]57135/bin[.]sh,offline
mirai,http[:]//105[.]184[.]107[.]242[:]45947/bin[.]sh,offline
,http[:]//182[.]126[.]84[.]63[:]48055/i,offline
,http[:]//178[.]206[.]107[.]117[:]4073/i,offline
"32-bit,elf,mips,Mozi",http[:]//182[.]119[.]58[.]13[:]36085/i,offline
mirai,http[:]//125[.]160[.]142[.]97[:]33577/i,offline
,http[:]//182[.]126[.]84[.]63[:]48055/bin[.]sh,offline
"32-bit,elf,mips,Mozi",http[:]//182[.]127[.]164[.]233[:]54829/i,offline
mirai,http[:]//125[.]160[.]142[.]97[:]33577/bin[.]sh,offline
mirai,http[:]//170[.]84[.]132[.]250[:]59150/bin[.]sh,offline
,http[:]//119[.]115[.]63[.]252[:]37885/bin[.]sh,offline
Mozi,http[:]//219[.]155[.]221[.]211[:]59227/i,offline
Mozi,http[:]//27[.]215[.]180[.]241[:]57800/i,offline
Mozi,http[:]//27[.]215[.]180[.]241[:]57800/bin[.]sh,offline
"32-bit,elf,mips,Mozi",http[:]//182[.]127[.]164[.]233[:]54829/bin[.]sh,offline
,http[:]//27[.]219[.]50[.]172[:]60907/i,offline
mirai,http[:]//180[.]190[.]240[.]131[:]55186/i,offline
mirai,http[:]//106[.]40[.]240[.]103[:]50240/i,offline
"32-bit,elf,mips,Mozi",http[:]//221[.]13[.]248[.]65[:]47970/i,offline
"32-bit,elf,mips,Mozi",http[:]//61[.]53[.]152[.]228[:]38010/i,offline
"32-bit,elf,mips,Mozi",http[:]//103[.]179[.]240[.]227[:]38264/i,offline
"32-bit,arm,elf,mirai,Mozi",http[:]//105[.]184[.]180[.]148[:]36857/i,offline
"32-bit,arm,elf,mirai,Mozi",http[:]//105[.]184[.]180[.]148[:]36857/bin[.]sh,offline
"32-bit,elf,mips,Mozi",http[:]//182[.]118[.]244[.]134[:]34417/i,offline
"32-bit,arm,elf,mirai,Mozi",http[:]//115[.]230[.]76[.]101[:]37221/i,offline
"32-bit,arm,elf,mirai,Mozi",http[:]//38[.]75[.]202[.]173[:]44405/i,offline
"32-bit,elf,mips,Mozi",http[:]//182[.]112[.]182[.]6[:]41117/i,offline
"32-bit,arm,elf,mirai,Mozi",http[:]//38[.]75[.]202[.]173[:]44405/bin[.]sh,offline
"32-bit,elf,mips,Mozi",http[:]//113[.]238[.]99[.]109[:]46495/i,offline
"32-bit,elf,mips,Mozi",http[:]//182[.]118[.]244[.]134[:]34417/bin[.]sh,offline
"32-bit,elf,mips,Mozi",http[:]//113[.]238[.]99[.]109[:]46495/bin[.]sh,offline
"32-bit,arm,elf,mirai,Mozi",http[:]//210[.]208[.]111[.]234[:]49349/bin[.]sh,offline
"32-bit,elf,mips,Mozi",http[:]//175[.]173[.]129[.]69[:]57947/bin[.]sh,offline
"dropped-by-Stealc,GLOBAL,nvideo",https[:]//globalsupportupdate[.]top/enc[.]exe,offline
"32-bit,elf,mips,Mozi",http[:]//115[.]50[.]7[.]192[:]56498/bin[.]sh,offline
"32-bit,arm,elf,mirai,Mozi",http[:]//36[.]70[.]111[.]17[:]52592/i,offline
"32-bit,arm,elf,mirai,Mozi",http[:]//105[.]225[.]100[.]208[:]33755/bin[.]sh,offline
"encrypted,GuLoader,rat,RemcosRAT",https[:]//drive[.]google[.]com/uc?export=download&id=1vGK7VwXP5gMMSm47LY8cn6Jw4bf8tFOp,offline
"ascii,Encoded,GuLoader,rat,RemcosRAT",https[:]//drive[.]google[.]com/uc?export=download&id=1NQFkpFufupWakv5t5BlwnirI3TmrKoPw,offline
"ascii,Encoded,GuLoader,rat,RemcosRAT",https[:]//drive[.]google[.]com/uc?export=download&id=1yrdjegjjRJwouQAawbZs2ssombia2PDw,offline
"encrypted,GuLoader,rat,RemcosRAT",https[:]//drive[.]google[.]com/uc?export=download&id=1KH3sfRGqojZzIETO2SQVXeZfnrv9gPoi,offline
"Encoded,GuLoader,rat,RemcosRAT",https[:]//drive[.]google[.]com/uc?export=download&id=15PE9xs7YgZwZpsEZTl__yTsrk0OsjiKB,offline
"ascii,Encoded,GuLoader,rat,RemcosRAT",https[:]//drive[.]google[.]com/uc?export=download&id=1x4p5eilCDCy_aBTKjv4LQnQNWStlk3MX,offline
"ascii,Encoded,GuLoader,rat,RemcosRAT",https[:]//drive[.]google[.]com/uc?export=download&id=1TEl5dE_u2rdOAUcVgIgBxuVV4E94FU_D,offline
"d52f85,dropped-by-amadey",http[:]//62[.]60[.]226[.]140/files/1372270670/EsIdVtS[.]exe,offline
"exe,PureLogsStealer",https[:]//abilityindisabilityindia[.]org/wewe[.]exe,offline
"encrypted,GuLoader,rat,RemcosRAT",https[:]//drive[.]google[.]com/uc?export=download&id=18Sk2_goSIJdTQeofy4br2IZZSSWUj6q2,offline
"ascii,Encoded,GuLoader,rat,RemcosRAT",https[:]//drive[.]google[.]com/uc?export=download&id=1HS8TsqD0A4pQPLmjPMAShT74KCIb_yMk,offline
"rat,RemcosRAT,stego",https[:]//od[.]lk/s/MTZfMjA1NjE4Mjg1X3Uwdk5H/img_233217[.]png,offline
"rat,RemcosRAT,stego",https[:]//web[.]opendrive[.]com/api/v1/download/file[.]json/MTZfMjA1NjE3OTY2X2c4UG1u?inline=1,offline
"rat,RemcosRAT,stego",https[:]//web[.]opendrive[.]com/api/v1/download/file[.]json/MTZfMjA1NjE4Mjg1X3Uwdk5H?inline=1,offline
"AgentTesla,stego",https[:]//lively-fog-af49[.]pablosoftwareplus[.]workers[.]dev/tfDyw,offline
"rat,RemcosRAT,stego",https[:]//web[.]opendrive[.]com/api/v1/download/file[.]json/MThfNzM3NzA4MDVfc0cwenI?inline=1,offline
"rat,RemcosRAT,stego",https[:]//web[.]opendrive[.]com/api/v1/download/file[.]json/MThfNzM3NzA4MDJfaThiVFo?inline=1,offline
"AgentTesla,stego",https[:]//long-wildflower-b4f5[.]gustavosoftware[.]workers[.]dev/KNikZ,offline
"AgentTesla,stego",https[:]//pub-80a0cc6d7e3d475dac1422cf49122362[.]r2[.]dev/mianxer[.]png,offline
"opendir,xz",https[:]//87130921-60-20220830152356[.]webstarterz[.]com/new/vvv/Alloy%20-%20Parts%20inquiry[.]js[.]xz,online
"ascii,opendir,powershell,ps1",https[:]//87130921-60-20220830152356[.]webstarterz[.]com/vic/crypted[.]ps1,offline
"ascii,opendir,powershell,ps1,xworm",http[:]//87130921-60-20220830152356[.]webstarterz[.]com/crypted[.]ps1,offline
"AgentTesla,stego",http[:]//epsinf[.]com/yom/app/centos/4[.]jpg,online
"AgentTesla,stego",http[:]//blueoceanealtd[.]co[.]ke/our-expertise/4[.]jpg,offline
"32-bit,arm,elf,mirai,Mozi",http[:]//36[.]70[.]111[.]17[:]52592/bin[.]sh,offline
"MassLogger,stego",https[:]//lively-fog-af49[.]pablosoftwareplus[.]workers[.]dev/pQMSO,offline
"MassLogger,stego",http[:]//107[.]150[.]72[.]207/img_111856[.]png,offline
"d52f85,dropped-by-amadey",https[:]//panel[.]mkk9991999912[.]observer/support-files/45d476f05039325d843f00ead9fc94b59fa74f25178a90d6/Pruva-Buyuk-0[.]1[.]6[.]exe,offline
xworm,https[:]//files[.]catbox[.]moe/emzd6d[.]zip,offline
"ascii,opendir,powershell,ps1",http[:]//23[.]95[.]147[.]80/web/35433rrrre345[.]ps1,offline
"ascii,opendir,powershell,ps1",http[:]//23[.]95[.]147[.]80/web/JOHN21/783784345343[.]ps1,offline
"ascii,opendir,powershell,ps1",http[:]//23[.]95[.]147[.]80/web/JOHN21/5T5T/35434FGRT[.]ps1,offline
"ascii,opendir,powershell,ps1",http[:]//23[.]95[.]147[.]80/JOHN/56666666665557[.]ps1,offline
"ascii,Encoded",https[:]//02teste[.]cc/Margarina/T03[.]txt,offline
"32-bit,arm,elf,mirai,Mozi",http[:]//125[.]119[.]75[.]223[:]58343/bin[.]sh,offline
"c2-monitor-auto,dropped-by-amadey,rustystealer",http[:]//91[.]92[.]242[.]236/files-129312398/files/file_ea7a051a82d4b3b5[.]exe,online
"c2-monitor-auto,dropped-by-amadey",http[:]//91[.]92[.]242[.]236/files-129312398/files/file_1951c3c55f06d767[.]exe,offline
"ClickFix,powershell",http[:]//hip-hop-comms[.]com,offline
"32-bit,elf,mips,Mozi",http[:]//42[.]230[.]185[.]219[:]56581/i,offline
" amos, macos, stealer, wallet-hijack,ClickFix",https[:]//loop-lumen[.]com/zxc/appex[.]zip,offline
"c2-monitor-auto,dropped-by-amadey",http[:]//91[.]92[.]242[.]236/files-129312398/files/file_f72e5551675befb7[.]exe,offline
" amos, macos, stealer, wallet-hijack,ClickFix",https[:]//loop-lumen[.]com/zxc/app[.]zip,online
" amos, macos, stealer, wallet-hijack,ClickFix",https[:]//loop-lumen[.]com/zxc/apptwo[.]zip,offline
"32-bit,elf,mips,Mozi",http[:]//39[.]87[.]255[.]120[:]55663/bin[.]sh,offline
"32-bit,elf,mips,Mozi",http[:]//42[.]230[.]185[.]219[:]56581/bin[.]sh,offline
"cowrie,honeypot,mirai",http[:]//176[.]65[.]139[.]235/order[.]mips,offline
"cowrie,honeypot,mirai",http[:]//176[.]65[.]139[.]235/cat[.]sh,offline
"cowrie,honeypot,mirai",http[:]//176[.]65[.]139[.]235/order[.]armv4l,offline
"cowrie,honeypot,mirai",http[:]//176[.]65[.]139[.]235/order[.]x86_32,offline
"cowrie,honeypot,mirai",http[:]//176[.]65[.]139[.]235/order[.]mipsel,offline
"150-40-127-145,mirai,sh,ua-wget",http[:]//150[.]40[.]127[.]145/sora[.]sh,offline
"150-40-127-145,mirai,sh,ua-wget",http[:]//150[.]40[.]127[.]145/gpon443,offline
"150-40-127-145,mirai,sh,ua-wget",http[:]//150[.]40[.]127[.]145/yarn,offline
"150-40-127-145,mirai,sh,ua-wget",http[:]//150[.]40[.]127[.]145/aws,offline
"150-40-127-145,mirai,sh,ua-wget",http[:]//150[.]40[.]127[.]145/zyxel,offline
"150-40-127-145,mirai,sh,ua-wget",http[:]//150[.]40[.]127[.]145/zte,offline
"150-40-127-145,mirai,sh,ua-wget",http[:]//150[.]40[.]127[.]145/hnap,offline
"150-40-127-145,mirai,sh,ua-wget",http[:]//150[.]40[.]127[.]145/goahead,offline
"150-40-127-145,mirai,sh,ua-wget",http[:]//150[.]40[.]127[.]145/jaws,offline
"150-40-127-145,mirai,sh,ua-wget",http[:]//150[.]40[.]127[.]145/thinkphp,offline
"150-40-127-145,mirai,sh,ua-wget",http[:]//150[.]40[.]127[.]145/pay,offline
"150-40-127-145,mirai,sh,ua-wget",http[:]//150[.]40[.]127[.]145/realtek,offline
"150-40-127-145,mirai,sh,ua-wget",http[:]//150[.]40[.]127[.]145/huawei,offline
"150-40-127-145,mirai,sh,ua-wget",http[:]//150[.]40[.]127[.]145/bin,offline
"150-40-127-145,elf,mirai,ua-wget",http[:]//150[.]40[.]127[.]145/bins/sora[.]arm,offline
"150-40-127-145,mirai,sh,ua-wget",http[:]//150[.]40[.]127[.]145/pulse,offline
"150-40-127-145,mirai,sh,ua-wget",http[:]//150[.]40[.]127[.]145/lg,offline
"176-65-139-152,elf,mirai,ua-wget",http[:]//176[.]65[.]139[.]152/titan[.]i486,offline
"176-65-139-152,elf,mirai,ua-wget",http[:]//176[.]65[.]139[.]152/titan[.]i586,offline
"176-65-139-152,elf,mirai,ua-wget",http[:]//176[.]65[.]139[.]152/titan[.]ppc440,offline
"176-65-139-152,elf,mirai,ua-wget",http[:]//176[.]65[.]139[.]152/titan[.]sh4,offline
"176-65-139-152,elf,mirai,ua-wget",http[:]//176[.]65[.]139[.]152/titan[.]i686,offline
"176-65-139-152,elf,mirai,ua-wget",http[:]//176[.]65[.]139[.]152/titan[.]mips,offline
"176-65-139-152,elf,mirai,ua-wget",http[:]//176[.]65[.]139[.]152/titan[.]x64,offline
"176-65-139-152,elf,mirai,ua-wget",http[:]//176[.]65[.]139[.]152/titan[.]mipsel,offline
"176-65-139-152,elf,mirai,ua-wget",http[:]//176[.]65[.]139[.]152/titan[.]arm7,offline
"176-65-139-152,elf,mirai,ua-wget",http[:]//176[.]65[.]139[.]152/titan[.]arm6,offline
"176-65-139-152,elf,mirai,ua-wget",http[:]//176[.]65[.]139[.]152/titan[.]arm4tl,offline
"176-65-139-152,elf,mirai,ua-wget",http[:]//176[.]65[.]139[.]152/titan[.]x64-test,offline
"176-65-139-152,elf,mirai,ua-wget",http[:]//176[.]65[.]139[.]152/titan[.]m68k,offline
"176-65-139-152,elf,mirai,ua-wget",http[:]//176[.]65[.]139[.]152/titan[.]x32,offline
"176-65-139-152,elf,mirai,ua-wget",http[:]//176[.]65[.]139[.]152/titan[.]arm5,offline
"176-65-139-152,elf,mirai,ua-wget",http[:]//176[.]65[.]139[.]152/titan[.]ppc,offline
"176-65-139-152,elf,mirai,ua-wget",http[:]//176[.]65[.]139[.]152/titan[.]arm4l,offline
"32-bit,arm,elf,mirai,Mozi",http[:]//105[.]224[.]194[.]193[:]59569/i,offline
"32-bit,elf,mips,Mozi",http[:]//39[.]90[.]147[.]246[:]58169/i,offline
"32-bit,elf,mips,Mozi",http[:]//112[.]248[.]124[.]14[:]33320/i,offline
"32-bit,arm,elf,mirai,Mozi",http[:]//125[.]106[.]114[.]59[:]42629/i,offline
"connectwise,malspam,screenconnect",http[:]//178-83-121-204[.]cprapid[.]com/ssi_statement_2026[.]msi,offline
"32-bit,arm,elf,mirai,Mozi",http[:]//105[.]224[.]194[.]193[:]59569/bin[.]sh,offline
"32-bit,elf,mips,Mozi",http[:]//39[.]90[.]147[.]246[:]58169/bin[.]sh,offline
"94-154-43-120,elf,mirai,ua-wget",http[:]//94[.]154[.]43[.]120/mipsle,offline
"94-154-43-120,elf,mirai,ua-wget",http[:]//94[.]154[.]43[.]120/armv7l,offline
"94-154-43-120,elf,mirai,ua-wget",http[:]//94[.]154[.]43[.]120/android_arm64,offline
"94-154-43-120,elf,mirai,ua-wget",http[:]//94[.]154[.]43[.]120/arm6,offline
"94-154-43-120,elf,mirai,ua-wget",http[:]//94[.]154[.]43[.]120/amd64,offline
"94-154-43-120,elf,mirai,ua-wget",http[:]//94[.]154[.]43[.]120/arm,offline
"94-154-43-120,elf,mirai,ua-wget",http[:]//94[.]154[.]43[.]120/arm5,offline
"94-154-43-120,elf,mirai,ua-wget",http[:]//94[.]154[.]43[.]120/x86,offline
"94-154-43-120,elf,mirai,ua-wget",http[:]//94[.]154[.]43[.]120/i386,offline
"94-154-43-120,elf,mirai,ua-wget",http[:]//94[.]154[.]43[.]120/arm64,offline
"94-154-43-120,elf,mirai,ua-wget",http[:]//94[.]154[.]43[.]120/mips,offline
"94-154-43-120,exe,ua-wget",http[:]//94[.]154[.]43[.]120/bot[.]exe,offline
"94-154-43-120,mirai,sh,ua-wget",http[:]//94[.]154[.]43[.]120/bins[.]sh,offline
"94-154-43-60,elf,mirai,ua-wget",http[:]//94[.]154[.]43[.]60/mips,offline
"94-154-43-60,elf,mirai,ua-wget",http[:]//94[.]154[.]43[.]60/wife[.]ppc,offline
"94-154-43-60,elf,mirai,ua-wget",http[:]//94[.]154[.]43[.]60/wife[.]i686,offline
"94-154-43-60,elf,mirai,ua-wget",http[:]//94[.]154[.]43[.]60/wife[.]spc,offline
"94-154-43-60,elf,mirai,ua-wget",http[:]//94[.]154[.]43[.]60/arm7,offline
"32-bit,arm,elf,mirai,Mozi",http[:]//125[.]106[.]114[.]59[:]42629/bin[.]sh,offline
"94-154-43-60,elf,mirai,ua-wget",http[:]//94[.]154[.]43[.]60/wife[.]arm5,offline
"94-154-43-60,elf,mirai,ua-wget",http[:]//94[.]154[.]43[.]60/wife[.]ppc440,offline
"94-154-43-60,elf,mirai,ua-wget",http[:]//94[.]154[.]43[.]60/x86,offline
"94-154-43-60,elf,mirai,ua-wget",http[:]//94[.]154[.]43[.]60/wife[.]sh4,offline
"94-154-43-60,elf,mirai,ua-wget",http[:]//94[.]154[.]43[.]60/wife[.]i486,offline
"94-154-43-60,elf,mirai,ua-wget",http[:]//94[.]154[.]43[.]60/arm4,offline
"94-154-43-60,elf,mirai,ua-wget",http[:]//94[.]154[.]43[.]60/wife[.]m68k,offline
"94-154-43-60,elf,mirai,ua-wget",http[:]//94[.]154[.]43[.]60/wife[.]mpsl,offline
"94-154-43-60,elf,mirai,ua-wget",http[:]//94[.]154[.]43[.]60/wife[.]arm6,offline
"94-154-43-38,elf,mirai,ua-wget",http[:]//94[.]154[.]43[.]38/arm,offline
"94-154-43-38,elf,mirai,ua-wget",http[:]//94[.]154[.]43[.]38/arm7,offline
"94-154-43-38,elf,mirai,ua-wget",http[:]//94[.]154[.]43[.]38/x86,offline
"94-154-43-38,elf,mirai,ua-wget",http[:]//94[.]154[.]43[.]38/arm8,offline
"94-154-43-38,elf,mirai,ua-wget",http[:]//94[.]154[.]43[.]38/arm5,offline
"94-154-43-38,elf,mirai,ua-wget",http[:]//94[.]154[.]43[.]38/ppc,offline
"94-154-43-38,sh,ua-wget",http[:]//94[.]154[.]43[.]38/launch[.]sh,offline
"94-154-43-38,elf,mirai,ua-wget",http[:]//94[.]154[.]43[.]38/mips,offline
"94-154-43-38,elf,mirai,ua-wget",http[:]//94[.]154[.]43[.]38/arm6,offline
"94-154-43-38,elf,mirai,ua-wget",http[:]//94[.]154[.]43[.]38/android-arm64,offline
"94-154-43-38,elf,mirai,ua-wget",http[:]//94[.]154[.]43[.]38/mipsel,offline
"94-154-43-38,elf,mirai,ua-wget",http[:]//94[.]154[.]43[.]38/x86_64,offline
"94-154-43-38,elf,mirai,ua-wget",http[:]//94[.]154[.]43[.]38/mips64,offline
"94-154-43-38,elf,mirai,ua-wget",http[:]//94[.]154[.]43[.]38/s390x,offline
"94-154-43-38,elf,mirai,ua-wget",http[:]//94[.]154[.]43[.]38/m68k,offline
"94-154-43-38,elf,mirai,ua-wget",http[:]//94[.]154[.]43[.]38/riscv32,offline
"94-154-43-38,elf,mirai,ua-wget",http[:]//94[.]154[.]43[.]38/riscv64,offline
"94-154-43-38,elf,mirai,ua-wget",http[:]//94[.]154[.]43[.]38/ppc64,offline
"94-154-43-38,elf,mirai,ua-wget",http[:]//94[.]154[.]43[.]38/android-arm,offline
"94-154-43-38,sh,ua-wget",http[:]//94[.]154[.]43[.]38/dl[.]sh,offline
"94-154-43-38,ua-wget",http[:]//94[.]154[.]43[.]38/or1k,offline
"32-bit,elf,mips,Mozi",http[:]//37[.]112[.]51[.]183[:]39000/i,offline
"32-bit,elf,mips,Mozi",http[:]//27[.]222[.]243[.]52[:]39549/bin[.]sh,offline
"32-bit,elf,mips,Mozi",http[:]//61[.]54[.]173[.]114[:]56222/i,offline
"32-bit,arm,elf,mirai,Mozi",http[:]//196[.]191[.]233[.]24[:]47579/bin[.]sh,offline
"32-bit,elf,mips,Mozi",http[:]//119[.]189[.]215[.]204[:]39465/i,offline
"elf,mirai,ua-wget",http[:]//150[.]40[.]127[.]145/bins/sora[.]spc,offline
"32-bit,arm,elf,mirai,Mozi",http[:]//101[.]108[.]252[.]170[:]37211/bin[.]sh,offline
"32-bit,arm,elf,mirai,Mozi",http[:]//105[.]224[.]34[.]139[:]60105/i,offline
GuLoader,https[:]//drive[.]google[.]com/uc?export=download&id=1HQEnhH1B1bdArmL6PY9UkQzbJWMWjfi_,offline
"hta,rat,RemcosRAT",http[:]//107[.]173[.]227[.]74/60/wegivingbestthingswithhimfor[.]hta,offline
"32-bit,arm,elf,mirai,Mozi",http[:]//105[.]224[.]34[.]139[:]60105/bin[.]sh,offline
"32-bit,elf,mips,Mozi",http[:]//85[.]15[.]112[.]44[:]52648/bin[.]sh,offline
"32-bit,elf,mips,Mozi",http[:]//85[.]15[.]112[.]44[:]52648/i,offline
gafgyt,http[:]//172[.]233[.]43[.]198/bins/xnxnxnxnxnxnxnxni386xnxn,offline
mirai,http[:]//172[.]233[.]43[.]198/bins/xnxnxnxnxnxnxnxnloongarch64xnxn,offline
gafgyt,http[:]//172[.]233[.]43[.]198/bins/xnxnxnxnxnxnxnxnaarch64xnxn,offline
,http[:]//172[.]233[.]43[.]198/bins/xnxnxnxnxnxnxnxnpowerpcxnxn,offline
mirai,http[:]//172[.]233[.]43[.]198/bins/xnxnxnxnxnxnxnxnsh2xnxn,offline
mirai,http[:]//172[.]233[.]43[.]198/bins/xnxnxnxnxnxnxnxnmipsxnxn,offline
mirai,http[:]//172[.]233[.]43[.]198/bins/xnxnxnxnxnxnxnxnmicroblazexnxn,offline
mirai,http[:]//172[.]233[.]43[.]198/bins/xnxnxnxnxnxnxnxnor1kxnxn,offline
mirai,http[:]//172[.]233[.]43[.]198/bins/xnxnxnxnxnxnxnxnriscv64xnxn,offline
mirai,http[:]//172[.]233[.]43[.]198/bins/xnxnxnxnxnxnxnxnsh4xnxn,offline
mirai,http[:]//172[.]233[.]43[.]198/bins/xnxnxnxnxnxnxnxnm68kxnxn,offline
gafgyt,http[:]//172[.]233[.]43[.]198/bins/xnxnxnxnxnxnxnxnx86_64xnxn,offline
,http[:]//172[.]233[.]43[.]198/bins/xnxnxnxnxnxnxnxnriscv32xnxn,offline
"32-bit,elf,mips,Mozi",http[:]//39[.]40[.]158[.]41[:]50979/i,offline
mirai,http[:]//36[.]68[.]93[.]208[:]57750/i,offline
Mozi,http[:]//59[.]180[.]138[.]173[:]54794/i,offline
"32-bit,arm,elf,mirai,Mozi",http[:]//210[.]208[.]111[.]2[:]34156/i,offline
,http[:]//60[.]19[.]71[.]59[:]41537/i,offline
,http[:]//94[.]156[.]166[.]167[:]45779/i,offline
,http[:]//61[.]137[.]135[.]70[:]41705/i,offline
Mozi,http[:]//222[.]142[.]208[.]152[:]36145/bin[.]sh,offline
Mozi,http[:]//42[.]224[.]122[.]31[:]35568/i,offline
,http[:]//60[.]18[.]70[.]99[:]45480/i,offline
mirai,http[:]//58[.]22[.]210[.]127[:]46509/i,offline
,http[:]//60[.]23[.]237[.]109[:]49551/i,offline
,http[:]//42[.]86[.]171[.]40[:]59939/i,offline
Mozi,http[:]//88[.]229[.]96[.]205[:]51803/i,offline
Mozi,http[:]//59[.]96[.]141[.]214[:]35681/i,offline
Mozi,http[:]//78[.]38[.]19[.]88[:]33374/i,offline
Mozi,http[:]//61[.]52[.]85[.]150[:]33059/bin[.]sh,offline
Mozi,http[:]//27[.]222[.]243[.]52[:]39549/i,offline
,http[:]//42[.]178[.]24[.]74[:]34992/i,offline
mirai,http[:]//58[.]22[.]210[.]127[:]46509/bin[.]sh,offline
,http[:]//42[.]178[.]24[.]74[:]34992/bin[.]sh,offline
,http[:]//60[.]23[.]237[.]38[:]47778/i,offline
Mozi,http[:]//27[.]215[.]47[.]72[:]34623/Mozi[.]m,offline
Mozi,http[:]//39[.]87[.]255[.]120[:]55663/i,offline
mirai,http[:]//38[.]58[.]200[.]25[:]40355/i,offline
,http[:]//60[.]22[.]106[.]25[:]33943/i,offline
Mozi,http[:]//59[.]97[.]250[.]112[:]57383/i,offline
,http[:]//60[.]23[.]237[.]178[:]38724/bin[.]sh,offline
Mozi,http[:]//42[.]224[.]122[.]31[:]35568/bin[.]sh,offline
,http[:]//42[.]179[.]15[.]63[:]42441/bin[.]sh,offline
Mozi,http[:]//61[.]52[.]198[.]150[:]40687/i,offline
,http[:]//42[.]54[.]93[.]37[:]35285/bin[.]sh,offline
mirai,http[:]//221[.]3[.]87[.]188[:]42241/i,online
Mozi,http[:]//42[.]232[.]228[.]172[:]53412/i,offline
Mozi,http[:]//61[.]52[.]198[.]150[:]40687/bin[.]sh,offline
mirai,http[:]//196[.]189[.]69[.]192[:]45951/i,offline
Mozi,http[:]//78[.]187[.]104[.]169[:]33573/i,offline
,http[:]//42[.]232[.]228[.]172[:]53412/bin[.]sh,offline
,http[:]//61[.]137[.]135[.]70[:]41705/bin[.]sh,offline
Mozi,http[:]//112[.]248[.]187[.]85[:]51786/bin[.]sh,offline
,http[:]//42[.]5[.]65[.]95[:]51307/bin[.]sh,offline
,http[:]//42[.]86[.]171[.]40[:]59939/bin[.]sh,offline
Mozi,http[:]//88[.]229[.]96[.]205[:]51803/bin[.]sh,offline
,http[:]//163[.]142[.]92[.]205[:]49614/i,offline
Mozi,http[:]//162[.]246[.]27[.]201[:]42053/i,offline
Mozi,http[:]//162[.]246[.]27[.]201[:]42053/bin[.]sh,offline
,http[:]//124[.]162[.]69[.]33[:]56212/i,offline
mirai,http[:]//124[.]234[.]131[.]24[:]53745/i,offline
mirai,http[:]//180[.]191[.]49[.]27[:]47666/bin[.]sh,offline
mirai,http[:]//119[.]73[.]59[.]113[:]60742/bin[.]sh,offline
mirai,http[:]//114[.]198[.]242[.]174[:]38879/bin[.]sh,offline
Mozi,http[:]//115[.]57[.]81[.]140[:]43219/i,offline
Mozi,http[:]//182[.]124[.]164[.]121[:]44732/i,offline
Mozi,http[:]//123[.]234[.]191[.]177[:]42672/bin[.]sh,offline
mirai,http[:]//124[.]158[.]191[.]121[:]35084/i,offline
mirai,http[:]//120[.]28[.]215[.]116[:]56895/bin[.]sh,offline
,http[:]//123[.]188[.]90[.]193[:]56180/bin[.]sh,offline
mirai,http[:]//221[.]3[.]87[.]188[:]42241/bin[.]sh,online
mirai,http[:]//216[.]126[.]86[.]93[:]35535/bin[.]sh,offline
mirai,http[:]//216[.]126[.]86[.]93[:]35535/i,offline
Mozi,http[:]//125[.]43[.]43[.]232[:]50073/i,offline
Mozi,http[:]//125[.]43[.]43[.]232[:]50073/bin[.]sh,offline
mirai,http[:]//175[.]31[.]228[.]93[:]43869/i,offline
Mozi,http[:]//182[.]127[.]168[.]147[:]41164/bin[.]sh,offline
mirai,http[:]//124[.]158[.]191[.]121[:]35084/bin[.]sh,offline
,http[:]//175[.]175[.]53[.]11[:]51051/i,offline
mirai,http[:]//120[.]28[.]215[.]36[:]39145/i,offline
mirai,http[:]//210[.]208[.]110[.]172[:]46277/bin[.]sh,offline
mirai,http[:]//210[.]208[.]110[.]20[:]50244/bin[.]sh,offline
mirai,http[:]//175[.]31[.]228[.]93[:]43869/bin[.]sh,offline
,http[:]//175[.]173[.]129[.]69[:]57947/i,offline
,http[:]//119[.]109[.]203[.]132[:]45066/i,offline
mirai,http[:]//120[.]28[.]219[.]231[:]49376/i,offline
Mozi,http[:]//115[.]62[.]184[.]242[:]60983/bin[.]sh,offline
Mozi,http[:]//221[.]15[.]252[.]177[:]50496/i,offline
,http[:]//175[.]165[.]83[.]181[:]51363/i,offline
Mozi,http[:]//221[.]15[.]252[.]177[:]50496/bin[.]sh,offline
,http[:]//202[.]107[.]5[.]128[:]55295/bin[.]sh,offline
mirai,http[:]//115[.]59[.]231[.]52[:]49670/i,offline
Mozi,http[:]//220[.]202[.]90[.]41[:]58445/bin[.]sh,offline
mirai,http[:]//124[.]6[.]165[.]86[:]60366/i,offline
,http[:]//173[.]92[.]213[.]119[:]60151/i,offline
Mozi,http[:]//182[.]121[.]172[.]105[:]50668/i,offline
Mozi,http[:]//123[.]8[.]18[.]67[:]50984/Mozi[.]m,offline
Mozi,http[:]//125[.]47[.]87[.]230[:]46876/bin[.]sh,offline
,http[:]//1[.]196[.]104[.]238[:]59295/Mozi[.]m,offline
mirai,http[:]//180[.]191[.]49[.]27[:]47666/i,offline
,http[:]//182[.]117[.]104[.]197[:]35137/bin[.]sh,offline
Mozi,http[:]//123[.]11[.]67[.]64[:]36420/bin[.]sh,offline
,http[:]//123[.]188[.]90[.]193[:]56180/i,offline
mirai,http[:]//115[.]59[.]231[.]52[:]49670/bin[.]sh,offline
Mozi,http[:]//125[.]47[.]85[.]70[:]56972/bin[.]sh,offline
Mozi,http[:]//219[.]156[.]153[.]14[:]38441/i,offline
,http[:]//202[.]107[.]5[.]128[:]55295/i,offline
Mozi,http[:]//119[.]189[.]215[.]204[:]39465/bin[.]sh,offline
mirai,http[:]//170[.]84[.]132[.]250[:]59150/i,offline
,http[:]//119[.]73[.]59[.]113[:]60742/i,offline
mirai,http[:]//199[.]16[.]59[.]198[:]35572/i,offline
,http[:]//120[.]84[.]215[.]253[:]53753/bin[.]sh,offline
Mozi,http[:]//115[.]60[.]223[.]220[:]39065/bin[.]sh,offline
Mozi,http[:]//115[.]50[.]7[.]192[:]56498/i,offline
mirai,http[:]//196[.]191[.]233[.]24[:]47579/i,offline
Mozi,http[:]//115[.]62[.]184[.]123[:]60624/i,offline
Mozi,http[:]//115[.]52[.]42[.]203[:]48646/i,offline
,http[:]//175[.]165[.]87[.]72[:]39948/i,offline
Mozi,http[:]//115[.]55[.]50[.]151[:]37533/i,offline
,http[:]//113[.]237[.]109[.]100[:]45523/i,offline
Mozi,http[:]//219[.]157[.]185[.]133[:]38783/i,offline
Mozi,http[:]//123[.]5[.]170[.]8[:]46113/i,offline
,http[:]//113[.]237[.]109[.]100[:]45523/bin[.]sh,offline
Mozi,http[:]//182[.]117[.]104[.]197[:]35137/i,offline
mirai,http[:]//180[.]120[.]0[.]49[:]44129/i,online
Mozi,http[:]//182[.]112[.]210[.]5[:]59738/i,offline
mirai,http[:]//180[.]120[.]0[.]49[:]44129/bin[.]sh,online
Mozi,http[:]//115[.]55[.]59[.]170[:]60306/i,offline
Mozi,http[:]//115[.]62[.]184[.]123[:]60624/bin[.]sh,offline
Mozi,http[:]//182[.]112[.]210[.]5[:]59738/bin[.]sh,offline
,http[:]//220[.]201[.]17[.]207[:]34929/i,offline
mirai,http[:]//113[.]221[.]44[.]37[:]55307/bin[.]sh,offline
Mozi,http[:]//117[.]245[.]135[.]241[:]48870/i,offline
Mozi,http[:]//123[.]14[.]85[.]183[:]47055/bin[.]sh,offline
Mozi,http[:]//115[.]50[.]229[.]130[:]55514/i,offline
,http[:]//124[.]94[.]221[.]85[:]55986/bin[.]sh,offline
mirai,http[:]//180[.]191[.]34[.]236[:]40802/i,offline
Mozi,http[:]//115[.]56[.]159[.]4[:]56622/i,offline
Mozi,http[:]//125[.]47[.]87[.]230[:]46876/i,offline
Mozi,http[:]//115[.]55[.]50[.]151[:]37533/bin[.]sh,offline
Mozi,http[:]//123[.]11[.]67[.]64[:]36420/i,offline
mirai,http[:]//210[.]208[.]111[.]2[:]34156/bin[.]sh,offline
,http[:]//175[.]173[.]86[.]157[:]50777/i,offline
Mozi,http[:]//182[.]121[.]172[.]105[:]50668/bin[.]sh,offline
,http[:]//119[.]109[.]203[.]132[:]45066/bin[.]sh,offline
,http[:]//220[.]201[.]24[.]60[:]50645/i,offline
Mozi,http[:]//220[.]202[.]90[.]41[:]58445/i,offline
,http[:]//113[.]233[.]5[.]233[:]52841/bin[.]sh,offline
mirai,http[:]//196[.]189[.]69[.]192[:]45951/bin[.]sh,offline
,http[:]//115[.]56[.]159[.]4[:]56622/bin[.]sh,offline
mirai,http[:]//113[.]221[.]26[.]216[:]37532/i,offline
mirai,http[:]//120[.]28[.]215[.]36[:]39145/bin[.]sh,offline
,http[:]//175[.]147[.]92[.]112[:]41880/bin[.]sh,offline
,http[:]//163[.]142[.]93[.]165[:]53671/i,offline
,http[:]//115[.]56[.]96[.]132[:]53398/i,offline
,http[:]//175[.]147[.]228[.]92[:]37066/i,offline
,http[:]//123[.]11[.]11[.]9[:]34594/bin[.]sh,offline
Mozi,http[:]//103[.]68[.]21[.]2[:]51427/i,offline
Mozi,http[:]//103[.]68[.]21[.]2[:]51427/bin[.]sh,offline
mirai,http[:]//105[.]184[.]105[.]108[:]53225/i,offline
Mozi,http[:]//103[.]84[.]164[.]4[:]58136/bin[.]sh,offline
Mozi,http[:]//103[.]84[.]164[.]4[:]58136/i,offline
mirai,http[:]//109[.]236[.]44[.]241[:]37805/i,online
,http[:]//27[.]37[.]103[.]5[:]52813/i,offline
mirai,http[:]//103[.]44[.]137[.]13[:]48345/bin[.]sh,offline
mirai,http[:]//124[.]6[.]168[.]74[:]42130/bin[.]sh,offline
,http[:]//105[.]224[.]218[.]200[:]58213/bin[.]sh,offline
,http[:]//105[.]224[.]218[.]200[:]58213/i,offline
,http[:]//105[.]186[.]189[.]253[:]52445/i,offline
"32-bit,elf,mips,Mozi",http[:]//115[.]62[.]184[.]242[:]60983/i,offline
"32-bit,arm,elf,mirai,Mozi",http[:]//196[.]190[.]69[.]149[:]45500/i,offline
"32-bit,elf,mips,Mozi",http[:]//125[.]47[.]85[.]70[:]56972/i,offline
"32-bit,elf,mips,Mozi",http[:]//115[.]49[.]211[.]240[:]36694/i,offline
"mirai,ua-wget",http[:]//150[.]40[.]127[.]145/bins/sora[.]arm6,offline
"mirai,ua-wget",http[:]//150[.]40[.]127[.]145/bins/sora[.]arm7,offline
"mirai,ua-wget",http[:]//150[.]40[.]127[.]145/bins/sora[.]ppc,offline
"mirai,ua-wget",http[:]//150[.]40[.]127[.]145/bins/sora[.]m68k,offline
"mirai,ua-wget",http[:]//150[.]40[.]127[.]145/bins/sora[.]sh4,offline
ua-wget,http[:]//150[.]40[.]127[.]145/bins/sora[.]arm4,offline
"mirai,ua-wget",http[:]//150[.]40[.]127[.]145/bins/sora[.]mpsl,offline
ua-wget,http[:]//150[.]40[.]127[.]145/bins/sora[.]ppc440fp,offline
ua-wget,http[:]//150[.]40[.]127[.]145/bins/sora[.]i686,offline
"mirai,ua-wget",http[:]//150[.]40[.]127[.]145/bins/sora[.]arm5,offline
ua-wget,http[:]//150[.]40[.]127[.]145/bins/sora[.]x86_64,offline
ua-wget,http[:]//150[.]40[.]127[.]145/bins/sora[.]i468,offline
GuLoader,https[:]//drive[.]google[.]com/uc?export=download&id=1c79wg56K0p42VtTrZi2I6ij-M-vaVrvd,offline
"encrypted,GuLoader,rat,RemcosRAT",https[:]//drive[.]google[.]com/uc?export=download&id=1n6Tdq9nV0lIZeZ2V1B2u8TRehmu1TSDB,offline
"ascii,Encoded,GuLoader,rat,RemcosRAT",https[:]//drive[.]google[.]com/uc?export=download&id=1dUGV_beq8CpAcyRVps7qXde1_3tDlISP,offline
"encrypted,GuLoader,rat,RemcosRAT",https[:]//drive[.]google[.]com/uc?export=download&id=14gzE7shHwcnbfFTgRWLmz0VGPbh-ZfNa,offline
"ascii,Encoded,GuLoader,rat,RemcosRAT",https[:]//drive[.]google[.]com/uc?export=download&id=1bdJtqFrpVESfC5CZ-BV5Ix0fI-ZgcvKL,offline
"rat,RemcosRAT",https[:]//res[.]cloudinary[.]com/leowxn6s/image/upload/v1788912706/img_201124[.]jpg,offline
"rat,RemcosRAT,stego",https[:]//res[.]cloudinary[.]com/leowxn6s/image/upload/v1788912231/img_200328[.]jpg,offline
"c2-monitor-auto,dropped-by-amadey",http[:]//91[.]92[.]242[.]236/files-129312398/files/file_c02d1b6f3f7b2bea[.]exe,offline
"32-bit,arm,elf,mirai,Mozi",http[:]//130[.]12[.]209[.]132[:]49060/i,offline
"32-bit,elf,mips,Mozi",http[:]//222[.]113[.]196[.]55[:]59257/i,offline
"32-bit,arm,elf,mirai,Mozi",http[:]//130[.]12[.]209[.]132[:]49060/bin[.]sh,offline
"32-bit,elf,mips,Mozi",http[:]//119[.]116[.]140[.]32[:]39074/i,offline
"malware-download,redis",https[:]//101[.]99[.]76[.]207[:]443/stage/8cfb8d1ead3f6ca1848fc5cc87689828,offline
"malware-download,redis",https[:]//101[.]99[.]76[.]207[:]443/stage/fb40d01272c0f4c3012915d498b1c7b3,offline
"malware-download,redis",https[:]//101[.]99[.]76[.]207[:]443/stage/0f4368592aa55d5c302ab3c877736767,offline
"malware-download,redis",https[:]//101[.]99[.]76[.]207[:]443/stage/e768106426985a9130f2c34d65565442,offline
"malware-download,redis",https[:]//101[.]99[.]76[.]207[:]443/stage/ed62a22958e209a1ed3580641e85a533,offline
"malware-download,redis",https[:]//101[.]99[.]76[.]207[:]443/stage/211cf61519f8707edef320dd3db39654,offline
"malware-download,redis",https[:]//101[.]99[.]76[.]207[:]443/stage/212389792e427ec9d8d8cba0fe50ff79,offline
"malware-download,redis",https[:]//101[.]99[.]76[.]207[:]443/stage/a2e84e626387b69cad21d23cae89b1e9,offline
"malware-download,redis",https[:]//101[.]99[.]76[.]207[:]443/stage/99f43cb5a068c9ca42b82c7575438ebe,offline
"malware-download,redis",https[:]//101[.]99[.]76[.]207[:]443/stage/df11c9f27862a28facfcc7388019acbb,offline
"malware-download,redis",https[:]//101[.]99[.]76[.]207[:]443/stage/0a52d0072ba6b12067227f039354d80c,offline
"malware-download,redis",https[:]//101[.]99[.]76[.]207[:]443/stage/bff6196f5020287e9cf1dcbc092eb6e3,offline
"malware-download,redis",https[:]//101[.]99[.]76[.]207[:]443/stage/ad4d3c5b35bd8731e89fca3d34079f7e,offline
"malware-download,redis",https[:]//101[.]99[.]76[.]207[:]443/stage/f7c1dd920570c23928011c79d0124514,offline
"malware-download,redis",https[:]//101[.]99[.]76[.]207[:]443/stage/9d8d18e44a1603ed5460f85c9227ff0c,offline
"malware-download,redis",https[:]//101[.]99[.]76[.]207[:]443/stage/60827206967f9adab124887b46b59ea4,offline
"malware-download,redis",https[:]//101[.]99[.]76[.]207[:]443/stage/1e03aaf172dad8ab5e397e469d13f96a,offline
"malware-download,redis",https[:]//101[.]99[.]76[.]207[:]443/stage/27f2413fcdceca6d6d61e468aa3b9d3c,offline
"malware-download,redis",https[:]//101[.]99[.]76[.]207[:]443/stage/d4db2305a79c790ef397259daaaa1e5e,offline
"malware-download,mirai,redis",https[:]//101[.]99[.]76[.]207[:]443/stage/63ce6d6648f8632bad9120e4e72e8f00,offline
"elf,mirai",http[:]//37[.]16[.]74[.]19/atomic/main_ppc,offline
"elf,mirai",http[:]//168[.]222[.]254[.]17/hiddenbin/boatnet[.]arm6,offline
"elf,mirai",http[:]//168[.]222[.]254[.]17/hiddenbin/boatnet[.]mpsl,offline
"elf,mirai",http[:]//37[.]16[.]74[.]19/atomic/main_mpsl,offline
"elf,mirai",http[:]//37[.]16[.]74[.]19/atomic/main_x86,offline
"elf,mirai",http[:]//37[.]16[.]74[.]19/atomic/main_x86_64,offline
"elf,mirai",http[:]//168[.]222[.]254[.]17/hiddenbin/boatnet[.]sh4,offline
"elf,mirai",http[:]//37[.]16[.]74[.]19/atomic/main_arm,offline
"elf,mirai",http[:]//168[.]222[.]254[.]17/hiddenbin/boatnet[.]x86,offline
"elf,mirai",http[:]//151[.]240[.]151[.]7/miraint[.]arm,offline
"elf,mirai",http[:]//151[.]240[.]151[.]7/miraint[.]mips,offline
"elf,mirai",http[:]//168[.]222[.]254[.]17/hiddenbin/boatnet[.]m68k,offline
"elf,mirai",http[:]//168[.]222[.]254[.]17/hiddenbin/boatnet[.]arm7,offline
mirai,http[:]//37[.]16[.]74[.]19/bins/sora[.]x86_64,offline
mirai,http[:]//172[.]235[.]196[.]56/main_x86_64,offline
mirai,http[:]//37[.]16[.]74[.]19/bins/main_arm6,offline
mirai,http[:]//37[.]16[.]74[.]19/bins/main[.]x86,offline
mirai,http[:]//37[.]16[.]74[.]19/bins/main_ppc,offline
mirai,http[:]//168[.]222[.]254[.]17/ohshit[.]sh,offline
"elf,mirai",http[:]//168[.]222[.]254[.]17/hiddenbin/boatnet[.]ppc,offline
mirai,http[:]//172[.]235[.]196[.]56/main_x86,offline
mirai,http[:]//37[.]16[.]74[.]19/bins/main_x86_64,offline
"elf,mirai",http[:]//37[.]16[.]74[.]19/atomic/main_arm5,offline
mirai,http[:]//37[.]16[.]74[.]19/bins/sora[.]arm,offline
Akira,http[:]//92[.]119[.]157[.]113[:]8000/aa,online
mirai,http[:]//37[.]16[.]74[.]19/bins/main[.]ppc,offline
mirai,http[:]//37[.]16[.]74[.]19/bins/sora[.]sh4,offline
mirai,http[:]//37[.]16[.]74[.]19/bins/sora[.]arm64,offline
"malware-download,redis",https[:]//101[.]99[.]76[.]207[:]443/stage/b7c0d11933423509fd0df4a179f02e33,offline
,http[:]//37[.]16[.]74[.]19/bins/main[.]arm5,offline
mirai,http[:]//168[.]222[.]254[.]17/gpon,offline
mirai,http[:]//37[.]16[.]74[.]19/bins/main_x86,offline
mirai,http[:]//37[.]16[.]74[.]19/bins/main[.]arm7,offline
"elf,mirai",http[:]//168[.]222[.]254[.]17/hiddenbin/boatnet[.]arc,offline
"elf,mirai",http[:]//168[.]222[.]254[.]17/hiddenbin/boatnet[.]arm,offline
"elf,mirai",http[:]//168[.]222[.]254[.]17/hiddenbin/boatnet[.]mips,offline
"elf,mirai",http[:]//168[.]222[.]254[.]17/hiddenbin/boatnet[.]arm5,offline
"malware-download,redis",https[:]//101[.]99[.]76[.]207[:]443/stage/09169e75a2f5287a9b503babdfa8be53,offline
mirai,http[:]//37[.]16[.]74[.]19/bins/main[.]mips,offline
mirai,http[:]//37[.]16[.]74[.]19/bins/main[.]arm,offline
mirai,http[:]//37[.]16[.]74[.]19/bins/main_arm64,offline
mirai,http[:]//37[.]16[.]74[.]19/bins/main[.]arm64,offline
"elf,mirai",http[:]//37[.]16[.]74[.]19/atomic/main_arm64,offline
mirai,http[:]//194[.]164[.]29[.]150/arm7,offline
mirai,http[:]//37[.]16[.]74[.]19/bins/main_mpsl,offline
,http[:]//37[.]16[.]74[.]19/bins/main[.]mpsl,offline
mirai,http[:]//37[.]16[.]74[.]19/bins/main[.]arm6,offline
mirai,http[:]//37[.]16[.]74[.]19/bins/main_mips,offline
mirai,http[:]//37[.]16[.]74[.]19/bins/main[.]sh4,offline
mirai,http[:]//37[.]16[.]74[.]19/bins/main_arm5,offline
mirai,http[:]//37[.]16[.]74[.]19/bins/main_sh4,offline
"elf,mirai",http[:]//37[.]16[.]74[.]19/atomic/main_arm6,offline
mirai,http[:]//37[.]16[.]74[.]19/bins/main_arm7,offline
"elf,mirai",http[:]//37[.]16[.]74[.]19/atomic/main_sh4,offline
mirai,http[:]//37[.]16[.]74[.]19/bins/main[.]x86_64,offline
"c2-monitor-auto,dropped-by-amadey",http[:]//91[.]92[.]242[.]236/files-129312398/files/file_faaa376d1533d131[.]exe,offline
"elf,mirai",http[:]//37[.]16[.]74[.]19/atomic/main_mips,offline
mirai,http[:]//37[.]16[.]74[.]19/bins/main_spc,offline
"elf,mirai",http[:]//37[.]16[.]74[.]19/atomic/main_arm7,offline
"elf,mirai",http[:]//37[.]16[.]74[.]19/atomic/main_spc,offline
"elf,mirai",http[:]//151[.]240[.]151[.]7/miraint[.]arm7,offline
"elf,mirai",http[:]//151[.]240[.]151[.]7/miraint[.]sh4,offline
Akira,http[:]//92[.]119[.]157[.]113[:]8000/arm7,online
"malware-download,redis",https[:]//101[.]99[.]76[.]207[:]443/stage/e50c362676cede64adf87ef8a0fbc0a7,offline
mirai,http[:]//37[.]16[.]74[.]19/bins/main[.]spc,offline
"malware-download,redis",https[:]//101[.]99[.]76[.]207[:]443/stage/4406ebce40f550fc0dce9a1f09f41e43,offline
"malware-download,mirai,redis",https[:]//101[.]99[.]76[.]207[:]443/stage/93a606a959121636f88980b261154ded,offline
mirai,http[:]//37[.]16[.]74[.]19/bins/main_arm,offline
"malware-download,redis",https[:]//101[.]99[.]76[.]207[:]443/stage/f7d227b6c0e7934c83f110ee31b0c695,offline
"malware-download,redis",https[:]//101[.]99[.]76[.]207[:]443/stage/49061cfe55ec994c234db81dcb72b615,offline
"malware-download,redis",https[:]//101[.]99[.]76[.]207[:]443/stage/ea3b0153bb651f7f6e4cc6c04776ec52,offline
"malware-download,redis",https[:]//101[.]99[.]76[.]207[:]443/stage/98527e0994d211f15e9df47d80c67e4f,offline
"malware-download,redis",https[:]//101[.]99[.]76[.]207[:]443/stage/7b2b5e859b05546fcb5713f90e002da1,offline
"malware-download,redis",https[:]//101[.]99[.]76[.]207[:]443/stage/47883aa92049be89569af7569f88178a,offline
"malware-download,redis",https[:]//101[.]99[.]76[.]207[:]443/stage/50137aefbf7922a2c85171e1295e60e6,offline
"malware-download,redis",https[:]//101[.]99[.]76[.]207[:]443/stage/d0d5331b6aed7fd6ed3af7b93a2093d5,offline
"malware-download,redis",https[:]//101[.]99[.]76[.]207[:]443/stage/04151003ca67b9ba1a8a931b737ee3f0,offline
"malware-download,redis",https[:]//101[.]99[.]76[.]207[:]443/stage/7f74a4f170d344466ce1551ef049b3cf,offline
"malware-download,redis",https[:]//101[.]99[.]76[.]207[:]443/stage/78ad55590b2fb2c0c8292c81f1c82d7c,offline
"malware-download,redis",https[:]//101[.]99[.]76[.]207[:]443/stage/bd8b77f9ca3e05e515c3b21433bdd0fa,offline
"malware-download,redis",https[:]//101[.]99[.]76[.]207[:]443/stage/70eee8d5df29a8bd098cf9c8e8db73d7,offline
"malware-download,redis",https[:]//101[.]99[.]76[.]207[:]443/stage/8154de7096bacc8ea487227da3bff9ae,offline
"malware-download,redis",https[:]//101[.]99[.]76[.]207[:]443/stage/f0ff9be3fb7ed0d69e01c4c1304fdb56,offline
"malware-download,redis",https[:]//101[.]99[.]76[.]207[:]443/stage/8c6b032f00b45ef3474fe5a2cf0ed31b,offline
"malware-download,redis",https[:]//101[.]99[.]76[.]207[:]443/stage/f1e1b3393c53dd785acebb5a5e57a554,offline
"malware-download,redis",https[:]//101[.]99[.]76[.]207[:]443/stage/364c960fac14d3f91e24d4e5ae4e6974,offline
"malware-download,redis",https[:]//101[.]99[.]76[.]207[:]443/stage/237416dbba049b0438a2db296a72e6b3,offline
"malware-download,redis",https[:]//101[.]99[.]76[.]207[:]443/stage/c42cbaa05b2dbc275f7bbcf905685a2a,offline
"malware-download,redis",https[:]//101[.]99[.]76[.]207[:]443/stage/c4ec673d4a474b6a36ad36b868595b4f,offline
"malware-download,redis",https[:]//101[.]99[.]76[.]207[:]443/stage/ad5598e35fe2b28f8e5f8790f52fdba2,offline
"malware-download,redis",https[:]//101[.]99[.]76[.]207[:]443/stage/1b0eba566f9070711a1a51d2a0f59489,offline
"malware-download,redis",https[:]//101[.]99[.]76[.]207[:]443/stage/c1bf6dc67be7993a94e5950346b7ac4d,offline
"malware-download,redis",https[:]//101[.]99[.]76[.]207[:]443/stage/9f85f4b8cde0feece4bb8411bbd9ea73,offline
"malware-download,redis",https[:]//101[.]99[.]76[.]207[:]443/stage/e4300a356083fa6d45a1ffc1973d137b,offline
"malware-download,redis",https[:]//101[.]99[.]76[.]207[:]443/stage/0a8c0dbe4a7798e0d30f54ffdeca9d59,offline
"malware-download,redis",https[:]//101[.]99[.]76[.]207[:]443/stage/02933f431b1a3260517a2bec85b7c4f7,offline
"malware-download,redis",https[:]//101[.]99[.]76[.]207[:]443/stage/4eb274ff164496b38a63d52fa86c5d41,offline
"malware-download,redis",https[:]//101[.]99[.]76[.]207[:]443/stage/5790c8a4a9db07a12881683027ae134d,offline
"malware-download,redis",https[:]//101[.]99[.]76[.]207[:]443/stage/6bdb557feb6d291bba5a75e529dc4248,offline
"malware-download,redis",https[:]//101[.]99[.]76[.]207[:]443/stage/e7241ee9a44c637696c5caca868ebe64,offline
"malware-download,redis",https[:]//101[.]99[.]76[.]207[:]443/stage/8e1170656bbd5e133313991417dc369a,offline
"malware-download,mirai,redis",https[:]//101[.]99[.]76[.]207[:]443/stage/eb7ef99e6eceece8e0afa03defacc3bc,offline
"malware-download,redis",https[:]//101[.]99[.]76[.]207[:]443/stage/10e97dd061f69eb076f957c03253c6d2,offline
"malware-download,redis",https[:]//101[.]99[.]76[.]207[:]443/stage/0312af90bc8d49d00590ddf010998354,offline
"malware-download,redis",https[:]//101[.]99[.]76[.]207[:]443/stage/32452d988f7c3c420a8a6a65b1f73357,offline
"malware-download,redis",https[:]//101[.]99[.]76[.]207[:]443/stage/5f23cdbd4c1372ffd1019ca7af79754e,offline
"malware-download,redis",https[:]//101[.]99[.]76[.]207[:]443/stage/a716c2399650863f0e43aef6b285f167,offline
"malware-download,redis",https[:]//101[.]99[.]76[.]207[:]443/stage/d7f96ccf646fdb244a45fab2f80c32d8,offline
"malware-download,redis",https[:]//101[.]99[.]76[.]207[:]443/stage/89ff2b7d718e207c9e8a1c8abf4c5e72,offline
"malware-download,redis",https[:]//101[.]99[.]76[.]207[:]443/stage/02ba84dc703c0237fbf385d0915d80fb,offline
"malware-download,mirai,redis",https[:]//101[.]99[.]76[.]207[:]443/stage/61052dceff9cc8c4345784ba84e870a5,offline
"malware-download,redis",https[:]//101[.]99[.]76[.]207[:]443/stage/8c25160bc041d1fcb9d51aeda6f86d90,offline
"malware-download,redis",https[:]//101[.]99[.]76[.]207[:]443/stage/37ce60f0488eb3c491f75ea1310672d1,offline
"malware-download,redis",https[:]//101[.]99[.]76[.]207[:]443/stage/3afab2480167d6f720b5875ba9374717,offline
"malware-download,redis",https[:]//101[.]99[.]76[.]207[:]443/stage/13470b8ab12b5a853269e94efdfc0e40,offline
stealer,http[:]//5[.]253[.]59[.]16/k/bplplatatenera[.]dat,offline
stealer,http[:]//5[.]253[.]59[.]16/k/jjscotttbpl[.]dat,offline
"elf,mirai",http[:]//151[.]240[.]151[.]7/bins/miraint[.]arm,online
"elf,mirai",http[:]//151[.]240[.]151[.]7/bins/mirai[.]sh4,online
"elf,mirai",http[:]//151[.]240[.]151[.]7/bins/mirai[.]arm7,online
"elf,mirai",http[:]//151[.]240[.]151[.]7/bins/miraint[.]mips,online
"elf,mirai",http[:]//151[.]240[.]151[.]7/bins/mirai[.]mips,online
"elf,mirai",http[:]//151[.]240[.]151[.]7/bins/miraint[.]sh4,online
"elf,mirai",http[:]//151[.]240[.]151[.]7/bins/mirai[.]arm,online
"elf,mirai",http[:]//151[.]240[.]151[.]7/bins/miraint[.]arm7,online
"elf,mirai,script",http[:]//151[.]240[.]151[.]7/bins/bins[.]sh,offline
,https[:]//software-gateway[.]click/assets/1[.]zip,offline
ClickFix,https[:]//zetaval[.]metcalfphoto[.]com/update[.]sh,offline
"mirai,wraith",http[:]//150[.]40[.]127[.]145/bins/sora[.]x86,offline
"mirai,wraith",http[:]//150[.]40[.]127[.]145/bins/sora[.]mips,offline
"info stealer,SilentNet",https[:]//4eclient[.]com/assets/download/Client4E[.]jar,online
stealer,http[:]//78[.]159[.]131[.]228/k/jjscotttbpl[.]dat,offline
stealer,http[:]//89[.]23[.]107[.]5/k/ofelia[.]dat,offline
"32-bit,elf,mips,Mozi",http[:]//119[.]116[.]140[.]32[:]39074/bin[.]sh,offline
"32-bit,elf,mips,Mozi",http[:]//42[.]238[.]241[.]81[:]47417/i,offline
"32-bit,elf,mips,Mozi",http[:]//182[.]127[.]133[.]198[:]42943/i,offline
"d52f85,dropped-by-amadey",http[:]//62[.]60[.]226[.]140/files/8673225837/hA8vXGo[.]exe,offline
,http[:]//82[.]114[.]178[.]6[:]47601/i,offline
Mozi,http[:]//61[.]53[.]135[.]159[:]46456/bin[.]sh,offline
Mozi,http[:]//61[.]53[.]135[.]159[:]46456/i,offline
"32-bit,elf,mips,Mozi",http[:]//182[.]127[.]133[.]198[:]42943/bin[.]sh,offline
"32-bit,arm,elf,mirai,Mozi",http[:]//114[.]227[.]64[.]149[:]56600/i,offline
"32-bit,arm,elf,mirai,Mozi",http[:]//105[.]225[.]110[.]156[:]57161/i,offline
"32-bit,arm,elf,mirai,Mozi",http[:]//114[.]227[.]64[.]149[:]56600/bin[.]sh,offline
"32-bit,elf,mips,Mozi",http[:]//175[.]173[.]86[.]157[:]50777/bin[.]sh,offline
"32-bit,elf,mips,Mozi",http[:]//61[.]53[.]116[.]110[:]44210/i,offline
"32-bit,elf,mips,Mozi",http[:]//61[.]53[.]116[.]110[:]44210/bin[.]sh,offline
"32-bit,elf,mips,Mozi",http[:]//112[.]229[.]207[.]15[:]55943/i,offline
"32-bit,arm,elf,mirai,Mozi",http[:]//103[.]44[.]137[.]13[:]48345/i,offline
"32-bit,elf,mips,Mozi",http[:]//42[.]7[.]145[.]82[:]34836/i,offline
"32-bit,arm,elf,mirai,Mozi",http[:]//101[.]108[.]252[.]170[:]37211/i,offline
"32-bit,elf,mips,Mozi",http[:]//112[.]229[.]207[.]15[:]55943/bin[.]sh,offline
"32-bit,arm,elf,mirai,Mozi",http[:]//196[.]189[.]98[.]110[:]47834/i,offline
"32-bit,elf,mips,Mozi",http[:]//222[.]138[.]149[.]210[:]49575/i,offline
"32-bit,elf,mips,Mozi",http[:]//123[.]11[.]11[.]9[:]34594/i,offline
"32-bit,arm,elf,mirai,Mozi",http[:]//60[.]6[.]62[.]96[:]59328/i,online
"32-bit,elf,mips,Mozi",http[:]//222[.]138[.]149[.]210[:]49575/bin[.]sh,offline
"32-bit,arm,elf,mirai,Mozi",http[:]//60[.]6[.]62[.]96[:]59328/bin[.]sh,online
"32-bit,elf,mips,Mozi",http[:]//182[.]112[.]28[.]50[:]36154/i,offline
"32-bit,arm,elf,mirai,Mozi",http[:]//196[.]190[.]0[.]118[:]44669/bin[.]sh,offline
"32-bit,elf,mips,Mozi",http[:]//182[.]112[.]28[.]50[:]36154/bin[.]sh,offline
Mozi,http[:]//42[.]227[.]204[.]46[:]55393/i,offline
"32-bit,arm,elf,mirai,Mozi",http[:]//105[.]186[.]88[.]219[:]59203/i,offline
"32-bit,arm,elf,mirai,Mozi",http[:]//105[.]186[.]88[.]219[:]59203/bin[.]sh,offline
"32-bit,elf,mips,Mozi",http[:]//119[.]127[.]7[.]102[:]56002/i,offline
"32-bit,elf,mips,Mozi",http[:]//123[.]190[.]99[.]31[:]60383/i,offline
"32-bit,elf,mips,Mozi",http[:]//115[.]55[.]63[.]143[:]48086/i,offline
"32-bit,elf,mips,Mozi",http[:]//115[.]55[.]63[.]143[:]48086/bin[.]sh,offline
"32-bit,elf,mips,Mozi",http[:]//119[.]189[.]238[.]246[:]36957/i,offline
"elf,mirai,ua-wget",http[:]//150[.]40[.]127[.]145/hiddenbin/boatnet[.]arc,offline
"elf,mirai,ua-wget",http[:]//37[.]16[.]74[.]19/main_arm7,offline
"32-bit,elf,mips,Mozi",http[:]//61[.]52[.]34[.]120[:]58546/i,offline
Mozi,http[:]//125[.]43[.]37[.]95[:]40928/bin[.]sh,offline
Mozi,http[:]//115[.]60[.]223[.]220[:]39065/i,offline
"32-bit,elf,mips,Mozi",http[:]//61[.]52[.]34[.]120[:]58546/bin[.]sh,offline
"32-bit,elf,mips,Mozi",http[:]//125[.]44[.]60[.]118[:]38038/i,offline
"32-bit,elf,mips,Mozi",http[:]//119[.]127[.]7[.]102[:]56002/bin[.]sh,offline
"32-bit,elf,mips,Mozi",http[:]//125[.]44[.]214[.]233[:]54441/i,offline
"32-bit,elf,mips,Mozi",http[:]//42[.]53[.]134[.]221[:]56771/i,offline
"32-bit,elf,mips,Mozi",http[:]//103[.]19[.]49[.]134[:]36622/i,offline
,http[:]//42[.]225[.]218[.]136[:]55344/i,offline
"32-bit,elf,mips,Mozi",http[:]//115[.]56[.]156[.]211[:]55186/i,offline
"32-bit,elf,mips,Mozi",http[:]//115[.]56[.]156[.]211[:]55186/bin[.]sh,offline
"32-bit,elf,mips,Mozi",http[:]//182[.]127[.]110[.]105[:]38298/i,offline
"32-bit,elf,mips,Mozi",http[:]//182[.]127[.]110[.]105[:]38298/bin[.]sh,offline
"32-bit,arm,elf,mirai,Mozi",http[:]//114[.]198[.]242[.]174[:]38879/i,offline
"32-bit,elf,mips,Mozi",http[:]//182[.]121[.]236[.]181[:]36990/i,offline
"32-bit,elf,mips,Mozi",http[:]//60[.]23[.]235[.]33[:]45384/i,offline
,http[:]//42[.]225[.]218[.]136[:]55344/bin[.]sh,offline
"32-bit,elf,mips,Mozi",http[:]//113[.]228[.]103[.]193[:]40664/i,offline
"32-bit,elf,mips,Mozi",http[:]//60[.]23[.]235[.]33[:]45384/bin[.]sh,offline
"32-bit,elf,mips,Mozi",http[:]//113[.]228[.]103[.]193[:]40664/bin[.]sh,offline
"32-bit,elf,mips,Mozi",http[:]//115[.]62[.]153[.]120[:]40604/i,offline
Mozi,http[:]//42[.]226[.]67[.]57[:]56542/i,offline
"32-bit,elf,mips,Mozi",http[:]//42[.]5[.]21[.]40[:]54382/i,offline
"32-bit,arm,elf,mirai,Mozi",http[:]//105[.]184[.]177[.]144[:]55771/bin[.]sh,offline
"32-bit,arm,elf,mirai,Mozi",http[:]//124[.]161[.]116[.]2[:]39053/bin[.]sh,offline
"32-bit,arm,elf,mirai,Mozi",http[:]//105[.]184[.]177[.]144[:]55771/i,offline
"32-bit,elf,mips,Mozi",http[:]//115[.]62[.]153[.]120[:]40604/bin[.]sh,offline
Mozi,http[:]//182[.]126[.]116[.]12[:]55360/bin[.]sh,offline
"32-bit,arm,elf,mirai,Mozi",http[:]//200[.]115[.]102[.]16[:]53743/bin[.]sh,offline
"elf,mirai,ua-wget",http[:]//37[.]16[.]74[.]19/bins/sora[.]mips,offline
"elf,mirai,ua-wget",http[:]//37[.]16[.]74[.]19/main_arm6,offline
"elf,mirai,ua-wget",http[:]//37[.]16[.]74[.]19/main_spc,offline
"elf,mirai,ua-wget",http[:]//37[.]16[.]74[.]19/bins/sora[.]arm7,offline
"elf,mirai,ua-wget",http[:]//37[.]16[.]74[.]19/main_mpsl,offline
"elf,mirai,ua-wget",http[:]//37[.]16[.]74[.]19/main_x86,offline
"elf,mirai,ua-wget",http[:]//37[.]16[.]74[.]19/bins/sora[.]arm5,offline
"elf,mirai,ua-wget",http[:]//37[.]16[.]74[.]19/bins/sora[.]mpsl,offline
"elf,mirai,ua-wget",http[:]//37[.]16[.]74[.]19/bins/sora[.]spc,offline
"elf,mirai,ua-wget",http[:]//37[.]16[.]74[.]19/bins/sora[.]ppc,offline
"elf,mirai,ua-wget",http[:]//37[.]16[.]74[.]19/bins/sora[.]x86,offline
"elf,mirai,ua-wget",http[:]//37[.]16[.]74[.]19/bins/sora[.]arm6,offline
"elf,mirai,ua-wget",http[:]//37[.]16[.]74[.]19/main_x86_64,offline
"elf,mirai,ua-wget",http[:]//150[.]40[.]127[.]145/hiddenbin/boatnet[.]arm7,offline
mirai,http[:]//196[.]189[.]98[.]110[:]47834/bin[.]sh,offline
"32-bit,elf,mips,Mozi",http[:]//61[.]137[.]128[.]200[:]54146/i,online
"32-bit,elf,mips,Mozi",http[:]//59[.]180[.]159[.]200[:]41778/i,offline
"32-bit,elf,mips,Mozi",http[:]//60[.]17[.]117[.]82[:]40452/i,offline
"32-bit,elf,mips,Mozi",http[:]//61[.]137[.]128[.]200[:]54146/bin[.]sh,online
mirai,http[:]//196[.]189[.]197[.]131[:]53908/i,offline
"54e64e,dropped-by-amadey",http[:]//91[.]92[.]242[.]236/files-129312398/files/file_deaad5d12778941d[.]exe,online
"32-bit,elf,mips,Mozi",http[:]//59[.]180[.]159[.]200[:]41778/bin[.]sh,offline
"32-bit,arm,elf,mirai,Mozi",http[:]//115[.]230[.]76[.]101[:]37221/bin[.]sh,offline
"32-bit,elf,mips,Mozi",http[:]//115[.]56[.]124[.]86[:]54294/bin[.]sh,offline
"32-bit,elf,mips,Mozi",http[:]//81[.]26[.]83[.]155[:]44019/i,offline
"32-bit,elf,mips,Mozi",http[:]//182[.]122[.]224[.]155[:]42684/i,offline
"32-bit,elf,mips,Mozi",http[:]//81[.]26[.]83[.]155[:]44019/bin[.]sh,offline
Mozi,http[:]//27[.]215[.]124[.]53[:]58552/i,offline
"32-bit,elf,mips,Mozi",http[:]//218[.]24[.]26[.]58[:]44416/i,offline
"32-bit,elf,mips,Mozi",http[:]//103[.]167[.]175[.]111[:]39996/i,offline
"32-bit,elf,mips,Mozi",http[:]//103[.]167[.]175[.]111[:]39996/bin[.]sh,offline
"32-bit,elf,mips,Mozi",http[:]//218[.]24[.]26[.]58[:]44416/bin[.]sh,offline
"32-bit,elf,mips,Mozi",http[:]//61[.]137[.]132[.]88[:]45922/i,offline
"32-bit,arm,elf,mirai,Mozi",http[:]//222[.]127[.]248[.]61[:]60154/i,offline
"32-bit,arm,elf,mirai,Mozi",http[:]//222[.]127[.]248[.]61[:]60154/bin[.]sh,offline
"32-bit,arm,elf,mirai,Mozi",http[:]//105[.]224[.]242[.]127[:]37969/i,offline
"32-bit,arm,elf,mirai,Mozi",http[:]//105[.]224[.]242[.]127[:]37969/bin[.]sh,offline
"32-bit,elf,mips,Mozi",http[:]//61[.]137[.]132[.]88[:]45922/bin[.]sh,offline
"32-bit,elf,mips,Mozi",http[:]//42[.]239[.]189[.]113[:]49093/bin[.]sh,offline
Mozi,http[:]//222[.]142[.]253[.]114[:]60129/i,offline
"mirai,Mozi",http[:]//176[.]65[.]139[.]139/reflect[.]i686,offline
"arm,mirai,Mozi",http[:]//176[.]65[.]139[.]139/arm8,offline
"mirai,Mozi",http[:]//176[.]65[.]139[.]139/reflect[.]sh4,offline
ClickFix,https[:]//spa-com[.]com/postback,offline
"mirai,Mozi,script",http[:]//176[.]65[.]139[.]139/launch[.]sh,offline
"mirai,Mozi",http[:]//176[.]65[.]139[.]139/reflect[.]ppc,offline
"ClickFix,ps1",http[:]//liikepalvelu[.]com/s/xZY,offline
"mirai,Mozi",http[:]//176[.]65[.]139[.]139/reflect[.]arc,offline
"mirai,Mozi",http[:]//176[.]65[.]139[.]139/reflect[.]mips,offline
"mirai,Mozi",http[:]//176[.]65[.]139[.]139/reflect[.]x86_64,offline
"mirai,Mozi",http[:]//176[.]65[.]139[.]139/reflect[.]arm7,offline
"mirai,Mozi",http[:]//176[.]65[.]139[.]139/reflect[.]arm5,offline
"mirai,Mozi",http[:]//176[.]65[.]139[.]139/reflect[.]x86,offline
"mirai,Mozi",http[:]//176[.]65[.]139[.]139/reflect[.]arm6,offline
"mirai,Mozi",http[:]//176[.]65[.]139[.]139/reflect[.]spc,offline
"mirai,Mozi",http[:]//176[.]65[.]139[.]139/reflect[.]m68k,offline
"mirai,Mozi",http[:]//176[.]65[.]139[.]139/reflect[.]mpsl,offline
"mirai,Mozi",http[:]//176[.]65[.]139[.]139/reflect[.]arm,offline
Mozi,http[:]//222[.]142[.]253[.]114[:]60129/bin[.]sh,offline
"32-bit,elf,mips,Mozi",http[:]//39[.]74[.]255[.]95[:]36751/i,offline
"32-bit,elf,mips,Mozi",http[:]//123[.]234[.]191[.]177[:]42672/i,offline
"32-bit,elf,mips,Mozi",http[:]//39[.]74[.]255[.]95[:]36751/bin[.]sh,offline
"32-bit,elf,mips,Mozi",http[:]//182[.]127[.]31[.]102[:]46258/i,offline
"32-bit,elf,mips,Mozi",http[:]//72[.]255[.]48[.]104[:]54566/i,offline
"32-bit,elf,mips,Mozi",http[:]//221[.]15[.]10[.]132[:]42356/i,offline
"32-bit,elf,mips,Mozi",http[:]//182[.]127[.]31[.]102[:]46258/bin[.]sh,offline
"elf,mirai,ua-wget",http[:]//150[.]40[.]127[.]145/hiddenbin/boatnet[.]m68k,offline
"elf,mirai,ua-wget",http[:]//150[.]40[.]127[.]145/hiddenbin/boatnet[.]arm5,offline
"elf,mirai,ua-wget",http[:]//150[.]40[.]127[.]145/hiddenbin/boatnet[.]x86,offline
"elf,mirai,ua-wget",http[:]//150[.]40[.]127[.]145/hiddenbin/boatnet[.]sh4,offline
"32-bit,elf,mips,Mozi",http[:]//221[.]15[.]10[.]132[:]42356/bin[.]sh,offline
"elf,mirai,ua-wget",http[:]//150[.]40[.]127[.]145/hiddenbin/boatnet[.]spc,offline
"elf,mirai,ua-wget",http[:]//150[.]40[.]127[.]145/hiddenbin/boatnet[.]arm,offline
"elf,mirai,ua-wget",http[:]//150[.]40[.]127[.]145/hiddenbin/boatnet[.]ppc,offline
Mozi,http[:]//59[.]96[.]138[.]13[:]60044/i,offline
"elf,mirai,ua-wget",http[:]//150[.]40[.]127[.]145/hiddenbin/boatnet[.]mpsl,offline
"elf,mirai,ua-wget",http[:]//150[.]40[.]127[.]145/hiddenbin/boatnet[.]mips,offline
"elf,mirai,ua-wget",http[:]//150[.]40[.]127[.]145/hiddenbin/boatnet[.]arm6,offline
mirai,http[:]//196[.]191[.]137[.]44[:]40459/i,offline
,http[:]//190[.]103[.]70[.]124[:]39535/i,offline
Mozi,http[:]//59[.]97[.]253[.]217[:]47814/i,offline
mirai,http[:]//36[.]77[.]230[.]229[:]47127/i,offline
mirai,http[:]//36[.]77[.]230[.]229[:]47127/bin[.]sh,offline
Mozi,http[:]//182[.]127[.]168[.]147[:]41164/i,offline
mirai,http[:]//210[.]208[.]110[.]172[:]46277/i,offline
,http[:]//60[.]23[.]239[.]196[:]56367/i,offline
Mozi,http[:]//182[.]113[.]37[.]210[:]57854/i,offline
mirai,http[:]//210[.]208[.]111[.]74[:]50244/i,offline
mirai,http[:]//210[.]208[.]110[.]20[:]50244/i,offline
mirai,http[:]//45[.]172[.]218[.]181[:]46033/i,offline
Mozi,http[:]//117[.]242[.]152[.]21[:]42166/i,offline
,http[:]//119[.]117[.]133[.]35[:]34753/i,offline
Mozi,http[:]//182[.]120[.]11[.]141[:]51655/bin[.]sh,offline
,http[:]//123[.]188[.]70[.]173[:]33110/bin[.]sh,offline
,http[:]//42[.]54[.]93[.]37[:]35285/i,offline
Mozi,http[:]//61[.]52[.]33[.]22[:]43684/bin[.]sh,offline
mirai,http[:]//115[.]49[.]107[.]36[:]60965/bin[.]sh,offline
mirai,http[:]//113[.]224[.]226[.]173[:]49853/i,online
mirai,http[:]//183[.]92[.]207[.]143[:]57994/bin[.]sh,offline
Mozi,http[:]//219[.]156[.]112[.]53[:]39981/i,offline
,http[:]//115[.]61[.]116[.]110[:]35677/bin[.]sh,offline
Mozi,http[:]//59[.]97[.]253[.]217[:]47814/bin[.]sh,offline
Mozi,http[:]//42[.]231[.]95[.]194[:]60306/i,offline
Mozi,http[:]//219[.]156[.]112[.]53[:]39981/bin[.]sh,offline
Mozi,http[:]//39[.]40[.]184[.]37[:]50979/Mozi[.]m,offline
mirai,http[:]//115[.]49[.]107[.]36[:]60965/i,offline
mirai,http[:]//210[.]208[.]111[.]220[:]50143/i,offline
,http[:]//182[.]126[.]88[.]14[:]37461/bin[.]sh,offline
Mozi,http[:]//42[.]226[.]67[.]57[:]56542/bin[.]sh,offline
,http[:]//175[.]165[.]81[.]206[:]34838/i,offline
,http[:]//115[.]61[.]116[.]110[:]35677/i,offline
mirai,http[:]//222[.]127[.]154[.]221[:]58286/bin[.]sh,offline
mirai,http[:]//113[.]224[.]226[.]173[:]49853/bin[.]sh,online
,http[:]//113[.]229[.]49[.]112[:]34553/bin[.]sh,offline
Mozi,http[:]//182[.]117[.]79[.]97[:]58056/i,offline
,http[:]//220[.]192[.]238[.]154[:]50867/i,offline
,http[:]//108[.]170[.]136[.]155[:]44987/i,offline
Mozi,http[:]//125[.]40[.]158[.]205[:]34448/i,offline
,http[:]//61[.]137[.]195[.]247[:]33907/bin[.]sh,offline
Mozi,http[:]//182[.]126[.]107[.]136[:]54555/bin[.]sh,offline
Mozi,http[:]//125[.]45[.]67[.]20[:]42475/i,offline
mirai,http[:]//200[.]115[.]102[.]16[:]53743/i,offline
,http[:]//123[.]14[.]216[.]207[:]34976/i,offline
,http[:]//223[.]108[.]82[.]26[:]56072/bin[.]sh,offline
Mozi,http[:]//61[.]52[.]33[.]22[:]43684/i,offline
mirai,http[:]//175[.]43[.]85[.]192[:]57642/i,offline
,http[:]//220[.]192[.]238[.]154[:]50867/bin[.]sh,offline
Mozi,http[:]//112[.]248[.]17[.]144[:]35756/bin[.]sh,offline
mirai,http[:]//115[.]58[.]178[.]178[:]33235/i,offline
Mozi,http[:]//112[.]248[.]17[.]144[:]35756/i,offline
,http[:]//60[.]23[.]239[.]198[:]50830/i,offline
,http[:]//175[.]165[.]111[.]138[:]43930/bin[.]sh,offline
Mozi,http[:]//182[.]113[.]200[.]66[:]35049/i,offline
mirai,http[:]//124[.]6[.]167[.]121[:]57352/bin[.]sh,offline
mirai,http[:]//120[.]28[.]212[.]172[:]40293/bin[.]sh,offline
Mozi,http[:]//182[.]126[.]116[.]12[:]55360/i,offline
Mozi,http[:]//123[.]11[.]70[.]219[:]46437/i,offline
,http[:]//113[.]236[.]233[.]5[:]33001/bin[.]sh,offline
,http[:]//115[.]59[.]84[.]47[:]52049/bin[.]sh,offline
mirai,http[:]//114[.]227[.]68[.]181[:]36904/i,offline
Mozi,http[:]//42[.]231[.]187[.]189[:]38441/i,offline
mirai,http[:]//201[.]110[.]154[.]77[:]39438/bin[.]sh,offline
Mozi,http[:]//115[.]56[.]96[.]161[:]54414/i,offline
,http[:]//119[.]115[.]63[.]252[:]37885/i,offline
,http[:]//42[.]239[.]189[.]113[:]49093/i,offline
Mozi,http[:]//159[.]196[.]55[.]40[:]50111/i,offline
,http[:]//223[.]108[.]82[.]26[:]56072/i,offline
,http[:]//119[.]114[.]138[.]205[:]46830/i,offline
Mozi,http[:]//125[.]45[.]65[.]137[:]35631/i,offline
,http[:]//42[.]179[.]15[.]63[:]42441/i,offline
Mozi,http[:]//182[.]120[.]11[.]141[:]51655/i,offline
Mozi,http[:]//202[.]1[.]26[.]70[:]41574/bin[.]sh,offline
Mozi,http[:]//182[.]127[.]5[.]251[:]38733/i,offline
,http[:]//115[.]59[.]84[.]47[:]52049/i,offline
,http[:]//42[.]58[.]172[.]216[:]34835/bin[.]sh,offline
,http[:]//116[.]138[.]26[.]89[:]47203/i,offline
Mozi,http[:]//115[.]57[.]253[.]17[:]53774/bin[.]sh,offline
,http[:]//175[.]174[.]9[.]33[:]42620/i,offline
Mozi,http[:]//42[.]232[.]225[.]98[:]41075/i,offline
,http[:]//113[.]237[.]106[.]196[:]50262/i,offline
Mozi,http[:]//42[.]225[.]230[.]127[:]58769/bin[.]sh,offline
CoinMiner,http[:]//13[.]71[.]2[.]244/[.]x/x,online
Mozi,http[:]//123[.]14[.]85[.]183[:]47055/i,offline
,http[:]//103[.]49[.]130[.]10/y)/,offline
Mozi,http[:]//222[.]141[.]38[.]193[:]42289/bin[.]sh,offline
Mozi,http[:]//115[.]51[.]63[.]165[:]47075/i,offline
,http[:]//119[.]117[.]133[.]35[:]34753/bin[.]sh,offline
Mozi,http[:]//182[.]127[.]5[.]251[:]38733/bin[.]sh,offline
Mozi,http[:]//125[.]45[.]65[.]137[:]35631/bin[.]sh,offline
Mozi,http[:]//158[.]255[.]83[.]212[:]41188/i,offline
Mozi,http[:]//125[.]45[.]67[.]20[:]42475/bin[.]sh,offline
mirai,http[:]//120[.]28[.]201[.]138[:]55930/i,offline
Mozi,http[:]//103[.]160[.]130[.]178[:]47177/i,offline
,http[:]//115[.]60[.]252[.]50[:]38555/bin[.]sh,offline
,http[:]//113[.]233[.]5[.]233[:]52841/i,offline
mirai,http[:]//124[.]6[.]167[.]121[:]57352/i,offline
,http[:]//113[.]229[.]49[.]112[:]34553/i,offline
,http[:]//119[.]114[.]138[.]205[:]46830/bin[.]sh,offline
Mozi,http[:]//112[.]248[.]187[.]85[:]51786/i,offline
Mozi,http[:]//182[.]117[.]79[.]97[:]58056/bin[.]sh,offline
Mozi,http[:]//125[.]41[.]2[.]160[:]50746/i,offline
mirai,http[:]//222[.]246[.]23[.]18[:]60522/bin[.]sh,offline
mirai,http[:]//114[.]227[.]68[.]181[:]36904/bin[.]sh,offline
mirai,http[:]//201[.]110[.]154[.]77[:]39438/i,offline
Mozi,http[:]//125[.]44[.]60[.]118[:]38038/bin[.]sh,offline
Mozi,http[:]//221[.]14[.]15[.]139[:]35706/i,offline
Mozi,http[:]//115[.]62[.]156[.]245[:]41068/i,offline
Mozi,http[:]//222[.]141[.]38[.]193[:]42289/i,offline
Mozi,http[:]//42[.]230[.]55[.]38[:]54485/i,offline
mirai,http[:]//120[.]28[.]201[.]138[:]55930/bin[.]sh,offline
,http[:]//116[.]138[.]26[.]89[:]47203/bin[.]sh,offline
,http[:]//123[.]188[.]70[.]173[:]33110/i,offline
mirai,http[:]//182[.]122[.]195[.]174[:]51347/i,offline
mirai,http[:]//177[.]84[.]28[.]156[:]44034/i,offline
mirai,http[:]//120[.]28[.]166[.]185[:]48483/i,online
,http[:]//222[.]140[.]177[.]246[:]40118/bin[.]sh,offline
Mozi,http[:]//221[.]14[.]52[.]245[:]47598/bin[.]sh,offline
,http[:]//5[.]172[.]22[.]97[:]36226/i,offline
,http[:]//37[.]52[.]24[.]254[:]40648/i,offline
"32-bit,elf,mips,Mozi",http[:]//72[.]255[.]48[.]104[:]54566/bin[.]sh,offline
"32-bit,arm,elf,mirai,Mozi",http[:]//196[.]190[.]0[.]118[:]44669/i,offline
"32-bit,elf,mips,Mozi",http[:]//118[.]34[.]109[.]121[:]56003/i,offline
"32-bit,arm,elf,mirai,Mozi",http[:]//101[.]59[.]79[.]119[:]40390/i,offline
connectwise,https[:]//nershalom[.]screenconnect[.]com/Bin/ScreenConnect[.]ClientSetup[.]exe?e=Access&y=Guest,offline
"botnetdomain,mirai",http[:]//scooter[.]cozyvistany[.]com/iran[.]aarch64,offline
"botnetdomain,mirai",http[:]//scooter[.]cozyvistany[.]com/iran[.]x86_64,offline
"botnetdomain,gafgyt,mirai",http[:]//archway[.]cozyvistany[.]com/Sakura[.]sh,offline
"botnetdomain,mirai",http[:]//archway[.]cozyvistany[.]com/m-i[.]p-s[.]Sakura,offline
"botnetdomain,mirai",http[:]//scooter[.]cozyvistany[.]com/iran[.]powerpc,offline
"botnetdomain,mirai",http[:]//scooter[.]cozyvistany[.]com/iran[.]m68k,offline
"botnetdomain,mirai",http[:]//scooter[.]cozyvistany[.]com/iran[.]armv4l,offline
"botnetdomain,mirai",http[:]//scooter[.]cozyvistany[.]com/iran[.]mips,offline
"botnetdomain,mirai",http[:]//archway[.]cozyvistany[.]com/a-r[.]m-4[.]Sakura,offline
"botnetdomain,gafgyt,mirai",http[:]//archway[.]cozyvistany[.]com/x-8[.]6-[.]Sakura,offline
"botnetdomain,mirai",http[:]//scooter[.]cozyvistany[.]com/iran[.]armv6l,offline
"botnetdomain,mirai",http[:]//archway[.]cozyvistany[.]com/x-3[.]2-[.]Sakura,offline
"botnetdomain,mirai",http[:]//scooter[.]cozyvistany[.]com/cat[.]sh,offline
"botnetdomain,mirai",http[:]//scooter[.]cozyvistany[.]com/iran[.]armv7l,offline
"botnetdomain,gafgyt,mirai",http[:]//archway[.]cozyvistany[.]com/s-h[.]4-[.]Sakura,offline
"botnetdomain,gafgyt,mirai",http[:]//archway[.]cozyvistany[.]com/m-6[.]8-k[.]Sakura,offline
"botnetdomain,mirai",http[:]//scooter[.]cozyvistany[.]com/iran[.]sh4,offline
"botnetdomain,mirai",http[:]//scooter[.]cozyvistany[.]com/iran[.]sparc,offline
"botnetdomain,gafgyt,mirai",http[:]//archway[.]cozyvistany[.]com/a-r[.]m-6[.]Sakura,offline
"botnetdomain,mirai",http[:]//scooter[.]cozyvistany[.]com/iran[.]armv5l,offline
"botnetdomain,mirai",http[:]//scooter[.]cozyvistany[.]com/iran[.]arc,offline
"botnetdomain,mirai",http[:]//archway[.]cozyvistany[.]com/i-5[.]8-6[.]Sakura,offline
"botnetdomain,gafgyt,mirai",http[:]//archway[.]cozyvistany[.]com/m-p[.]s-l[.]Sakura,offline
"botnetdomain,mirai",http[:]//archway[.]cozyvistany[.]com/p-p[.]c-[.]Sakura,offline
"botnetdomain,mirai",http[:]//scooter[.]cozyvistany[.]com/telnet[.]sh,offline
"botnetdomain,mirai",http[:]//scooter[.]cozyvistany[.]com/iran[.]mipsrouter,offline
"botnetdomain,mirai",http[:]//scooter[.]cozyvistany[.]com/iran[.]i486,offline
"botnetdomain,mirai",http[:]//scooter[.]cozyvistany[.]com/iran[.]mipsel,offline
"botnetdomain,mirai",http[:]//archway[.]cozyvistany[.]com/a-r[.]m-7[.]Sakura,offline
"botnetdomain,mirai",http[:]//scooter[.]cozyvistany[.]com/9999/iran[.]x86_64,offline
"32-bit,elf,mips,Mozi",http[:]//118[.]34[.]109[.]121[:]56003/bin[.]sh,offline
"botnetdomain,elf,mirai",http[:]//sex[.]gemlogin[.]space/wj0s[.]x86_64-dbg,offline
"botnetdomain,elf,mirai",http[:]//sex[.]gemlogin[.]space/wj0s[.]arm7-dbg,offline
"botnetdomain,elf,mirai",http[:]//sex[.]gemlogin[.]space/wj0s[.]ppc-dbg,offline
"botnetdomain,elf,mirai",http[:]//sex[.]gemlogin[.]space/wj0s[.]mipsel-dbg,offline
"botnetdomain,elf,mirai",http[:]//sex[.]gemlogin[.]space/wj0s[.]arm,offline
"botnetdomain,elf,mirai",http[:]//sex[.]gemlogin[.]space/wj0s[.]sh4,offline
"botnetdomain,elf,mirai",http[:]//sex[.]gemlogin[.]space/wj0s[.]mips,offline
"botnetdomain,elf,mirai",http[:]//sex[.]gemlogin[.]space/wj0s[.]arm7,offline
"botnetdomain,elf,mirai",http[:]//sex[.]gemlogin[.]space/wj0s[.]arm64-dbg,offline
"botnetdomain,elf,mirai",http[:]//sex[.]gemlogin[.]space/wj0s[.]i686-dbg,offline
"botnetdomain,elf,mirai",http[:]//sex[.]gemlogin[.]space/wj0s[.]sh4-dbg,offline
"botnetdomain,elf,mirai",http[:]//sex[.]gemlogin[.]space/wj0s[.]arm-dbg,offline
"botnetdomain,elf,mirai",http[:]//sex[.]gemlogin[.]space/wj0s[.]mipsel,offline
"botnetdomain,elf,mirai",http[:]//sex[.]gemlogin[.]space/wj0s[.]x86_64,offline
"botnetdomain,elf,mirai",http[:]//sex[.]gemlogin[.]space/wj0s[.]ppc,offline
"botnetdomain,elf,mirai",http[:]//sex[.]gemlogin[.]space/wj0s[.]mips-dbg,offline
"botnetdomain,elf,mirai",http[:]//sex[.]gemlogin[.]space/wj0s[.]arm64,offline
"botnetdomain,elf,mirai",http[:]//sex[.]gemlogin[.]space/wj0s[.]i686,offline
"botnetdomain,elf,mirai",http[:]//dropboxb3[.]duckdns[.]org[:]8081/titan[.]x32,offline
"botnetdomain,elf,mirai",http[:]//dropboxb3[.]duckdns[.]org[:]8081/titan[.]i586,offline
"botnetdomain,elf,mirai",http[:]//dropboxb3[.]duckdns[.]org[:]8081/titan[.]ppc,offline
"botnetdomain,elf,mirai",http[:]//dropboxb3[.]duckdns[.]org[:]8081/titan[.]x64-test,offline
"botnetdomain,elf,mirai",http[:]//dropboxb3[.]duckdns[.]org[:]8081/titan[.]arm4tl,offline
"botnetdomain,elf,mirai",http[:]//dropboxb3[.]duckdns[.]org[:]8081/titan[.]m68k,offline
"botnetdomain,elf,mirai",http[:]//dropboxb3[.]duckdns[.]org[:]8081/titan[.]i686,offline
"botnetdomain,elf,mirai",http[:]//dropboxb3[.]duckdns[.]org[:]8081/titan[.]ppc440,offline
"botnetdomain,elf,mirai",http[:]//dropboxb3[.]duckdns[.]org[:]8081/titan[.]arm5,offline
"botnetdomain,elf,mirai",http[:]//dropboxb3[.]duckdns[.]org[:]8081/titan[.]sh4,offline
"botnetdomain,elf,mirai",http[:]//dropboxb3[.]duckdns[.]org[:]8081/titan[.]x64,offline
"botnetdomain,elf,mirai",http[:]//dropboxb3[.]duckdns[.]org[:]8081/titan[.]mipsel,offline
"botnetdomain,elf,mirai",http[:]//dropboxb3[.]duckdns[.]org[:]8081/titan[.]i486,offline
"botnetdomain,elf,mirai",http[:]//dropboxb3[.]duckdns[.]org[:]8081/titan[.]arm7,offline
"botnetdomain,elf,mirai",http[:]//dropboxb3[.]duckdns[.]org[:]8081/titan[.]arm4l,offline
"botnetdomain,elf,mirai",http[:]//dropboxb3[.]duckdns[.]org[:]8081/titan[.]arm6,offline
"botnetdomain,elf,mirai",http[:]//dropboxb3[.]duckdns[.]org[:]8081/titan[.]mips,offline
"32-bit,arm,elf,mirai,Mozi",http[:]//117[.]63[.]112[.]125[:]41376/bin[.]sh,offline
"32-bit,elf,mips,Mozi",http[:]//182[.]126[.]107[.]136[:]54555/i,offline
,http[:]//45[.]61[.]150[.]229[:]8080/pineapple[.]exe,offline
"32-bit,elf,mips,Mozi",http[:]//115[.]60[.]252[.]50[:]38555/i,offline
"32-bit,elf,mips,Mozi",http[:]//115[.]55[.]243[.]215[:]56839/i,offline
mirai,http[:]//36[.]69[.]76[.]83[:]47847/i,offline
"32-bit,elf,mips,Mozi",http[:]//115[.]55[.]243[.]215[:]56839/bin[.]sh,offline
Mozi,http[:]//42[.]225[.]230[.]127[:]58769/i,offline
,http[:]//95[.]106[.]219[.]144[:]10368/i,offline
,http[:]//85[.]12[.]205[.]35[:]43824/i,offline
mirai,http[:]//94[.]27[.]145[.]11[:]37216/bin[.]sh,offline
Mozi,http[:]//61[.]53[.]90[.]140[:]41918/i,offline
,http[:]//82[.]144[.]86[.]37[:]56329/bin[.]sh,offline
Mozi,http[:]//42[.]238[.]242[.]50[:]35595/bin[.]sh,offline
"Electron,infostealer,spyware,stealer",https[:]//opalcraftsmp[.]com/assets/OpalCraftSMP[.]exe,online
"IRAHook,jar,zip",https[:]//snowproject[.]lol/download/IvaModjarO,offline
"elf,iot,Mozi",http[:]//182[.]127[.]85[.]153[:]37253/Mozi[.]m,offline
"IRAHOOK-loader,stealer,zip",https[:]//opalcraftsmp[.]com/assets/OpalCraftSMP-CurseForge[.]zip,online
"IRAHook,jar,stealer",https[:]//opalcraftsmp[.]com/assets/OpalCraftSMP-Mods[.]jar,online
manageEngine RMM,https[:]//rubburizee[.]es/D0CPAPERLESS/DOC_01[.]exe,offline
vbs,https[:]//pub-d21b4190a47f45628c828456f23dd66e[.]r2[.]dev/streamyard_MSupdate[.]vbs,offline
"c2-monitor-auto,dropped-by-amadey,tinynuke",http[:]//91[.]92[.]242[.]236/files-129312398/files/file_3c7c16fb45b485e2[.]exe,online
,http[:]//193[.]90[.]12[.]80/ns2[.]jpg,offline
"32-bit,elf,mips,Mozi",http[:]//221[.]15[.]9[.]33[:]45145/i,offline
"32-bit,elf,mips,Mozi",http[:]//222[.]137[.]232[.]157[:]57882/i,offline
"32-bit,elf,mips,Mozi",http[:]//42[.]238[.]242[.]50[:]35595/i,offline
"32-bit,elf,mips,Mozi",http[:]//219[.]156[.]56[.]62[:]39663/i,offline
"32-bit,elf,mips,Mozi",http[:]//221[.]15[.]9[.]33[:]45145/bin[.]sh,offline
"32-bit,elf,mips,Mozi",http[:]//219[.]156[.]56[.]62[:]39663/bin[.]sh,offline
Mozi,http[:]//42[.]224[.]64[.]204[:]53853/bin[.]sh,offline
Mozi,http[:]//112[.]231[.]205[.]143[:]43563/i,offline
"32-bit,elf,mips,Mozi",http[:]//115[.]62[.]146[.]115[:]39533/i,offline
"32-bit,elf,mips,Mozi",http[:]//42[.]232[.]235[.]34[:]46172/i,offline
"32-bit,elf,mips,Mozi",http[:]//115[.]62[.]146[.]115[:]39533/bin[.]sh,offline
"32-bit,elf,mips,Mozi",http[:]//42[.]232[.]235[.]34[:]46172/bin[.]sh,offline
Mozi,http[:]//182[.]116[.]88[.]124[:]46504/i,offline
"32-bit,arm,elf,mirai,Mozi",http[:]//2[.]194[.]144[.]193[:]58687/i,offline
"32-bit,elf,mips,Mozi",http[:]//42[.]56[.]156[.]248[:]38292/i,offline
"32-bit,elf,mips,Mozi",http[:]//119[.]185[.]241[.]242[:]59789/i,offline
"32-bit,elf,mips,Mozi",http[:]//119[.]185[.]241[.]242[:]59789/bin[.]sh,offline
Mozi,http[:]//182[.]116[.]88[.]124[:]46504/bin[.]sh,offline
"32-bit,elf,mips,Mozi",http[:]//42[.]56[.]156[.]248[:]38292/bin[.]sh,offline
,http[:]//163[.]142[.]79[.]70[:]45931/i,offline
"32-bit,elf,mips,Mozi",http[:]//42[.]224[.]77[.]191[:]51829/i,offline
"32-bit,elf,mips,Mozi",http[:]//42[.]180[.]12[.]27[:]48431/i,offline
,http[:]//163[.]142[.]79[.]70[:]45931/bin[.]sh,offline
mirai,http[:]//105[.]184[.]232[.]230[:]54381/i,offline
"32-bit,arm,elf,mirai,Mozi",http[:]//157[.]66[.]146[.]183[:]44492/i,offline
"32-bit,elf,mips,Mozi",http[:]//123[.]4[.]21[.]44[:]59707/i,offline
"32-bit,elf,mips,Mozi",http[:]//42[.]224[.]77[.]191[:]51829/bin[.]sh,offline
"32-bit,elf,mips,Mozi",http[:]//115[.]56[.]124[.]86[:]54294/i,offline
"32-bit,elf,mips,Mozi",http[:]//125[.]43[.]36[.]129[:]38648/i,offline
"32-bit,elf,mips,Mozi",http[:]//125[.]43[.]36[.]129[:]38648/bin[.]sh,offline
mirai,http[:]//105[.]184[.]232[.]230[:]54381/bin[.]sh,offline
"32-bit,elf,mips,Mozi",http[:]//123[.]4[.]21[.]44[:]59707/bin[.]sh,offline
"32-bit,arm,elf,mirai,Mozi",http[:]//157[.]66[.]146[.]183[:]44492/bin[.]sh,offline
Mozi,http[:]//123[.]4[.]196[.]24[:]38303/i,offline
"32-bit,elf,mips,Mozi",http[:]//42[.]239[.]225[.]72[:]37495/i,offline
"32-bit,elf,mips,Mozi",http[:]//61[.]53[.]95[.]155[:]37419/bin[.]sh,offline
Mozi,http[:]//42[.]239[.]225[.]72[:]37495/bin[.]sh,offline
"32-bit,arm,elf,mirai,Mozi",http[:]//175[.]31[.]228[.]93[:]53776/bin[.]sh,offline
"32-bit,elf,mips,Mozi",http[:]//222[.]137[.]235[.]158[:]37181/bin[.]sh,offline
"32-bit,elf,mips,Mozi",http[:]//196[.]206[.]103[.]13[:]53377/i,offline
"32-bit,elf,mips,Mozi",http[:]//123[.]12[.]225[.]110[:]40931/i,offline
"32-bit,elf,mips,Mozi",http[:]//42[.]224[.]64[.]204[:]53853/i,offline
"32-bit,elf,mips,Mozi",http[:]//61[.]52[.]179[.]224[:]50718/i,offline
"32-bit,elf,mips,Mozi",http[:]//123[.]12[.]27[.]20[:]60566/i,offline
"32-bit,elf,mips,Mozi",http[:]//61[.]52[.]179[.]224[:]50718/bin[.]sh,offline
"32-bit,elf,mips,Mozi",http[:]//59[.]96[.]136[.]164[:]52219/i,offline
"32-bit,arm,elf,mirai,Mozi",http[:]//210[.]208[.]111[.]234[:]49349/i,offline
"32-bit,elf,mips,Mozi",http[:]//123[.]7[.]237[.]204[:]50496/i,offline
"32-bit,elf,mips,Mozi",http[:]//123[.]7[.]237[.]204[:]50496/bin[.]sh,offline
"32-bit,elf,mips,Mozi",http[:]//182[.]119[.]160[.]167[:]51257/i,offline
"32-bit,elf,mips,Mozi",http[:]//115[.]57[.]251[.]81[:]37477/i,offline
"32-bit,elf,mips,Mozi",http[:]//125[.]44[.]215[.]218[:]54441/bin[.]sh,offline
"32-bit,elf,mips,Mozi",http[:]//42[.]85[.]187[.]243[:]40832/i,offline
"32-bit,arm,elf,mirai,Mozi",http[:]//105[.]184[.]248[.]13[:]58983/i,offline
"32-bit,elf,mips,Mozi",http[:]//115[.]57[.]251[.]81[:]37477/bin[.]sh,offline
"32-bit,elf,mips,Mozi",http[:]//42[.]85[.]187[.]243[:]40832/bin[.]sh,offline
"32-bit,arm,elf,mirai,Mozi",http[:]//105[.]184[.]248[.]13[:]58983/bin[.]sh,offline
"32-bit,elf,mips,Mozi",http[:]//123[.]11[.]9[.]52[:]42487/i,offline
"32-bit,elf,mips,Mozi",http[:]//123[.]11[.]9[.]52[:]42487/bin[.]sh,offline
"elf,iot,mirai",http[:]//87[.]120[.]196[.]16[:]889/agustin51,offline
"c2-monitor-auto,dropped-by-amadey",http[:]//91[.]92[.]242[.]236/files-129312398/files/file_d428ecd0038c581e[.]exe,offline
"45-61-150-229-8080,exe,PureRAT,ua-wget",http[:]//45[.]61[.]150[.]229[:]8080/pear[.]exe,offline
"45-61-150-229-8080,PureRAT,ua-wget,vbs",http[:]//45[.]61[.]150[.]229[:]8080/dlr[.]vbs,offline
"45-61-150-229-8080,hta,PureRAT,ua-wget",http[:]//45[.]61[.]150[.]229[:]8080/dl[.]hta,offline
"botnetdomain,elf,iloveboats-st-8081,mirai,ua-wget",http[:]//iloveboats[.]st[:]8081/titan[.]ppc,offline
"botnetdomain,elf,mirai,quietsurfwi-help-8081,ua-wget",http[:]//quietsurfwi[.]help[:]8081/titan[.]mips,offline
"botnetdomain,elf,mirai,quietsurfwi-help-8081,ua-wget",http[:]//quietsurfwi[.]help[:]8081/titan[.]mipsel,offline
"94-154-43-192-8081,elf,mirai,ua-wget",http[:]//94[.]154[.]43[.]192[:]8081/titan[.]arm4tl,offline
"94-154-43-192-8081,elf,mirai,ua-wget",http[:]//94[.]154[.]43[.]192[:]8081/titan[.]sh4,offline
"94-154-43-192-8081,elf,mirai,ua-wget",http[:]//94[.]154[.]43[.]192[:]8081/titan[.]arm6,offline
"94-154-43-192-8081,elf,mirai,ua-wget",http[:]//94[.]154[.]43[.]192[:]8081/titan[.]ppc440,offline
"94-154-43-192-8081,elf,mirai,ua-wget",http[:]//94[.]154[.]43[.]192[:]8081/titan[.]m68k,offline
"94-154-43-192-8081,elf,mirai,ua-wget",http[:]//94[.]154[.]43[.]192[:]8081/titan[.]ppc,offline
"94-154-43-192-8081,elf,mirai,ua-wget",http[:]//94[.]154[.]43[.]192[:]8081/titan[.]x32,offline
"94-154-43-192-8081,elf,mirai,ua-wget",http[:]//94[.]154[.]43[.]192[:]8081/titan[.]x64-test,offline
"94-154-43-192-8081,elf,mirai,ua-wget",http[:]//94[.]154[.]43[.]192[:]8081/titan[.]mips,offline
"94-154-43-192-8081,elf,mirai,ua-wget",http[:]//94[.]154[.]43[.]192[:]8081/titan[.]mipsel,offline
"94-154-43-192-8081,elf,mirai,ua-wget",http[:]//94[.]154[.]43[.]192[:]8081/titan[.]arm7,offline
"94-154-43-192-8081,elf,mirai,ua-wget",http[:]//94[.]154[.]43[.]192[:]8081/titan[.]arm4l,offline
"94-154-43-192-8081,elf,mirai,ua-wget",http[:]//94[.]154[.]43[.]192[:]8081/titan[.]arm5,offline
"192-159-99-221,connectwise,exe,ua-wget",http[:]//192[.]159[.]99[.]221/Bin/ScreenConnect[.]ClientSetup[.]exe,offline
"192-159-99-221,connectwise,exe,ua-wget",http[:]//192[.]159[.]99[.]221/bin/support[.]client[.]exe,offline
"94-154-43-192-8081,ua-wget",http[:]//94[.]154[.]43[.]192[:]8081/titan[.]x86,offline
"94-154-43-192-8081,ua-wget",http[:]//94[.]154[.]43[.]192[:]8081/titan[.]x86_32,offline
"94-154-43-192-8081,ua-wget",http[:]//94[.]154[.]43[.]192[:]8081/titan[.]x64,offline
"94-154-43-192-8081,ua-wget",http[:]//94[.]154[.]43[.]192[:]8081/titan[.]x86_64,offline
"botnetdomain,elf,mirai,ua-wget,www-iloveboats-st-8081",http[:]//www[.]iloveboats[.]st[:]8081/titan[.]ppc440,offline
"botnetdomain,elf,mirai,quietsurfwi-help-8081,ua-wget",http[:]//quietsurfwi[.]help[:]8081/titan[.]ppc440,offline
"94-154-43-95-8081,elf,mirai,ua-wget",http[:]//94[.]154[.]43[.]95[:]8081/titan[.]ppc440,offline
"botnetdomain,iloveboats-st-8081,sh,ua-wget",http[:]//iloveboats[.]st[:]8081/bash[.]sh,offline
"botnetdomain,elf,mail-quietsurfwi-help-8081,mirai,ua-wget",http[:]//mail[.]quietsurfwi[.]help[:]8081/titan[.]arm7,offline
"botnetdomain,elf,iloveboats-st-8081,mirai,ua-wget",http[:]//iloveboats[.]st[:]8081/titan[.]m68k,offline
"94-154-43-95-8081,elf,mirai,ua-wget",http[:]//94[.]154[.]43[.]95[:]8081/titan[.]i586,offline
"botnetdomain,elf,mirai,ua-wget,www-iloveboats-st-8081",http[:]//www[.]iloveboats[.]st[:]8081/titan[.]sh4,offline
"botnetdomain,elf,mirai,ua-wget,www-iloveboats-st-8081",http[:]//www[.]iloveboats[.]st[:]8081/titan[.]arm4l,offline
"botnetdomain,elf,mirai,quietsurfwi-help-8081,ua-wget",http[:]//quietsurfwi[.]help[:]8081/titan[.]x32,offline
"botnetdomain,elf,iloveboats-st-8081,mirai,ua-wget",http[:]//iloveboats[.]st[:]8081/titan[.]x64-test,offline
"botnetdomain,elf,mail-quietsurfwi-help-8081,mirai,ua-wget",http[:]//mail[.]quietsurfwi[.]help[:]8081/titan[.]ppc440,offline
"botnetdomain,elf,mirai,ua-wget,www-iloveboats-st-8081",http[:]//www[.]iloveboats[.]st[:]8081/titan[.]x64-test,offline
"94-154-43-95-8081,elf,mirai,ua-wget",http[:]//94[.]154[.]43[.]95[:]8081/titan[.]m68k,offline
"botnetdomain,elf,mail-quietsurfwi-help-8081,mirai,ua-wget",http[:]//mail[.]quietsurfwi[.]help[:]8081/titan[.]arm5,offline
"botnetdomain,elf,mirai,quietsurfwi-help-8081,ua-wget",http[:]//quietsurfwi[.]help[:]8081/titan[.]x64-test,offline
"botnetdomain,elf,mirai,ua-wget,www-iloveboats-st-8081",http[:]//www[.]iloveboats[.]st[:]8081/titan[.]mips,offline
"botnetdomain,sh,ua-wget,www-iloveboats-st-8081",http[:]//www[.]iloveboats[.]st[:]8081/bash[.]sh,offline
"botnetdomain,elf,mirai,ua-wget,www-iloveboats-st-8081",http[:]//www[.]iloveboats[.]st[:]8081/titan[.]mipsel,offline
"botnetdomain,elf,mirai,quietsurfwi-help-8081,ua-wget",http[:]//quietsurfwi[.]help[:]8081/titan[.]arm4tl,offline
"aura-tcplegit-space,botnetdomain,elf,mirai,ua-wget",http[:]//aura[.]tcplegit[.]space/l,offline
"botnetdomain,elf,mail-quietsurfwi-help-8081,mirai,ua-wget",http[:]//mail[.]quietsurfwi[.]help[:]8081/titan[.]m68k,offline
"botnetdomain,elf,mail-quietsurfwi-help-8081,mirai,ua-wget",http[:]//mail[.]quietsurfwi[.]help[:]8081/titan[.]arm6,offline
"botnetdomain,elf,mirai,quietsurfwi-help-8081,ua-wget",http[:]//quietsurfwi[.]help[:]8081/titan[.]arm6,offline
"94-154-43-95-8081,elf,mirai,ua-wget",http[:]//94[.]154[.]43[.]95[:]8081/titan[.]mipsel,offline
"94-154-43-95-8081,elf,mirai,ua-wget",http[:]//94[.]154[.]43[.]95[:]8081/titan[.]x64,offline
"94-154-43-95-8081,elf,mirai,ua-wget",http[:]//94[.]154[.]43[.]95[:]8081/titan[.]x64-test,offline
"botnetdomain,elf,iloveboats-st-8081,mirai,ua-wget",http[:]//iloveboats[.]st[:]8081/titan[.]arm6,offline
"botnetdomain,elf,mail-quietsurfwi-help-8081,mirai,ua-wget",http[:]//mail[.]quietsurfwi[.]help[:]8081/titan[.]arm4l,offline
"botnetdomain,elf,mail-quietsurfwi-help-8081,mirai,ua-wget",http[:]//mail[.]quietsurfwi[.]help[:]8081/titan[.]x64-test,offline
"94-154-43-95-8081,elf,mirai,ua-wget",http[:]//94[.]154[.]43[.]95[:]8081/titan[.]x32,offline
"botnetdomain,elf,mail-quietsurfwi-help-8081,mirai,ua-wget",http[:]//mail[.]quietsurfwi[.]help[:]8081/titan[.]ppc,offline
"botnetdomain,elf,mirai,quietsurfwi-help-8081,ua-wget",http[:]//quietsurfwi[.]help[:]8081/titan[.]arm5,offline
"botnetdomain,elf,iloveboats-st-8081,mirai,ua-wget",http[:]//iloveboats[.]st[:]8081/titan[.]ppc440,offline
"94-154-43-95-8081,elf,mirai,ua-wget",http[:]//94[.]154[.]43[.]95[:]8081/titan[.]i486,offline
"botnetdomain,elf,iloveboats-st-8081,mirai,ua-wget",http[:]//iloveboats[.]st[:]8081/titan[.]sh4,offline
"botnetdomain,elf,iloveboats-st-8081,mirai,ua-wget",http[:]//iloveboats[.]st[:]8081/titan[.]x32,offline
"botnetdomain,elf,mail-quietsurfwi-help-8081,mirai,ua-wget",http[:]//mail[.]quietsurfwi[.]help[:]8081/titan[.]x32,offline
"botnetdomain,elf,mail-quietsurfwi-help-8081,mirai,ua-wget",http[:]//mail[.]quietsurfwi[.]help[:]8081/titan[.]mipsel,offline
"botnetdomain,elf,iloveboats-st-8081,mirai,ua-wget",http[:]//iloveboats[.]st[:]8081/titan[.]mipsel,offline
"botnetdomain,elf,mail-quietsurfwi-help-8081,mirai,ua-wget",http[:]//mail[.]quietsurfwi[.]help[:]8081/titan[.]sh4,offline
"botnetdomain,elf,iloveboats-st-8081,mirai,ua-wget",http[:]//iloveboats[.]st[:]8081/titan[.]arm4l,offline
"botnetdomain,elf,mail-quietsurfwi-help-8081,mirai,ua-wget",http[:]//mail[.]quietsurfwi[.]help[:]8081/titan[.]mips,offline
"botnetdomain,elf,mail-quietsurfwi-help-8081,mirai,ua-wget",http[:]//mail[.]quietsurfwi[.]help[:]8081/titan[.]arm4tl,offline
"botnetdomain,elf,iloveboats-st-8081,mirai,ua-wget",http[:]//iloveboats[.]st[:]8081/titan[.]mips,offline
"94-154-43-95-8081,elf,mirai,ua-wget",http[:]//94[.]154[.]43[.]95[:]8081/titan[.]arm6,offline
"botnetdomain,elf,mirai,quietsurfwi-help-8081,ua-wget",http[:]//quietsurfwi[.]help[:]8081/titan[.]sh4,offline
"94-154-43-95-8081,elf,mirai,ua-wget",http[:]//94[.]154[.]43[.]95[:]8081/titan[.]mips,offline
"94-154-43-95-8081,elf,mirai,ua-wget",http[:]//94[.]154[.]43[.]95[:]8081/titan[.]arm4l,offline
"94-154-43-95-8081,elf,mirai,ua-wget",http[:]//94[.]154[.]43[.]95[:]8081/titan[.]arm5,offline
"94-154-43-95-8081,elf,mirai,ua-wget",http[:]//94[.]154[.]43[.]95[:]8081/titan[.]arm7,offline
"94-154-43-95-8081,elf,mirai,ua-wget",http[:]//94[.]154[.]43[.]95[:]8081/titan[.]ppc,offline
"94-154-43-95-8081,elf,mirai,ua-wget",http[:]//94[.]154[.]43[.]95[:]8081/titan[.]arm4tl,offline
"94-154-43-95-8081,elf,mirai,ua-wget",http[:]//94[.]154[.]43[.]95[:]8081/titan[.]sh4,offline
"botnetdomain,elf,mirai,quietsurfwi-help-8081,ua-wget",http[:]//quietsurfwi[.]help[:]8081/titan[.]m68k,offline
"botnetdomain,elf,iloveboats-st-8081,mirai,ua-wget",http[:]//iloveboats[.]st[:]8081/titan[.]arm7,offline
"botnetdomain,elf,iloveboats-st-8081,mirai,ua-wget",http[:]//iloveboats[.]st[:]8081/titan[.]arm5,offline
"botnetdomain,elf,mirai,ua-wget,www-iloveboats-st-8081",http[:]//www[.]iloveboats[.]st[:]8081/titan[.]arm4tl,offline
"botnetdomain,elf,mirai,ua-wget,www-iloveboats-st-8081",http[:]//www[.]iloveboats[.]st[:]8081/titan[.]m68k,offline
"botnetdomain,elf,mirai,quietsurfwi-help-8081,ua-wget",http[:]//quietsurfwi[.]help[:]8081/titan[.]arm7,offline
"botnetdomain,elf,mirai,ua-wget,www-iloveboats-st-8081",http[:]//www[.]iloveboats[.]st[:]8081/titan[.]arm5,offline
"94-154-43-95-8081,elf,mirai,ua-wget",http[:]//94[.]154[.]43[.]95[:]8081/titan[.]i686,offline
"botnetdomain,elf,iloveboats-st-8081,mirai,ua-wget",http[:]//iloveboats[.]st[:]8081/titan[.]arm4tl,offline
"botnetdomain,elf,mirai,ua-wget,www-iloveboats-st-8081",http[:]//www[.]iloveboats[.]st[:]8081/titan[.]ppc,offline
"botnetdomain,elf,mirai,ua-wget,www-iloveboats-st-8081",http[:]//www[.]iloveboats[.]st[:]8081/titan[.]arm7,offline
"botnetdomain,elf,mirai,quietsurfwi-help-8081,ua-wget",http[:]//quietsurfwi[.]help[:]8081/titan[.]ppc,offline
"botnetdomain,elf,mirai,ua-wget,www-iloveboats-st-8081",http[:]//www[.]iloveboats[.]st[:]8081/titan[.]x32,offline
"botnetdomain,mail-quietsurfwi-help-8081,sh,ua-wget",http[:]//mail[.]quietsurfwi[.]help[:]8081/bash[.]sh,offline
"botnetdomain,elf,mirai,ua-wget,www-iloveboats-st-8081",http[:]//www[.]iloveboats[.]st[:]8081/titan[.]arm6,offline
"botnetdomain,elf,mirai,quietsurfwi-help-8081,ua-wget",http[:]//quietsurfwi[.]help[:]8081/titan[.]arm4l,offline
"botnetdomain,quietsurfwi-help-8081,sh,ua-wget",http[:]//quietsurfwi[.]help[:]8081/bash[.]sh,offline
"aura-tcplegit-space,botnetdomain,elf,mirai,ua-wget",http[:]//aura[.]tcplegit[.]space/skid[.]arm4,offline
"aura-tcplegit-space,botnetdomain,elf,mirai,ua-wget",http[:]//aura[.]tcplegit[.]space/massload,offline
"aura-tcplegit-space,botnetdomain,elf,mirai,ua-wget",http[:]//aura[.]tcplegit[.]space/skid[.]arm7,offline
"aura-tcplegit-space,botnetdomain,elf,mirai,ua-wget",http[:]//aura[.]tcplegit[.]space/main_arm,offline
"aura-tcplegit-space,botnetdomain,elf,mirai,ua-wget",http[:]//aura[.]tcplegit[.]space/skid[.]x86-64,offline
"aura-tcplegit-space,botnetdomain,elf,mirai,ua-wget",http[:]//aura[.]tcplegit[.]space/main_arm7,offline
"aura-tcplegit-space,botnetdomain,sh,ua-wget",http[:]//aura[.]tcplegit[.]space/scan[.]sh,offline
"aura-tcplegit-space,botnetdomain,elf,mirai,ua-wget",http[:]//aura[.]tcplegit[.]space/cnr,offline
"aura-tcplegit-space,botnetdomain,elf,mirai,ua-wget",http[:]//aura[.]tcplegit[.]space/skid[.]armv5l,offline
"aura-tcplegit-space,botnetdomain,elf,mirai,ua-wget",http[:]//aura[.]tcplegit[.]space/main_sh4,offline
"aura-tcplegit-space,botnetdomain,elf,mirai,ua-wget",http[:]//aura[.]tcplegit[.]space/skid[.]mips,offline
"aura-tcplegit-space,botnetdomain,elf,mirai,ua-wget",http[:]//aura[.]tcplegit[.]space/skid[.]arm64,offline
"aura-tcplegit-space,botnetdomain,elf,mirai,ua-wget",http[:]//aura[.]tcplegit[.]space/main_mips,offline
"aura-tcplegit-space,botnetdomain,elf,mirai,ua-wget",http[:]//aura[.]tcplegit[.]space/skid[.]ppc,offline
"aura-tcplegit-space,botnetdomain,elf,mirai,ua-wget",http[:]//aura[.]tcplegit[.]space/main_arm5,offline
"aura-tcplegit-space,botnetdomain,elf,mirai,ua-wget",http[:]//aura[.]tcplegit[.]space/skid[.]mpsl,offline
"aura-tcplegit-space,botnetdomain,elf,mirai,ua-wget",http[:]//aura[.]tcplegit[.]space/skid[.]x86,offline
"aura-tcplegit-space,botnetdomain,elf,mirai,ua-wget",http[:]//aura[.]tcplegit[.]space/skid[.]sh4,offline
"aura-tcplegit-space,botnetdomain,elf,mirai,ua-wget",http[:]//aura[.]tcplegit[.]space/skid[.]m68k,offline
"aura-tcplegit-space,botnetdomain,elf,mirai,ua-wget",http[:]//aura[.]tcplegit[.]space/skid[.]spc,offline
"aura-tcplegit-space,botnetdomain,elf,mirai,ua-wget",http[:]//aura[.]tcplegit[.]space/skid[.]i386,offline
"aura-tcplegit-space,botnetdomain,elf,mirai,ua-wget",http[:]//aura[.]tcplegit[.]space/main_aarch64,offline
"aura-tcplegit-space,botnetdomain,elf,mirai,ua-wget",http[:]//aura[.]tcplegit[.]space/skid[.]arm6,offline
"aura-tcplegit-space,botnetdomain,elf,mirai,ua-wget",http[:]//aura[.]tcplegit[.]space/main_arm6,offline
"aura-tcplegit-space,botnetdomain,elf,mirai,ua-wget",http[:]//aura[.]tcplegit[.]space/skid[.]arm5,offline
"aura-tcplegit-space,botnetdomain,sh,ua-wget",http[:]//aura[.]tcplegit[.]space/download_and_run[.]sh,offline
"aura-tcplegit-space,botnetdomain,elf,mirai,ua-wget",http[:]//aura[.]tcplegit[.]space/skid[.]arm,offline
"aura-tcplegit-space,botnetdomain,elf,mirai,ua-wget",http[:]//aura[.]tcplegit[.]space/skid[.]x64,offline
"aura-tcplegit-space,botnetdomain,elf,mirai,ua-wget",http[:]//aura[.]tcplegit[.]space/skid[.]mipsel,offline
"aura-tcplegit-space,botnetdomain,elf,mirai,ua-wget",http[:]//aura[.]tcplegit[.]space/main_x86_64,offline
"aura-tcplegit-space,botnetdomain,elf,mirai,ua-wget",http[:]//aura[.]tcplegit[.]space/main_powerpc,offline
"aura-tcplegit-space,botnetdomain,elf,mirai,ua-wget",http[:]//aura[.]tcplegit[.]space/g,offline
"94-154-43-38,elf,mirai,ua-wget",http[:]//94[.]154[.]43[.]38/skid[.]ppc,offline
"94-154-43-38,sh,ua-wget",http[:]//94[.]154[.]43[.]38/scan[.]sh,offline
"94-154-43-38,elf,mirai,ua-wget",http[:]//94[.]154[.]43[.]38/skid[.]arm5,offline
"94-154-43-38,elf,mirai,ua-wget",http[:]//94[.]154[.]43[.]38/skid[.]arm4,offline
"94-154-43-38,elf,mirai,ua-wget",http[:]//94[.]154[.]43[.]38/skid[.]x86-64,offline
"94-154-43-38,elf,mirai,ua-wget",http[:]//94[.]154[.]43[.]38/main_x86_64,offline
"94-154-43-38,elf,mirai,ua-wget",http[:]//94[.]154[.]43[.]38/skid[.]armv5l,offline
"94-154-43-38,elf,mirai,ua-wget",http[:]//94[.]154[.]43[.]38/skid[.]arm6,offline
"94-154-43-38,elf,mirai,ua-wget",http[:]//94[.]154[.]43[.]38/skid[.]arm7,offline
"94-154-43-38,elf,mirai,ua-wget",http[:]//94[.]154[.]43[.]38/skid[.]sh4,offline
"94-154-43-38,elf,mirai,ua-wget",http[:]//94[.]154[.]43[.]38/skid[.]arm,offline
"94-154-43-38,elf,mirai,ua-wget",http[:]//94[.]154[.]43[.]38/main_arm7,offline
"94-154-43-38,elf,mirai,ua-wget",http[:]//94[.]154[.]43[.]38/skid[.]m68k,offline
"94-154-43-38,elf,mirai,ua-wget",http[:]//94[.]154[.]43[.]38/skid[.]mpsl,offline
"94-154-43-38,elf,mirai,ua-wget",http[:]//94[.]154[.]43[.]38/skid[.]x86,offline
"94-154-43-38,elf,mirai,ua-wget",http[:]//94[.]154[.]43[.]38/skid[.]x64,offline
"94-154-43-38,elf,mirai,ua-wget",http[:]//94[.]154[.]43[.]38/skid[.]mipsel,offline
"94-154-43-38,elf,mirai,ua-wget",http[:]//94[.]154[.]43[.]38/skid[.]mips,offline
"94-154-43-38,elf,mirai,ua-wget",http[:]//94[.]154[.]43[.]38/massload,offline
"94-154-43-38,elf,mirai,ua-wget",http[:]//94[.]154[.]43[.]38/skid[.]arm64,offline
"94-154-43-38,elf,mirai,ua-wget",http[:]//94[.]154[.]43[.]38/skid[.]i386,offline
"94-154-43-38,elf,mirai,ua-wget",http[:]//94[.]154[.]43[.]38/skid[.]spc,offline
"94-154-43-38,elf,mirai,ua-wget",http[:]//94[.]154[.]43[.]38/cnr,offline
"94-154-43-38,elf,mirai,ua-wget",http[:]//94[.]154[.]43[.]38/main_arm6,offline
"94-154-43-38,elf,mirai,ua-wget",http[:]//94[.]154[.]43[.]38/main_arm,offline
"94-154-43-38,elf,mirai,ua-wget",http[:]//94[.]154[.]43[.]38/l,offline
"94-154-43-38,elf,mirai,ua-wget",http[:]//94[.]154[.]43[.]38/main_sh4,offline
"94-154-43-38,elf,mirai,ua-wget",http[:]//94[.]154[.]43[.]38/main_arm5,offline
"94-154-43-38,elf,mirai,ua-wget",http[:]//94[.]154[.]43[.]38/main_aarch64,offline
"94-154-43-38,elf,mirai,ua-wget",http[:]//94[.]154[.]43[.]38/main_powerpc,offline
"94-154-43-38,elf,mirai,ua-wget",http[:]//94[.]154[.]43[.]38/main_mips,offline
"94-154-43-38,elf,mirai,ua-wget",http[:]//94[.]154[.]43[.]38/g,offline
"94-154-43-38,sh,ua-wget",http[:]//94[.]154[.]43[.]38/download_and_run[.]sh,offline
"rat,RemcosRAT",https[:]//web[.]opendrive[.]com/api/v1/download/file[.]json/MzZfMTE2MjY5NzQ4X3JiTlV3?inline=1,offline
"rat,RemcosRAT",https[:]//od[.]lk/s/MzZfMTE2MjcwMTc4X1E0d01y/img_052027[.]png,offline
"rat,RemcosRAT",https[:]//od[.]lk/s/MzZfMTE2MjY5NzQ4X3JiTlV3/MSI_PRO[.]png,offline
"PureLogsStealer,stego",https[:]//dinamikakargo[.]com/[.]well-known/new/img_onyix[.]png,online
"PureLogsStealer,stego",https[:]//lively-fog-af49[.]pablosoftwareplus[.]workers[.]dev/VXcvQ,offline
"MassLogger,zip",https[:]//files[.]catbox[.]moe/0em09p[.]zip,offline
"32-bit,elf,mips,Mozi",http[:]//42[.]230[.]42[.]141[:]49057/i,offline
"94-154-43-38,elf,ua-wget",http[:]//94[.]154[.]43[.]38/huhu/titanjr[.]arm5,offline
"178-16-54-109,exe,ua-wget",http[:]//178[.]16[.]54[.]109/a[.]exe,offline
"94-154-43-221,elf,mirai,ua-wget",http[:]//94[.]154[.]43[.]221/iran[.]mipsrouter,offline
"94-154-43-221,elf,mirai,ua-wget",http[:]//94[.]154[.]43[.]221/iran[.]armv7l,offline
"94-154-43-221,elf,mirai,ua-wget",http[:]//94[.]154[.]43[.]221/iran[.]i486,offline
"94-154-43-221,elf,mirai,ua-wget",http[:]//94[.]154[.]43[.]221/iran[.]armv4l,offline
"94-154-43-221,mirai,sh,ua-wget",http[:]//94[.]154[.]43[.]221/telnet[.]sh,offline
"94-154-43-221,elf,mirai,ua-wget",http[:]//94[.]154[.]43[.]221/iran[.]armv5l,offline
"94-154-43-221,elf,mirai,ua-wget",http[:]//94[.]154[.]43[.]221/iran[.]armv6l,offline
"107-189-27-223-3000,AmosStealer,macho,ua-wget",http[:]//107[.]189[.]27[.]223[:]3000/arm64,offline
"107-189-27-223-3000,AmosStealer,macho,ua-wget",http[:]//107[.]189[.]27[.]223[:]3000/amd64,offline
"45-59-125-165,Earthworm,elf,ua-wget",http[:]//45[.]59[.]125[.]165/e,offline
stego,http[:]//104[.]250[.]238[.]131/new1MSI_PRO[.]png,offline
hta,http[:]//107[.]173[.]227[.]74/36/hddenovolvedforme[.]hta,offline
"45-61-170-60,connectwise,exe,ua-wget",https[:]//45[.]61[.]170[.]60/Bin/ScreenConnect[.]ClientSetup[.]exe,offline
"45-61-170-60,connectwise,exe,ua-wget",https[:]//45[.]61[.]170[.]60/bin/support[.]client[.]exe,offline
"45-61-176-53,connectwise,exe,ua-wget",http[:]//45[.]61[.]176[.]53/Bin/ScreenConnect[.]ClientSetup[.]exe,offline
"45-61-176-53,connectwise,exe,ua-wget",http[:]//45[.]61[.]176[.]53/bin/support[.]client[.]exe,offline
"32-bit,elf,mips,Mozi",http[:]//42[.]230[.]42[.]141[:]49057/bin[.]sh,offline
"45-61-170-146,elf,ua-wget",http[:]//45[.]61[.]170[.]146/linux,offline
"32-bit,arm,elf,mirai,Mozi",http[:]//182[.]122[.]195[.]174[:]51347/bin[.]sh,offline
"32-bit,arm,elf,mirai,Mozi",http[:]//210[.]208[.]111[.]36[:]50488/bin[.]sh,offline
"DDoSAgent,elf,mirai,Mozi",http[:]//176[.]65[.]139[.]206/mips,offline
"elf,mirai,Mozi",http[:]//176[.]65[.]139[.]206/x86,offline
"elf,mirai,Mozi",http[:]//176[.]65[.]139[.]206/sh4,offline
"elf,mirai,Mozi",http[:]//176[.]65[.]139[.]206/spc,offline
"elf,mirai,Mozi",http[:]//176[.]65[.]139[.]206/dbg,offline
"arm,elf,mirai,Mozi",http[:]//176[.]65[.]139[.]206/arm7,offline
"elf,mirai,Mozi",http[:]//176[.]65[.]139[.]206/i686,offline
"arm,elf,mirai,Mozi",http[:]//176[.]65[.]139[.]206/arm,offline
"elf,mirai,Mozi",http[:]//176[.]65[.]139[.]206/mpsl,offline
"elf,mirai,Mozi",http[:]//176[.]65[.]139[.]206/musl,offline
"elf,mirai,Mozi",http[:]//176[.]65[.]139[.]206/x86_64,offline
"elf,mirai,Mozi",http[:]//176[.]65[.]139[.]206/m68k,offline
"arm,elf,mirai,Mozi",http[:]//176[.]65[.]139[.]206/arm5,offline
"arm,elf,mirai,Mozi",http[:]//176[.]65[.]139[.]206/arm6,offline
"elf,mirai,Mozi",http[:]//176[.]65[.]139[.]206/ppc,offline
"mirai,Mozi,script",http[:]//176[.]65[.]139[.]206/w[.]sh,offline
connectwise,https[:]//github[.]com/appcloudinstaller/Bifinex/releases/download/v6[.]0[.]0/Bitfinex[.]bat,offline
,https[:]//api[.]cdn22[.]net/v1/p/b4ce2db0-7421-42a5-9406-fc67d1a8051d,offline
"32-bit,elf,mips,Mozi",http[:]//182[.]116[.]36[.]188[:]37734/bin[.]sh,offline
"32-bit,arm,elf,mirai,Mozi",http[:]//124[.]135[.]143[.]183[:]36319/i,offline
,http[:]//42[.]5[.]65[.]95[:]51307/i,offline
Mozi,http[:]//123[.]11[.]217[.]41[:]39743/i,offline
,http[:]//113[.]238[.]207[.]199[:]38026/i,offline
connectwise,https[:]//landersauto3[.]screenconnect[.]com/Bin/ScreenConnect[.]ClientSetup[.]exe?e=Access&y=Guest,offline
"32-bit,elf,mips,Mozi",http[:]//95[.]73[.]12[.]7[:]3102/i,offline
"32-bit,arm,elf,mirai,Mozi",http[:]//210[.]208[.]110[.]51[:]43845/i,offline
,http[:]//113[.]238[.]207[.]199[:]38026/bin[.]sh,offline
"32-bit,arm,elf,mirai,Mozi",http[:]//112[.]109[.]197[.]47[:]41093/bin[.]sh,offline
"32-bit,elf,mips,Mozi",http[:]//95[.]73[.]12[.]7[:]3102/bin[.]sh,offline
"32-bit,arm,elf,mirai,Mozi",http[:]//210[.]208[.]110[.]51[:]43845/bin[.]sh,offline
"32-bit,elf,mips,Mozi",http[:]//123[.]11[.]217[.]41[:]39743/bin[.]sh,offline
Mozi,http[:]//222[.]140[.]180[.]172[:]33921/bin[.]sh,offline
"32-bit,arm,elf,mirai,Mozi",http[:]//105[.]186[.]83[.]83[:]55579/bin[.]sh,offline
"elf,iot,Mozi",http[:]//59[.]97[.]250[.]134[:]55222/Mozi[.]m,offline
"elf,iot,mirai,Mozi",http[:]//120[.]28[.]201[.]138[:]55930/Mozi[.]m,offline
"32-bit,elf,mips,Mozi",http[:]//123[.]11[.]64[.]164[:]34556/i,offline
"32-bit,elf,mips,Mozi",http[:]//60[.]23[.]231[.]167[:]55225/i,offline
mirai,http[:]//105[.]186[.]81[.]49[:]43127/bin[.]sh,offline
Mozi,http[:]//61[.]53[.]95[.]155[:]37419/i,offline
"32-bit,elf,mips,Mozi",http[:]//123[.]11[.]64[.]164[:]34556/bin[.]sh,offline
"32-bit,arm,elf,mirai,Mozi",http[:]//103[.]156[.]176[.]162[:]53592/bin[.]sh,offline
"connectwise,screenconnect",https[:]//pinewoodchristian[.]screenconnect[.]com/Bin/ScreenConnect[.]ClientSetup[.]exe?e=Access&y=Guest&t=eemmmxjjjhhnnnn,offline
"32-bit,elf,mips,Mozi",http[:]//60[.]23[.]231[.]167[:]55225/bin[.]sh,offline
,http[:]//60[.]23[.]239[.]84[:]49851/i,offline
,http[:]//60[.]23[.]239[.]84[:]49851/bin[.]sh,offline
"32-bit,arm,elf,mirai,Mozi",http[:]//182[.]116[.]64[.]244[:]57147/i,offline
Mozi,http[:]//115[.]57[.]253[.]17[:]53774/i,offline
"32-bit,arm,elf,mirai,Mozi",http[:]//177[.]84[.]28[.]156[:]44034/bin[.]sh,offline
"32-bit,arm,elf,mirai,Mozi",http[:]//123[.]173[.]4[.]68[:]46638/i,offline
"32-bit,arm,elf,mirai,Mozi",http[:]//222[.]127[.]77[.]227[:]56118/i,offline
"32-bit,arm,elf,mirai,Mozi",http[:]//182[.]116[.]64[.]244[:]57147/bin[.]sh,offline
"32-bit,elf,mips,Mozi",http[:]//61[.]53[.]150[.]15[:]38010/i,offline
"32-bit,arm,elf,mirai,Mozi",http[:]//222[.]127[.]77[.]227[:]56118/bin[.]sh,offline
"32-bit,arm,elf,mirai,Mozi",http[:]//123[.]173[.]4[.]68[:]46638/bin[.]sh,offline
"32-bit,elf,mips,Mozi",http[:]//125[.]43[.]105[.]61[:]50073/i,offline
"32-bit,elf,mips,Mozi",http[:]//115[.]48[.]163[.]214[:]53193/bin[.]sh,offline
"32-bit,elf,mips,Mozi",http[:]//42[.]224[.]157[.]20[:]39780/i,offline
"32-bit,elf,mips,Mozi",http[:]//125[.]43[.]105[.]61[:]50073/bin[.]sh,offline
Mozi,http[:]//219[.]155[.]201[.]136[:]36366/i,offline
mirai,http[:]//36[.]71[.]26[.]92[:]52208/i,offline
,http[:]//105[.]156[.]250[.]235[:]48691/i,offline
mirai,http[:]//183[.]134[.]152[.]81[:]38332/i,offline
Mozi,http[:]//39[.]40[.]177[.]101[:]58273/i,offline
Mozi,http[:]//42[.]227[.]176[.]7[:]32988/bin[.]sh,offline
,http[:]//39[.]79[.]233[.]141[:]36944/bin[.]sh,offline
Mozi,http[:]//115[.]63[.]14[.]35[:]44703/i,offline
,http[:]//39[.]79[.]233[.]141[:]36944/i,offline
mirai,http[:]//210[.]208[.]110[.]147[:]59877/i,offline
mirai,http[:]//113[.]221[.]25[.]216[:]37532/bin[.]sh,offline
Mozi,http[:]//182[.]116[.]123[.]155[:]56622/i,offline
,http[:]//42[.]178[.]56[.]173[:]51013/i,offline
Mozi,http[:]//182[.]124[.]36[.]215[:]59176/bin[.]sh,offline
Mozi,http[:]//123[.]11[.]67[.]64[:]44127/i,offline
Mozi,http[:]//43[.]252[.]159[.]117[:]39585/i,offline
Mozi,http[:]//115[.]51[.]89[.]58[:]38582/i,offline
Mozi,http[:]//115[.]54[.]108[.]81[:]38694/i,offline
Mozi,http[:]//42[.]239[.]143[.]201[:]52770/i,offline
Mozi,http[:]//123[.]9[.]80[.]85[:]51154/bin[.]sh,offline
mirai,http[:]//180[.]107[.]123[.]227[:]46139/i,offline
mirai,http[:]//210[.]208[.]111[.]100[:]56274/bin[.]sh,offline
mirai,http[:]//58[.]22[.]17[.]77[:]48437/bin[.]sh,online
mirai,http[:]//210[.]208[.]111[.]36[:]50488/i,offline
Mozi,http[:]//42[.]227[.]176[.]7[:]32988/i,offline
Mozi,http[:]//83[.]219[.]1[.]198[:]33918/bin[.]sh,offline
Mozi,http[:]//125[.]41[.]231[.]68[:]59866/i,offline
Mozi,http[:]//219[.]155[.]81[.]73[:]57148/i,offline
,http[:]//42[.]6[.]220[.]55[:]52251/i,offline
Mozi,http[:]//182[.]116[.]38[.]177[:]53412/i,offline
mirai,http[:]//223[.]14[.]78[.]86[:]55197/bin[.]sh,offline
mirai,http[:]//37[.]78[.]38[.]173[:]50492/bin[.]sh,offline
Mozi,http[:]//115[.]55[.]52[.]39[:]37533/i,offline
,http[:]//125[.]43[.]82[.]147[:]48369/bin[.]sh,offline
,http[:]//42[.]5[.]251[.]216[:]54189/i,offline
,http[:]//42[.]59[.]233[.]5[:]51478/i,offline
,http[:]//42[.]178[.]165[.]19[:]37911/bin[.]sh,offline
,http[:]//123[.]188[.]220[.]165[:]59568/i,offline
Mozi,http[:]//59[.]180[.]158[.]76[:]54794/i,offline
Mozi,http[:]//219[.]155[.]81[.]73[:]57148/bin[.]sh,offline
Mozi,http[:]//125[.]43[.]37[.]95[:]40928/i,offline
mirai,http[:]//120[.]28[.]189[.]248[:]50610/bin[.]sh,offline
mirai,http[:]//110[.]186[.]231[.]170[:]38543/i,offline
Mozi,http[:]//222[.]142[.]207[.]37[:]51650/bin[.]sh,offline
,http[:]//125[.]44[.]215[.]218[:]54441/i,offline
mirai,http[:]//183[.]150[.]205[.]192[:]57127/i,offline
Mozi,http[:]//115[.]53[.]209[.]24[:]38958/bin[.]sh,offline
Mozi,http[:]//115[.]55[.]52[.]39[:]37533/bin[.]sh,offline
Mozi,http[:]//115[.]56[.]12[.]39[:]52565/bin[.]sh,offline
Mozi,http[:]//222[.]137[.]209[.]172[:]35853/bin[.]sh,offline
mirai,http[:]//103[.]18[.]13[.]54[:]47482/i,offline
mirai,http[:]//120[.]28[.]212[.]172[:]40293/i,offline
Mozi,http[:]//115[.]54[.]108[.]81[:]38694/bin[.]sh,offline
Mozi,http[:]//125[.]47[.]231[.]185[:]44037/i,offline
,http[:]//113[.]237[.]106[.]196[:]50262/bin[.]sh,offline
mirai,http[:]//120[.]28[.]189[.]248[:]50610/i,offline
mirai,http[:]//210[.]208[.]110[.]130[:]43841/i,offline
Mozi,http[:]//125[.]41[.]231[.]68[:]59866/bin[.]sh,offline
mirai,http[:]//117[.]63[.]74[.]133[:]39063/i,offline
Mozi,http[:]//222[.]139[.]36[.]162[:]57183/i,offline
mirai,http[:]//223[.]14[.]78[.]86[:]55197/i,offline
mirai,http[:]//60[.]184[.]138[.]242[:]45870/i,offline
,http[:]//89[.]189[.]181[.]54[:]58296/bin[.]sh,offline
,http[:]//42[.]180[.]66[.]153[:]37510/i,offline
,http[:]//113[.]94[.]58[.]193[:]51014/bin[.]sh,offline
,http[:]//108[.]170[.]136[.]155[:]44987/Mozi[.]m,offline
Mozi,http[:]//119[.]187[.]237[.]130[:]43735/bin[.]sh,offline
Mozi,http[:]//182[.]116[.]123[.]155[:]56622/bin[.]sh,offline
,http[:]//42[.]53[.]54[.]116[:]57643/bin[.]sh,offline
,http[:]//125[.]43[.]82[.]147[:]48369/i,offline
,http[:]//221[.]200[.]97[.]47[:]44385/i,offline
,http[:]//113[.]236[.]233[.]5[:]33001/i,offline
mirai,http[:]//60[.]184[.]107[.]9[:]37858/i,offline
,http[:]//60[.]23[.]236[.]13[:]43396/i,offline
,http[:]//124[.]94[.]221[.]85[:]55986/i,offline
Mozi,http[:]//115[.]48[.]163[.]214[:]53193/i,offline
Mozi,http[:]//39[.]40[.]128[.]210[:]50979/i,offline
,http[:]//58[.]255[.]43[.]102[:]50864/i,offline
mirai,http[:]//94[.]27[.]145[.]11[:]37216/i,offline
mirai,http[:]//112[.]109[.]197[.]47[:]41093/i,offline
mirai,http[:]//120[.]28[.]193[.]113[:]47346/i,offline
,http[:]//27[.]37[.]227[.]218[:]33664/bin[.]sh,offline
mirai,http[:]//106[.]57[.]7[.]26[:]53331/bin[.]sh,offline
,http[:]//42[.]59[.]233[.]5[:]51478/bin[.]sh,offline
mirai,http[:]//103[.]156[.]176[.]162[:]53592/i,offline
mirai,http[:]//210[.]208[.]106[.]68[:]38386/bin[.]sh,offline
Mozi,http[:]//182[.]124[.]36[.]215[:]59176/i,offline
Mozi,http[:]//115[.]55[.]158[.]73[:]35137/i,offline
mirai,http[:]//210[.]208[.]111[.]26[:]33341/i,offline
Mozi,http[:]//42[.]239[.]143[.]201[:]52770/bin[.]sh,offline
,http[:]//222[.]140[.]177[.]246[:]40118/i,offline
,http[:]//27[.]37[.]227[.]218[:]33664/i,offline
,http[:]//1[.]196[.]104[.]238[:]59295/i,offline
,http[:]//42[.]178[.]56[.]173[:]51013/bin[.]sh,offline
Mozi,http[:]//115[.]55[.]158[.]73[:]35137/bin[.]sh,offline
,http[:]//175[.]174[.]9[.]33[:]42620/bin[.]sh,offline
,http[:]//115[.]49[.]7[.]34[:]40290/i,offline
,http[:]//27[.]37[.]228[.]39[:]36165/bin[.]sh,offline
,http[:]//113[.]237[.]109[.]180[:]34496/bin[.]sh,offline
mirai,http[:]//222[.]127[.]154[.]221[:]58286/i,offline
Mozi,http[:]//42[.]224[.]126[.]183[:]55514/i,offline
mirai,http[:]//210[.]208[.]106[.]68[:]38386/i,offline
,http[:]//42[.]238[.]242[.]102[:]47417/i,offline
Mozi,http[:]//182[.]126[.]114[.]159[:]50568/i,offline
Mozi,http[:]//115[.]58[.]128[.]53[:]38060/i,offline
,http[:]//60[.]23[.]235[.]242[:]36535/i,offline
Mozi,http[:]//61[.]53[.]103[.]200[:]46732/bin[.]sh,offline
,http[:]//115[.]49[.]7[.]34[:]40290/bin[.]sh,offline
mirai,http[:]//45[.]171[.]177[.]193[:]47975/i,offline
mirai,http[:]//37[.]78[.]38[.]173[:]50492/i,offline
,http[:]//182[.]126[.]88[.]14[:]37461/i,offline
,http[:]//83[.]228[.]109[.]209[:]52087/bin[.]sh,offline
Mozi,http[:]//182[.]113[.]29[.]55[:]57658/bin[.]sh,offline
mirai,http[:]//210[.]208[.]111[.]74[:]50244/bin[.]sh,offline
mirai,http[:]//210[.]208[.]110[.]4[:]37579/i,offline
,http[:]//42[.]53[.]54[.]116[:]57643/i,offline
mirai,http[:]//113[.]221[.]25[.]216[:]37532/i,offline
Mozi,http[:]//115[.]63[.]86[.]151[:]59738/bin[.]sh,offline
Mozi,http[:]//222[.]142[.]207[.]37[:]51650/i,offline
Mozi,http[:]//115[.]63[.]86[.]151[:]59738/i,offline
,http[:]//113[.]94[.]58[.]193[:]51014/i,offline
Mozi,http[:]//115[.]51[.]89[.]58[:]38582/bin[.]sh,offline
Mozi,http[:]//222[.]137[.]209[.]172[:]35853/i,offline
Mozi,http[:]//115[.]58[.]128[.]53[:]38060/bin[.]sh,offline
Mozi,http[:]//182[.]118[.]247[.]217[:]34417/i,offline
Mozi,http[:]//42[.]232[.]31[.]129[:]36569/i,offline
Mozi,http[:]//42[.]232[.]31[.]129[:]36569/bin[.]sh,offline
Mozi,http[:]//221[.]14[.]168[.]213[:]54946/i,offline
mirai,http[:]//183[.]92[.]207[.]143[:]57994/i,offline
mirai,http[:]//58[.]22[.]17[.]77[:]48437/i,online
,http[:]//42[.]6[.]220[.]55[:]52251/bin[.]sh,offline
Mozi,http[:]//61[.]53[.]103[.]200[:]46732/i,offline
,http[:]//5[.]42[.]82[.]38[:]36436/i,offline
mirai,http[:]//180[.]104[.]55[.]42[:]40721/bin[.]sh,offline
mirai,http[:]//124[.]6[.]168[.]74[:]42130/i,offline
Mozi,http[:]//182[.]126[.]114[.]159[:]50568/bin[.]sh,offline
Mozi,http[:]//222[.]140[.]183[.]127[:]55393/bin[.]sh,offline
,http[:]//96[.]245[.]232[.]217[:]44492/i,offline
mirai,http[:]//210[.]208[.]111[.]26[:]33341/bin[.]sh,offline
mirai,http[:]//210[.]208[.]110[.]147[:]59877/bin[.]sh,offline
,http[:]//42[.]178[.]165[.]19[:]37911/i,offline
mirai,http[:]//210[.]208[.]111[.]100[:]56274/i,offline
Mozi,http[:]//123[.]9[.]80[.]85[:]51154/i,offline
,http[:]//42[.]238[.]242[.]102[:]47417/bin[.]sh,offline
,http[:]//60[.]19[.]247[.]90[:]37790/i,offline
"32-bit,elf,mips,Mozi",http[:]//186[.]149[.]204[.]12[:]55148/i,offline
"32-bit,arm,elf,mirai,Mozi",http[:]//182[.]240[.]8[.]122[:]58787/i,offline
"32-bit,elf,mips,Mozi",http[:]//115[.]56[.]12[.]39[:]52565/i,offline
"32-bit,elf,mips,Mozi",http[:]//42[.]224[.]157[.]20[:]39780/bin[.]sh,offline
mirai,http[:]//138[.]204[.]196[.]244[:]59781/i,offline
"32-bit,arm,elf,mirai,Mozi",http[:]//101[.]108[.]6[.]60[:]33547/bin[.]sh,offline
"32-bit,arm,elf,mirai,Mozi",http[:]//182[.]240[.]8[.]122[:]58787/bin[.]sh,offline
"32-bit,arm,elf,mirai,Mozi",http[:]//117[.]63[.]74[.]133[:]39063/bin[.]sh,offline
"32-bit,elf,mips,Mozi",http[:]//186[.]149[.]204[.]12[:]55148/bin[.]sh,offline
"32-bit,elf,mips,Mozi",http[:]//14[.]157[.]16[.]203[:]56002/i,offline
"32-bit,elf,mips,Mozi",http[:]//113[.]237[.]109[.]180[:]34496/i,offline
"32-bit,elf,mips,Mozi",http[:]//113[.]238[.]251[.]164[:]39756/i,offline
"ascii,Encoded,GuLoader,rat,RemcosRAT",https[:]//drive[.]google[.]com/uc?export=download&id=1HGtHvk31OxT1SCuvjTc_5ZRoRVxwcIl5,offline
"encrypted,GuLoader,rat,RemcosRAT",https[:]//drive[.]google[.]com/uc?export=download&id=11-DFMoy-fXPkERcqxAm3w69-MqdaqhNc,online
"rat,RemcosRAT,stego",https[:]//lively-fog-af49[.]pablosoftwareplus[.]workers[.]dev/hVHCz,offline
"32-bit,elf,mips,Mozi",http[:]//115[.]63[.]52[.]16[:]42926/i,offline
"32-bit,arm,elf,mirai,Mozi",http[:]//222[.]185[.]164[.]78[:]52993/bin[.]sh,offline
"32-bit,elf,mips,Mozi",http[:]//113[.]238[.]251[.]164[:]39756/bin[.]sh,offline
"32-bit,elf,mips,Mozi",http[:]//115[.]63[.]52[.]16[:]42926/bin[.]sh,offline
"32-bit,elf,mips,Mozi",http[:]//14[.]157[.]16[.]203[:]56002/bin[.]sh,offline
"32-bit,elf,mips,Mozi",http[:]//115[.]55[.]226[.]66[:]37950/i,offline
"32-bit,arm,elf,mirai,Mozi",http[:]//222[.]185[.]164[.]78[:]52993/i,offline
"32-bit,elf,mips,Mozi",http[:]//115[.]55[.]226[.]66[:]37950/bin[.]sh,offline
"32-bit,elf,mips,Mozi",http[:]//119[.]163[.]32[.]113[:]50032/i,offline
"cowrie,honeypot,mirai",http[:]//94[.]154[.]43[.]221/iran[.]x86_64,offline
"cowrie,honeypot,mirai",http[:]//94[.]154[.]43[.]221/iran[.]sparc,offline
"cowrie,honeypot,mirai",http[:]//94[.]154[.]43[.]221/iran[.]aarch64,offline
"cowrie,honeypot,mirai",http[:]//94[.]154[.]43[.]221/iran[.]sh4,offline
"cowrie,honeypot,mirai",http[:]//94[.]154[.]43[.]221/iran[.]powerpc,offline
"cowrie,honeypot,mirai",http[:]//94[.]154[.]43[.]221/iran[.]arc,offline
"cowrie,honeypot,mirai",http[:]//94[.]154[.]43[.]221/iran[.]m68k,offline
"cowrie,honeypot,mirai",http[:]//94[.]154[.]43[.]221/iran[.]mipsel,offline
"cowrie,honeypot,mirai",http[:]//94[.]154[.]43[.]221/iran[.]mips,offline
"32-bit,elf,mips,Mozi",http[:]//123[.]5[.]185[.]244[:]38342/i,offline
mirai,http[:]//105[.]184[.]113[.]151[:]38825/i,offline
"32-bit,elf,mips,Mozi",http[:]//119[.]163[.]32[.]113[:]50032/bin[.]sh,offline
"32-bit,elf,mips,Mozi",http[:]//123[.]5[.]185[.]244[:]38342/bin[.]sh,offline
mirai,http[:]//210[.]208[.]104[.]156[:]37194/i,offline
"rat,RemcosRAT,stego",https[:]//res[.]cloudinary[.]com/zd8litqk/image/upload/v1788745964/img_215152[.]jpg,offline
"AgentTesla,stego",https[:]//pub-17ab5f90ca394fc2a98a106eb938ff35[.]r2[.]dev/ghecvjk[.]png,offline
"AgentTesla,stego",https[:]//pub-cbeeb81b1c2d40df823a412f702451a3[.]r2[.]dev/rdklxci[.]png,offline
"PureLogsStealer,stego",https[:]//res[.]cloudinary[.]com/sxajd38y/image/upload/v1788742357/img_024933[.]jpg,offline
"PureLogsStealer,stego",https[:]//lively-fog-af49[.]pablosoftwareplus[.]workers[.]dev/haOzF,offline
"32-bit,arm,elf,mirai,Mozi",http[:]//196[.]188[.]75[.]58[:]58656/i,offline
ClickFix,http[:]//185[.]100[.]157[.]126/script,offline
"32-bit,elf,mips,Mozi",http[:]//182[.]114[.]248[.]139[:]32824/i,offline
"cowrie,gafgyt,honeypot",http[:]//131[.]123[.]40[.]104/bins[.]sh,offline
"cowrie,gafgyt,honeypot",http[:]//131[.]123[.]40[.]104/jhUOH,offline
"cowrie,gafgyt,honeypot",http[:]//131[.]123[.]40[.]104/RYrydry,offline
"cowrie,gafgyt,honeypot",http[:]//131[.]123[.]40[.]104/GHfjfgvj,offline
"cowrie,gafgyt,honeypot",http[:]//131[.]123[.]40[.]104/JIPJIPJj,offline
"cowrie,honeypot,mirai",http[:]//94[.]154[.]43[.]221[:]9999/iran[.]x86_64,offline
"cowrie,honeypot,mirai",http[:]//94[.]154[.]43[.]221/cat[.]sh,offline
"ascii,AsyncRAT,rat",http[:]//cu[.]srijanajha[.]com[.]np/wp-content/offlinejs[.]js,offline
"32-bit,arm,elf,mirai,Mozi",http[:]//36[.]70[.]35[.]147[:]44488/bin[.]sh,offline
"32-bit,elf,mips,Mozi",http[:]//222[.]113[.]196[.]55[:]42210/i,offline
"32-bit,arm,elf,mirai,Mozi",http[:]//101[.]108[.]253[.]190[:]58711/i,offline
"32-bit,arm,elf",http[:]//27[.]202[.]214[.]46[:]36219/i,offline
"32-bit,arm,elf,mirai,Mozi",http[:]//196[.]188[.]75[.]58[:]58656/bin[.]sh,offline
"32-bit,elf,mips,Mozi",http[:]//123[.]9[.]192[.]163[:]56498/i,offline
"32-bit,arm,elf,mirai,Mozi",http[:]//101[.]108[.]6[.]60[:]33547/i,offline
"32-bit,elf,mips,Mozi",http[:]//182[.]114[.]248[.]139[:]32824/bin[.]sh,offline
"AsyncRAT,exe",http[:]//151[.]242[.]63[.]112/test[.]exe,offline
"32-bit,elf,mips,Mozi",http[:]//222[.]113[.]196[.]55[:]42210/bin[.]sh,offline
"32-bit,elf,mips,Mozi",http[:]//111[.]88[.]7[.]48[:]33149/i,offline
"elf,mirai,ua-wget",http[:]//94[.]154[.]43[.]200/x-3[.]2-[.]Sakura,offline
"elf,gafgyt,ua-wget",http[:]//94[.]154[.]43[.]200/a-r[.]m-6[.]Sakura,offline
"elf,mirai,ua-wget",http[:]//94[.]154[.]43[.]200/a-r[.]m-4[.]Sakura,offline
"elf,mirai,ua-wget",http[:]//94[.]154[.]43[.]200/p-p[.]c-[.]Sakura,offline
"elf,mirai,ua-wget",http[:]//94[.]154[.]43[.]200/i-5[.]8-6[.]Sakura,offline
"elf,gafgyt,ua-wget",http[:]//94[.]154[.]43[.]200/m-6[.]8-k[.]Sakura,offline
"elf,mirai,ua-wget",http[:]//94[.]154[.]43[.]200/a-r[.]m-7[.]Sakura,offline
"elf,ua-wget",http[:]//94[.]154[.]43[.]200/a-r[.]m-5[.]Sakura,offline
Mozi,http[:]//42[.]234[.]246[.]38[:]55546/i,offline
"elf,iot,Mozi",http[:]//103[.]203[.]210[.]102[:]57562/Mozi[.]m,offline
"honeypot,ssh",http[:]//filmchill[.]net/install[.]sh,offline
,http[:]//112[.]248[.]141[.]6[:]40913/i,offline
"32-bit,elf,mips,Mozi",http[:]//219[.]155[.]201[.]117[:]50456/i,offline
"32-bit,arm,elf",http[:]//27[.]202[.]214[.]46[:]36219/bin[.]sh,offline
"32-bit,elf,mips,Mozi",http[:]//175[.]173[.]112[.]175[:]53031/i,offline
Mozi,http[:]//222[.]140[.]180[.]172[:]33921/i,offline
"32-bit,elf,mips,Mozi",http[:]//111[.]88[.]7[.]48[:]33149/bin[.]sh,offline
"32-bit,elf,mips,Mozi",http[:]//124[.]94[.]119[.]197[:]56771/i,offline
,http[:]//112[.]248[.]141[.]6[:]40913/bin[.]sh,offline
"mirai,script",http[:]//91[.]92[.]40[.]108/bins[.]sh,offline
xenorat,http[:]//91[.]92[.]40[.]108/winlogon[.]exe,offline
BlankGrabber,http[:]//91[.]92[.]40[.]108/stub[.]exe,offline
mirai,http[:]//91[.]92[.]40[.]108/x86,offline
"c2-monitor-auto,dropped-by-amadey",http[:]//91[.]92[.]242[.]236/files-129312398/files/file_1da77a985d70f255[.]exe,offline
mirai,http[:]//91[.]92[.]40[.]108/mips,offline
"elf,mirai",http[:]//176[.]65[.]139[.]220/bins/dbg,offline
"elf,mirai",http[:]//176[.]65[.]139[.]220/bins/load[.]sh,offline
mirai,http[:]//91[.]92[.]40[.]108/i386,offline
elf,http[:]//185[.]247[.]118[.]41/bin/phantomjs,offline
elf,http[:]//176[.]65[.]139[.]220/bins/meow[.]xml,offline
mirai,http[:]//91[.]92[.]40[.]108/arm64,offline
"elf,iot,mirai,Mozi",http[:]//120[.]28[.]197[.]69[:]36816/Mozi[.]a,offline
"elf,iot,mirai",http[:]//81[.]90[.]21[.]255[:]889/agustin51,offline
mirai,http[:]//91[.]92[.]40[.]108/mipsle,offline
mirai,http[:]//91[.]92[.]40[.]108/arm,offline
mirai,http[:]//91[.]92[.]40[.]108/amd64,offline
mirai,http[:]//91[.]92[.]40[.]108/android_arm64,offline
mirai,http[:]//91[.]92[.]40[.]108/armv7l,offline
gorat,http[:]//91[.]92[.]40[.]108/bot[.]exe,offline
mirai,http[:]//91[.]92[.]40[.]108/arm5,offline
mirai,http[:]//91[.]92[.]40[.]108/arm6,offline
".jar malware,hypixel,minecraft,trojan",https[:]//www[.]oringosmod[.]com/oringo-26[.]1[.]2[.]jar,offline
"cowrie,gafgyt,honeypot",http[:]//94[.]154[.]43[.]200/Sakura[.]sh,offline
"gafgyt,honeypot,iot",http[:]//94[.]154[.]43[.]200/x-8[.]6-[.]Sakura,offline
"cowrie,honeypot,mirai",http[:]//94[.]154[.]43[.]200/m-i[.]p-s[.]Sakura,offline
"gafgyt,honeypot,iot",http[:]//94[.]154[.]43[.]200/m-p[.]s-l[.]Sakura,offline
"gafgyt,wraith",http[:]//94[.]154[.]43[.]200/s-h[.]4-[.]Sakura,offline
,http[:]//5[.]175[.]211[.]23/xnxnxnxnxnxnxnxnloongarch64xnxn,offline
,http[:]//5[.]175[.]211[.]23/xnxnxnxnxnxnxnxnriscv64xnxn,offline
,http[:]//5[.]175[.]211[.]23/xnxnxnxnxnxnxnxnor1kxnxn,offline
,http[:]//5[.]175[.]211[.]23/xnxnxnxnxnxnxnxnmipsxnxn,offline
,http[:]//5[.]175[.]211[.]23/xnxnxnxnxnxnxnxnriscv32xnxn,offline
,http[:]//5[.]175[.]211[.]23/xnxnxnxnxnxnxnxnsh2xnxn,offline
,http[:]//5[.]175[.]211[.]23/xnxnxnxnxnxnxnxnmicroblazexnxn,offline
,http[:]//5[.]175[.]211[.]23/xnxnxnxnxnxnxnxni386xnxn,offline
,http[:]//5[.]175[.]211[.]23/xnxnxnxnxnxnxnxnx86_64xnxn,offline
,http[:]//5[.]175[.]211[.]23/xnxnxnxnxnxnxnxnaarch64xnxn,offline
,http[:]//5[.]175[.]211[.]23/xnxnxnxnxnxnxnxnm68kxnxn,offline
,http[:]//5[.]175[.]211[.]23/xnxnxnxnxnxnxnxnsh4xnxn,offline
"c2-monitor-auto,dropped-by-amadey",http[:]//91[.]92[.]242[.]236/files-129312398/files/file_5740d3bb04ada53e[.]exe,offline
,http[:]//5[.]175[.]211[.]23/xnxnxnxnxnxnxnxnpowerpcxnxn,offline
"32-bit,elf,mips,Mozi",http[:]//219[.]155[.]201[.]117[:]50456/bin[.]sh,offline
"32-bit,arm,elf,mirai,Mozi",http[:]//120[.]28[.]194[.]30[:]51325/bin[.]sh,offline
mirai,http[:]//1[.]61[.]151[.]195[:]46379/i,offline
"32-bit,elf,mips,Mozi",http[:]//175[.]173[.]112[.]175[:]53031/bin[.]sh,offline
"32-bit,arm,elf,mirai,Mozi",http[:]//121[.]61[.]49[.]44[:]46204/i,offline
"32-bit,elf,mips,Mozi",http[:]//115[.]52[.]17[.]57[:]47267/i,offline
"32-bit,arm,elf,mirai,Mozi",http[:]//36[.]70[.]35[.]147[:]44488/i,offline
"32-bit,elf,mips,Mozi",http[:]//42[.]230[.]16[.]17[:]49033/i,offline
"32-bit,elf,mips,Mozi",http[:]//42[.]230[.]16[.]17[:]49033/bin[.]sh,offline
"94-154-43-60-8081,elf,mirai,ua-wget",http[:]//94[.]154[.]43[.]60[:]8081/titan[.]ppc,offline
"94-154-43-60-8081,elf,mirai,ua-wget",http[:]//94[.]154[.]43[.]60[:]8081/titan[.]arm4tl,offline
"94-154-43-60-8081,elf,mirai,ua-wget",http[:]//94[.]154[.]43[.]60[:]8081/titan[.]m68k,offline
"94-154-43-60-8081,elf,mirai,ua-wget",http[:]//94[.]154[.]43[.]60[:]8081/titan[.]ppc440,offline
"94-154-43-60-8081,elf,mirai,ua-wget",http[:]//94[.]154[.]43[.]60[:]8081/titan[.]mipsel,offline
"94-154-43-60-8081,elf,mirai,ua-wget",http[:]//94[.]154[.]43[.]60[:]8081/titan[.]arm5,offline
"94-154-43-60-8081,elf,mirai,ua-wget",http[:]//94[.]154[.]43[.]60[:]8081/titan[.]x64-test,offline
"94-154-43-60-8081,elf,mirai,ua-wget",http[:]//94[.]154[.]43[.]60[:]8081/titan[.]arm7,offline
"94-154-43-60-8081,elf,mirai,ua-wget",http[:]//94[.]154[.]43[.]60[:]8081/titan[.]arm4l,offline
"94-154-43-60-8081,elf,mirai,ua-wget",http[:]//94[.]154[.]43[.]60[:]8081/titan[.]mips,offline
"94-154-43-60-8081,elf,mirai,ua-wget",http[:]//94[.]154[.]43[.]60[:]8081/titan[.]arm6,offline
"94-154-43-60-8081,elf,mirai,ua-wget",http[:]//94[.]154[.]43[.]60[:]8081/titan[.]sh4,offline
"94-154-43-60-8081,sh,ua-wget",http[:]//94[.]154[.]43[.]60[:]8081/bash[.]sh,offline
"32-bit,arm,elf,mirai,Mozi",http[:]//210[.]208[.]111[.]220[:]50143/bin[.]sh,offline
"dropped-by-Stealc,rustystealer,vasya",http[:]//87[.]120[.]104[.]147[:]8080/d/ibrowser,offline
"dropped-by-Stealc,vasya",https[:]//www[.]dropbox[.]com/scl/fi/o3y7c6ofcsvb8alxct9vz/AreCasinos[.]exe?rlkey=bl0gzlrixkkss5pamh8oo0w29&st=yhk7q9z0&dl=1,offline
"dropped-by-Stealc,rustystealer,vasya",https[:]//www[.]dropbox[.]com/scl/fi/754hdidtogzkpc8s528x3/OffersThickness[.]exe?rlkey=dbsp3569wnfvhmt633aep6rgf&st=afaxokov&dl=1,offline
"32-bit,elf,mips,Mozi",http[:]//42[.]52[.]88[.]232[:]40804/i,offline
"32-bit,elf,mips,Mozi",http[:]//123[.]4[.]236[.]242[:]34736/i,offline
,http[:]//119[.]179[.]248[.]8[:]41002/i,offline
"32-bit,elf,mips,Mozi",http[:]//125[.]42[.]25[.]36[:]44732/i,offline
"32-bit,elf,mips,Mozi",http[:]//123[.]4[.]236[.]242[:]34736/bin[.]sh,offline
"32-bit,elf,mips,Mozi",http[:]//182[.]121[.]41[.]150[:]35231/i,offline
"32-bit,arm,elf,mirai,Mozi",http[:]//175[.]9[.]165[.]183[:]50484/i,offline
"32-bit,elf,mips,Mozi",http[:]//42[.]52[.]88[.]232[:]40804/bin[.]sh,offline
,http[:]//119[.]179[.]248[.]8[:]41002/bin[.]sh,offline
"32-bit,arm,elf,mirai,Mozi",http[:]//196[.]189[.]35[.]226[:]53917/i,offline
"32-bit,arm,elf,mirai,Mozi",http[:]//222[.]127[.]76[.]16[:]52799/i,offline
"32-bit,elf,mips,Mozi",http[:]//220[.]201[.]103[.]9[:]41846/bin[.]sh,offline
"32-bit,elf,mips,Mozi",http[:]//125[.]42[.]25[.]36[:]44732/bin[.]sh,offline
"32-bit,arm,elf,mirai,Mozi",http[:]//196[.]189[.]35[.]226[:]53917/bin[.]sh,offline
mirai,http[:]//105[.]186[.]99[.]108[:]55537/i,offline
"32-bit,arm,elf,mirai,Mozi",http[:]//222[.]127[.]76[.]16[:]52799/bin[.]sh,offline
"32-bit,elf,mips,Mozi",http[:]//61[.]53[.]90[.]140[:]41918/bin[.]sh,offline
"32-bit,arm,elf,mirai,Mozi",http[:]//175[.]9[.]165[.]183[:]50484/bin[.]sh,offline
"32-bit,elf,mips,Mozi",http[:]//119[.]187[.]237[.]130[:]43735/i,offline
"32-bit,elf,mips,Mozi",http[:]//42[.]87[.]38[.]88[:]55295/bin[.]sh,offline
"32-bit,arm,elf,mirai,Mozi",http[:]//154[.]223[.]128[.]222[:]48066/i,offline
mirai,http[:]//210[.]208[.]104[.]156[:]37194/bin[.]sh,offline
"32-bit,elf,mips,Mozi",http[:]//182[.]113[.]29[.]55[:]57658/i,offline
"32-bit,arm,elf,mirai,Mozi",http[:]//154[.]223[.]128[.]222[:]48066/bin[.]sh,offline
"32-bit,arm,elf,mirai,Mozi",http[:]//210[.]208[.]110[.]42[:]48479/i,offline
"32-bit,elf,mips,Mozi",http[:]//113[.]237[.]108[.]77[:]51172/i,offline
"32-bit,elf,mips,Mozi",http[:]//125[.]41[.]8[.]203[:]49314/i,offline
mirai,http[:]//196[.]189[.]35[.]172[:]49582/i,offline
"32-bit,arm,elf,mirai,Mozi",http[:]//120[.]28[.]200[.]110[:]33040/i,offline
"32-bit,arm,elf,mirai,Mozi",http[:]//119[.]73[.]59[.]113[:]60801/i,offline
"32-bit,arm,elf,mirai,Mozi",http[:]//120[.]28[.]200[.]110[:]33040/bin[.]sh,offline
"32-bit,arm,elf,mirai,Mozi",http[:]//119[.]73[.]59[.]113[:]60801/bin[.]sh,offline
"32-bit,elf,mips,Mozi",http[:]//113[.]237[.]108[.]77[:]51172/bin[.]sh,offline
"32-bit,elf,mips,Mozi",http[:]//61[.]144[.]101[.]122[:]55558/i,offline
"32-bit,elf,mips,Mozi",http[:]//125[.]41[.]8[.]203[:]49314/bin[.]sh,offline
"32-bit,elf,mips,Mozi",http[:]//61[.]144[.]101[.]122[:]55558/bin[.]sh,offline
"exe,msstore,signed,WailsLoader",https[:]//authgen[.]deals/download/12[.]2[.]5/t2auth_bastion[.]exe,offline
"exe,msstore,signed,WailsLoader",https[:]//adps[.]pro/download/1[.]1[.]2/adpayworkstt[.]exe,offline
"exe,msstore,signed,WailsLoader",https[:]//pdf-editore[.]com/download/1[.]0[.]1/pdf_editor[.]exe,offline
"exe,msstore,signed,WailsLoader",https[:]//signaturenib[.]rest/download/3[.]7[.]4/signature_nib[.]exe,offline
"exe,msstore,signed,WailsLoader",https[:]//pdfmun[.]software/download/7[.]3[.]4/pdf_municipal[.]exe,offline
"32-bit,elf,mips,Mozi",http[:]//119[.]185[.]132[.]53[:]44820/i,offline
"32-bit,elf,mips,Mozi",http[:]//221[.]14[.]52[.]245[:]47598/i,offline
"32-bit,elf,mips,Mozi",http[:]//115[.]55[.]178[.]118[:]42943/i,offline
"32-bit,arm,elf,mirai,Mozi",http[:]//180[.]115[.]67[.]118[:]58208/i,offline
Mozi,http[:]//119[.]185[.]132[.]53[:]44820/bin[.]sh,offline
Mozi,http[:]//175[.]107[.]229[.]50[:]48713/i,offline
"ACRStealer,d52f85,dropped-by-amadey",http[:]//62[.]60[.]226[.]140/files/com/kliulij[.]exe,online
"32-bit,arm,elf,mirai,Mozi",http[:]//45[.]172[.]218[.]181[:]57007/bin[.]sh,offline
"d52f85,dropped-by-amadey,gcleaner",http[:]//62[.]60[.]226[.]140/files/unique2/file[.]exe,online
"32-bit,elf,mips,Mozi",http[:]//163[.]142[.]94[.]23[:]48371/i,offline
"32-bit,arm,elf,mirai,Mozi",http[:]//180[.]115[.]67[.]118[:]58208/bin[.]sh,offline
"32-bit,elf,mips,Mozi",http[:]//182[.]121[.]113[.]160[:]48584/i,offline
"32-bit,elf,mips,Mozi",http[:]//42[.]235[.]48[.]143[:]51176/i,offline
Mozi,http[:]//42[.]237[.]110[.]194[:]36839/i,offline
"32-bit,arm,elf,mirai,Mozi",http[:]//222[.]127[.]71[.]33[:]58739/bin[.]sh,offline
,http[:]//125[.]45[.]19[.]146[:]59855/i,offline
"32-bit,elf,mips,Mozi",http[:]//112[.]240[.]169[.]230[:]46314/i,offline
Mozi,http[:]//42[.]237[.]110[.]194[:]36839/bin[.]sh,offline
,http[:]//125[.]45[.]19[.]146[:]59855/bin[.]sh,offline
"32-bit,elf,mips,Mozi",http[:]//182[.]116[.]36[.]188[:]37734/i,offline
Mozi,http[:]//39[.]74[.]62[.]241[:]41341/i,offline
"32-bit,arm,elf,mirai,Mozi",http[:]//27[.]12[.]96[.]57[:]58619/bin[.]sh,offline
Mozi,http[:]//202[.]1[.]26[.]70[:]41574/i,offline
"32-bit,elf,mips,Mozi",http[:]//113[.]230[.]103[.]187[:]42583/i,offline
"32-bit,elf,mips,Mozi",http[:]//222[.]140[.]183[.]127[:]55393/i,offline
"32-bit,arm,elf,mirai,Mozi",http[:]//210[.]208[.]110[.]42[:]48479/bin[.]sh,offline
"censys,elf,P2Pinfect,ua-wget",http[:]//8[.]219[.]239[.]117[:]60139/linux,online
"censys,elf,P2Pinfect,ua-wget",http[:]//8[.]219[.]108[.]63[:]60142/linux,online
"censys,elf,P2Pinfect,ua-wget",http[:]//8[.]219[.]201[.]139[:]60102/linux,online
"censys,elf,P2Pinfect,ua-wget",http[:]//106[.]225[.]235[.]90[:]60106/linux,online
"32-bit,elf,mips,Mozi",http[:]//113[.]230[.]103[.]187[:]42583/bin[.]sh,offline
"censys,elf,P2Pinfect,ua-wget",http[:]//47[.]237[.]118[.]211[:]60105/linux,online
"censys,elf,P2Pinfect,ua-wget",http[:]//47[.]236[.]18[.]24[:]60116/linux,offline
"censys,elf,P2Pinfect,ua-wget",http[:]//8[.]222[.]160[.]231[:]60148/linux,online
"censys,elf,P2Pinfect,ua-wget",http[:]//47[.]236[.]51[.]52[:]60136/linux,online
"censys,elf,P2Pinfect,ua-wget",http[:]//47[.]245[.]99[.]183[:]60117/linux,online
"censys,elf,P2Pinfect,ua-wget",http[:]//47[.]84[.]123[.]75[:]60102/linux,online
"censys,elf,P2Pinfect,ua-wget",http[:]//47[.]76[.]159[.]198[:]60144/linux,offline
"censys,elf,P2Pinfect,ua-wget",http[:]//47[.]245[.]89[.]183[:]60131/linux,online
,http[:]//61[.]137[.]156[.]68[:]51916/bin[.]sh,offline
"censys,elf,mirai,ua-wget",http[:]//185[.]104[.]63[.]79/mips,offline
"32-bit,elf,mips,Mozi",http[:]//61[.]137[.]195[.]247[:]33907/i,offline
"32-bit,elf,mips,Mozi",http[:]//42[.]224[.]194[.]230[:]51692/i,offline
Mozi,http[:]//115[.]49[.]3[.]97[:]34652/i,offline
"32-bit,elf,mips,Mozi",http[:]//175[.]165[.]86[.]17[:]38882/i,offline
"32-bit,arm,elf,mirai,Mozi",http[:]//222[.]127[.]53[.]189[:]42032/bin[.]sh,offline
"32-bit,arm,elf,mirai,Mozi",http[:]//210[.]208[.]110[.]21[:]35078/i,offline
"32-bit,arm,elf,mirai,Mozi",http[:]//210[.]208[.]110[.]21[:]35078/bin[.]sh,offline
"32-bit,elf,mips,Mozi",http[:]//115[.]55[.]178[.]118[:]42943/bin[.]sh,offline
,http[:]//221[.]214[.]162[.]133[:]52343/i,offline
"censys,elf,mirai,ua-wget",http[:]//5[.]175[.]211[.]23/bins/xnxnxnxnxnxnxnxnpowerpcxnxn,online
"censys,elf,ua-wget",http[:]//77[.]239[.]124[.]123/hiddenbin/mips,offline
"censys,elf,ua-wget",http[:]//77[.]239[.]124[.]123/hiddenbin/ppc,offline
"censys,elf,ua-wget",http[:]//77[.]239[.]124[.]123/hiddenbin/i686,offline
"censys,elf,ua-wget",http[:]//77[.]239[.]124[.]123/hiddenbin/mipsel,offline
"censys,elf,ua-wget",http[:]//77[.]239[.]124[.]123/hiddenbin/arm6,offline
"censys,elf,ua-wget",http[:]//77[.]239[.]124[.]123/hiddenbin/m68k,offline
"censys,elf,ua-wget",http[:]//77[.]239[.]124[.]123/hiddenbin/android-arm,offline
"censys,elf,ua-wget",http[:]//77[.]239[.]124[.]123/hiddenbin/x86,offline
"censys,elf,ua-wget",http[:]//77[.]239[.]124[.]123/hiddenbin/arc,offline
"censys,elf,ua-wget",http[:]//77[.]239[.]124[.]123/hiddenbin/x86_64,offline
"censys,elf,ua-wget",http[:]//77[.]239[.]124[.]123/hiddenbin/arm5,offline
"censys,elf,ua-wget",http[:]//77[.]239[.]124[.]123/hiddenbin/sh4,offline
"censys,elf,ua-wget",http[:]//77[.]239[.]124[.]123/hiddenbin/android-arm64,offline
"censys,elf,ua-wget",http[:]//77[.]239[.]124[.]123/hiddenbin/arm7,offline
"censys,elf,ua-wget",http[:]//77[.]239[.]124[.]123/hiddenbin/arm,offline
"censys,elf,mirai,ua-wget",http[:]//5[.]175[.]211[.]23/bins/xnxnxnxnxnxnxnxnsh2xnxn,online
"censys,elf,mirai,ua-wget",http[:]//5[.]175[.]211[.]23/bins/xnxnxnxnxnxnxnxnloongarch64xnxn,online
"censys,elf,mirai,ua-wget",http[:]//5[.]175[.]211[.]23/bins/xnxnxnxnxnxnxnxnriscv32xnxn,online
"censys,elf,mirai,ua-wget",http[:]//5[.]175[.]211[.]23/bins/xnxnxnxnxnxnxnxnaarch64xnxn,online
"censys,elf,mirai,ua-wget",http[:]//5[.]175[.]211[.]23/bins/xnxnxnxnxnxnxnxnmicroblazexnxn,online
"censys,elf,mirai,ua-wget",http[:]//5[.]175[.]211[.]23/bins/xnxnxnxnxnxnxnxnriscv64xnxn,online
"censys,elf,mirai,ua-wget",http[:]//5[.]175[.]211[.]23/bins/xnxnxnxnxnxnxnxnm68kxnxn,online
"censys,elf,mirai,ua-wget",http[:]//5[.]175[.]211[.]23/bins/xnxnxnxnxnxnxnxnsh4xnxn,online
"censys,elf,mirai,ua-wget",http[:]//5[.]175[.]211[.]23/bins/xnxnxnxnxnxnxnxnx86_64xnxn,online
"censys,elf,mirai,ua-wget",http[:]//5[.]175[.]211[.]23/bins/xnxnxnxnxnxnxnxnor1kxnxn,online
"censys,elf,mirai,ua-wget",http[:]//5[.]175[.]211[.]23/bins/xnxnxnxnxnxnxnxnmipsxnxn,online
"censys,elf,gafgyt,ua-wget",http[:]//5[.]175[.]211[.]23/bins/xnxnxnxnxnxnxnxni386xnxn,online
"censys,sh,ua-wget",http[:]//185[.]104[.]63[.]79/me,offline
"censys,elf,ua-wget",http[:]//185[.]104[.]63[.]79/keyhunter-x862,offline
"censys,elf,ua-wget",http[:]//185[.]104[.]63[.]79/keyhunter-x86,offline
"censys,elf,mirai,ua-wget",http[:]//5[.]181[.]187[.]75/botpilled/rbot,offline
"32-bit,elf,mips,Mozi",http[:]//27[.]220[.]86[.]44[:]46545/bin[.]sh,offline
,http[:]//112[.]248[.]162[.]158[:]48643/i,offline
mirai,http[:]//176[.]65[.]139[.]136/satan[.]apk,offline
mirai,http[:]//176[.]65[.]139[.]136/launch[.]sh,online
"mirai,wraith",http[:]//94[.]154[.]43[.]192/order[.]armv4l,offline
mirai,http[:]//176[.]65[.]139[.]136/riscv32,online
"mirai,wraith",http[:]//94[.]154[.]43[.]192/order[.]mips,offline
"mirai,wraith",http[:]//94[.]154[.]43[.]192/order[.]x86_32,offline
"censys,elf,mirai,ua-wget",http[:]//92[.]112[.]125[.]51/n2/aarch64,offline
mirai,http[:]//180[.]93[.]115[.]26/wj0s[.]mips-dbg,offline
mirai,http[:]//180[.]93[.]115[.]26/wj0s[.]ppc-dbg,offline
mirai,https[:]//0rder-ver1f2345[.]com/mirai[.]arm,offline
mirai,http[:]//89[.]34[.]90[.]210/mirai[.]arm,online
mirai,http[:]//89[.]34[.]90[.]210/mirai[.]mips,online
mirai,https[:]//0rder-ver1f2345[.]com/mirai[.]mips,offline
mirai,http[:]//180[.]93[.]115[.]26/wj0s[.]sh4,offline
mirai,http[:]//180[.]93[.]115[.]26/wj0s[.]i686,offline
mirai,http[:]//180[.]93[.]115[.]26/wj0s[.]arm64-dbg,offline
mirai,http[:]//180[.]93[.]115[.]26/wj0s[.]mips,offline
mirai,http[:]//180[.]93[.]115[.]26/wj0s[.]arm7-dbg,offline
mirai,http[:]//180[.]93[.]115[.]26/wj0s[.]arm64,offline
mirai,http[:]//180[.]93[.]115[.]26/wj0s[.]sh4-dbg,offline
mirai,http[:]//180[.]93[.]115[.]26/wj0s[.]arm,offline
mirai,http[:]//180[.]93[.]115[.]26/wj0s[.]ppc,offline
mirai,http[:]//180[.]93[.]115[.]26/wj0s[.]arm7,offline
mirai,http[:]//180[.]93[.]115[.]26/wj0s[.]arm-dbg,offline
mirai,http[:]//180[.]93[.]115[.]26/wj0s[.]i686-dbg,offline
mirai,http[:]//180[.]93[.]115[.]26/wj0s[.]mipsel-dbg,offline
mirai,http[:]//180[.]93[.]115[.]26/wj0s[.]x86_64,offline
mirai,http[:]//89[.]34[.]90[.]210/mirai[.]sh4,online
mirai,http[:]//180[.]93[.]115[.]26/wj0s[.]x86_64-dbg,offline
mirai,http[:]//180[.]93[.]115[.]26/wj0s[.]mipsel,offline
mirai,http[:]//89[.]34[.]90[.]210/mirai[.]bin,online
,https[:]//waveplus[.]mediabyte[.]be/temp/goblin[.]jpg,offline
mirai,http[:]//162[.]249[.]125[.]145/arm7,online
mirai,http[:]//162[.]249[.]125[.]145/mips,online
mirai,https[:]//0rder-ver1f2345[.]com/mirai[.]sh4,offline
mirai,http[:]//89[.]34[.]90[.]210/mirai[.]dbg,online
mirai,http[:]//89[.]34[.]90[.]210/mirai[.]arm7,online
mirai,http[:]//162[.]249[.]125[.]145/mipsel,online
mirai,https[:]//0rder-ver1f2345[.]com/mirai[.]arm7,offline
mirai,http[:]//162[.]249[.]125[.]145/arm5,online
"gafgyt,mirai",http[:]//45[.]90[.]163[.]37//ppc440,online
mirai,http[:]//45[.]90[.]163[.]37//arc,online
mirai,https[:]//0rder-ver1f2345[.]com/mirai[.]mpsl,offline
mirai,https[:]//0rder-ver1f2345[.]com/mirai[.]ppc,offline
mirai,https[:]//0rder-ver1f2345[.]com/mirai[.]spc,offline
mirai,http[:]//162[.]249[.]125[.]145/arm,online
"gafgyt,mirai",http[:]//45[.]90[.]163[.]37//sh4,online
mirai,http[:]//45[.]90[.]163[.]37//spc,online
"gafgyt,mirai",http[:]//45[.]90[.]163[.]37//m68k,online
"32-bit,elf,mips,Mozi",http[:]//60[.]18[.]123[.]231[:]48930/bin[.]sh,offline
"32-bit,elf,mips,Mozi",http[:]//59[.]97[.]253[.]153[:]56432/i,offline
,http[:]//221[.]214[.]162[.]133[:]52343/bin[.]sh,offline
"32-bit,elf,mips,Mozi",http[:]//123[.]190[.]66[.]186[:]51800/i,offline
"217-60-195-187,elf,mirai,ua-wget",http[:]//217[.]60[.]195[.]187/qtm[.]arm6,offline
"217-60-195-187,elf,mirai,ua-wget",http[:]//217[.]60[.]195[.]187/qtm[.]x86,offline
"217-60-195-187,elf,mirai,ua-wget",http[:]//217[.]60[.]195[.]187/qtm[.]mips,offline
"217-60-195-187,elf,gafgyt,ua-wget",http[:]//217[.]60[.]195[.]187/qtm[.]arm5,offline
"217-60-195-187,elf,mirai,ua-wget",http[:]//217[.]60[.]195[.]187/qtm[.]arm7,offline
"32-bit,elf,mips,Mozi",http[:]//115[.]55[.]54[.]214[:]42911/bin[.]sh,offline
"176-65-139-217,elf,mirai,ua-wget",http[:]//176[.]65[.]139[.]217/bins/sh4,offline
"176-65-139-221,elf,ua-wget",http[:]//176[.]65[.]139[.]221/bins/edac_polld,offline
"176-65-139-221,elf,ua-wget",http[:]//176[.]65[.]139[.]221/bins/rcuop_0,offline
"176-65-139-221,elf,ua-wget",http[:]//176[.]65[.]139[.]221/bins/devfreq_wq,offline
"176-65-139-221,elf,ua-wget",http[:]//176[.]65[.]139[.]221/bins/zswap_shrinkd,offline
"176-65-139-221,elf,ua-wget",http[:]//176[.]65[.]139[.]221/bins/jbd2_sda1d,offline
"176-65-139-221,elf,ua-wget",http[:]//176[.]65[.]139[.]221/bins/ecryptfsd,offline
"176-65-139-221,elf,ua-wget",http[:]//176[.]65[.]139[.]221/bins/kswapd0,offline
"176-65-139-217,elf,mirai,ua-wget",http[:]//176[.]65[.]139[.]217/bins/dbg,offline
"176-65-139-217,elf,mirai,ua-wget",http[:]//176[.]65[.]139[.]217/bins/spc,offline
"176-65-139-217,elf,mirai,ua-wget",http[:]//176[.]65[.]139[.]217/bins/x86_64,offline
"176-65-139-221,elf,ua-wget",http[:]//176[.]65[.]139[.]221/bins/ksoftirqd0,offline
"176-65-139-217,elf,mirai,ua-wget",http[:]//176[.]65[.]139[.]217/bins/mips,offline
"176-65-139-217,elf,mirai,ua-wget",http[:]//176[.]65[.]139[.]217/bins/ppc,offline
"176-65-139-217,elf,mirai,ua-wget",http[:]//176[.]65[.]139[.]217/bins/m68k,offline
"176-65-139-217,elf,mirai,ua-wget",http[:]//176[.]65[.]139[.]217/bins/i686,offline
"176-65-139-217,elf,mirai,ua-wget",http[:]//176[.]65[.]139[.]217/bins/arm7,offline
"176-65-139-217,elf,mirai,ua-wget",http[:]//176[.]65[.]139[.]217/bins/arm5,offline
"176-65-139-217,elf,mirai,ua-wget",http[:]//176[.]65[.]139[.]217/bins/arm6,offline
"176-65-139-221,elf,ua-wget",http[:]//176[.]65[.]139[.]221/bins/kworker_u8,offline
"176-65-139-221,elf,ua-wget",http[:]//176[.]65[.]139[.]221/bins/cfg80211d,offline
"176-65-139-221,elf,ua-wget",http[:]//176[.]65[.]139[.]221/bins/bioset0,offline
"176-65-139-221,elf,ua-wget",http[:]//176[.]65[.]139[.]221/bins/scsi_tmf_0,offline
"176-65-139-217,elf,mirai,ua-wget",http[:]//176[.]65[.]139[.]217/bins/x86,offline
"176-65-139-217,elf,mirai,ua-wget",http[:]//176[.]65[.]139[.]217/bins/mpsl,offline
"176-65-139-221,elf,ua-wget",http[:]//176[.]65[.]139[.]221/bins/kblockd0,offline
"176-65-139-221,elf,ua-wget",http[:]//176[.]65[.]139[.]221/bins/xfsaild_sda,offline
"176-65-139-217,elf,mirai,ua-wget",http[:]//176[.]65[.]139[.]217/bins/arm,offline
"32-bit,arm,elf,mirai,Mozi",http[:]//180[.]107[.]123[.]227[:]46139/bin[.]sh,offline
"32-bit,arm,elf,mirai,Mozi",http[:]//222[.]127[.]54[.]84[:]59994/bin[.]sh,offline
"32-bit,elf,mips,Mozi",http[:]//175[.]165[.]86[.]17[:]38882/bin[.]sh,offline
"32-bit,arm,elf,mirai,Mozi",http[:]//105[.]186[.]189[.]253[:]52445/bin[.]sh,offline
"32-bit,elf,mips,Mozi",http[:]//123[.]190[.]66[.]186[:]51800/bin[.]sh,offline
"32-bit,elf,mips,Mozi",http[:]//123[.]188[.]66[.]121[:]39207/i,offline
"32-bit,arm,elf,mirai,Mozi",http[:]//120[.]28[.]215[.]50[:]47233/i,offline
"32-bit,elf,mips,Mozi",http[:]//219[.]155[.]86[.]225[:]52134/i,offline
"32-bit,arm,elf,mirai,Mozi",http[:]//120[.]28[.]215[.]50[:]47233/bin[.]sh,offline
Mozi,http[:]//27[.]220[.]86[.]44[:]46545/i,offline
"32-bit,elf,mips,Mozi",http[:]//61[.]52[.]55[.]252[:]40232/i,offline
"32-bit,elf,mips,Mozi",http[:]//219[.]155[.]86[.]225[:]52134/bin[.]sh,offline
,http[:]//112[.]239[.]96[.]243[:]51223/i,offline
"32-bit,arm,elf,mirai,Mozi",http[:]//36[.]70[.]65[.]199[:]42580/i,offline
"32-bit,elf,mips,Mozi",http[:]//182[.]113[.]44[.]204[:]39446/i,offline
"32-bit,elf,mips,Mozi",http[:]//42[.]224[.]194[.]230[:]51692/bin[.]sh,offline
,http[:]//112[.]239[.]96[.]243[:]51223/bin[.]sh,offline
"32-bit,elf,mips,Mozi",http[:]//61[.]52[.]55[.]252[:]40232/bin[.]sh,offline
"32-bit,arm,elf,mirai,Mozi",http[:]//36[.]70[.]65[.]199[:]42580/bin[.]sh,offline
"32-bit,elf,mips,Mozi",http[:]//182[.]113[.]44[.]204[:]39446/bin[.]sh,offline
"32-bit,elf,mips,Mozi",http[:]//120[.]84[.]214[.]57[:]47543/bin[.]sh,offline
"32-bit,arm,elf,mirai,Mozi",http[:]//36[.]71[.]24[.]86[:]38254/i,offline
"32-bit,arm,elf,mirai,Mozi",http[:]//36[.]71[.]24[.]86[:]38254/bin[.]sh,offline
"32-bit,arm,elf,mirai,Mozi",http[:]//105[.]186[.]69[.]206[:]55855/i,offline
"32-bit,arm,elf,mirai,Mozi",http[:]//170[.]84[.]132[.]250[:]39933/bin[.]sh,offline
"32-bit,elf,mips,Mozi",http[:]//219[.]155[.]192[.]215[:]34890/i,offline
"32-bit,elf,mips,Mozi",http[:]//115[.]55[.]223[.]34[:]55375/i,offline
"32-bit,arm,elf,mirai,Mozi",http[:]//105[.]186[.]69[.]206[:]55855/bin[.]sh,offline
"32-bit,elf,mips,Mozi",http[:]//115[.]55[.]223[.]34[:]55375/bin[.]sh,offline
"32-bit,elf,mips,Mozi",http[:]//42[.]233[.]107[.]207[:]59635/i,offline
"32-bit,elf,mips,Mozi",http[:]//42[.]233[.]107[.]207[:]59635/bin[.]sh,offline
"32-bit,elf,mips,Mozi",http[:]//42[.]180[.]222[.]87[:]37833/i,offline
Mozi,http[:]//115[.]55[.]243[.]51[:]37495/i,offline
"c2-monitor-auto,dropped-by-amadey,SalatStealer",http[:]//91[.]92[.]242[.]236/files-129312398/files/file_434e7262b777edc2[.]exe,offline
"32-bit,arm,elf,mirai,Mozi",http[:]//123[.]11[.]32[.]45[:]60965/i,offline
"32-bit,elf,mips,Mozi",http[:]//42[.]180[.]222[.]87[:]37833/bin[.]sh,offline
"32-bit,arm,elf,mirai,Mozi",http[:]//123[.]11[.]32[.]45[:]60965/bin[.]sh,offline
Mozi,http[:]//115[.]55[.]243[.]51[:]37495/bin[.]sh,offline
Mozi,http[:]//115[.]63[.]36[.]25[:]51166/i,offline
"32-bit,elf,mips,Mozi",http[:]//61[.]53[.]237[.]27[:]49567/i,offline
"32-bit,elf,mips,Mozi",http[:]//61[.]53[.]91[.]238[:]55186/i,offline
"32-bit,elf,mips,Mozi",http[:]//45[.]239[.]137[.]80[:]58731/bin[.]sh,offline
"32-bit,elf,mips,Mozi",http[:]//61[.]53[.]237[.]27[:]49567/bin[.]sh,offline
"honeypot,ssh",http[:]//194[.]59[.]30[.]180[:]35466/b/kal64,offline
"honeypot,ssh",http[:]//194[.]59[.]30[.]180[:]35466/b/linux,offline
"honeypot,ssh",http[:]//194[.]59[.]30[.]180[:]35466/b/kswpad,offline
"honeypot,ssh",http[:]//194[.]59[.]30[.]180[:]35466/b/amd64,offline
"extension,stealer,zip",https[:]//multiplay[.]at/shaders/Shaders[.]zip,offline
"32-bit,elf,mips,Mozi",http[:]//59[.]96[.]142[.]219[:]37016/i,offline
"32-bit,elf,mips,Mozi",http[:]//221[.]1[.]226[.]194[:]52984/i,offline
"32-bit,elf,mips,Mozi",http[:]//61[.]53[.]91[.]238[:]55186/bin[.]sh,offline
"32-bit,elf,mips,Mozi",http[:]//59[.]96[.]142[.]219[:]37016/bin[.]sh,offline
"32-bit,arm,elf,mirai,Mozi",http[:]//119[.]184[.]4[.]100[:]48083/i,offline
"32-bit,elf,mips,Mozi",http[:]//38[.]196[.]84[.]42[:]40091/i,offline
Mozi,http[:]//115[.]63[.]36[.]25[:]51166/bin[.]sh,offline
"32-bit,arm,elf,mirai,Mozi",http[:]//183[.]150[.]79[.]222[:]42629/i,offline
"32-bit,arm,elf,mirai,Mozi",http[:]//119[.]184[.]4[.]100[:]48083/bin[.]sh,offline
"32-bit,elf,mips,Mozi",http[:]//182[.]112[.]13[.]124[:]56784/i,offline
"32-bit,elf,mips,Mozi",http[:]//38[.]196[.]84[.]42[:]40091/bin[.]sh,offline
"dropped-by-Stealc,facebook,rustystealer",https[:]//www[.]dropbox[.]com/scl/fi/754hdidtogzkpc8s528x3/OffersThickness[.]exe?rlkey=dbsp3569wnfvhmt633aep6rgf&st=097j7cfs&dl=1,offline
"32-bit,elf,mips,Mozi",http[:]//182[.]112[.]13[.]124[:]56784/bin[.]sh,offline
,http[:]//42[.]7[.]238[.]65[:]33914/bin[.]sh,offline
,http[:]//42[.]58[.]252[.]119[:]37698/bin[.]sh,offline
,http[:]//38[.]46[.]30[.]224[:]44244/i,offline
mirai,http[:]//82[.]144[.]86[.]37[:]56329/i,offline
,http[:]//220[.]202[.]77[.]113[:]33106/i,offline
,http[:]//182[.]113[.]251[.]227[:]43434/bin[.]sh,offline
,http[:]//220[.]202[.]77[.]113[:]33106/bin[.]sh,offline
"32-bit,arm,elf,mirai,Mozi",http[:]//94[.]244[.]36[.]34[:]42903/i,offline
"honeypot,ssh",http[:]//194[.]59[.]30[.]180[:]35466/s/amd64,offline
"BillGates,honeypot,ssh",http[:]//194[.]59[.]30[.]180[:]35466/s/kswpad,offline
"BillGates,honeypot,ssh",http[:]//194[.]59[.]30[.]180[:]35466/s/kal64,offline
"honeypot,ssh",http[:]//194[.]59[.]30[.]180[:]35466/s/linux,offline
"32-bit,arm,elf,mirai,Mozi",http[:]//112[.]198[.]238[.]30[:]44431/i,offline
"32-bit,arm,elf,mirai,Mozi",http[:]//110[.]136[.]98[.]236[:]48232/i,offline
"32-bit,arm,elf,mirai,Mozi",http[:]//106[.]1[.]9[.]225[:]50153/bin[.]sh,offline
mirai,http[:]//36[.]64[.]184[.]26[:]46567/i,offline
"32-bit,arm,elf,mirai,Mozi",http[:]//112[.]198[.]238[.]30[:]44431/bin[.]sh,offline
"32-bit,elf,mips,Mozi",http[:]//103[.]226[.]187[.]112[:]60437/i,offline
mirai,http[:]//196[.]190[.]105[.]170[:]49217/bin[.]sh,offline
"32-bit,elf,mips,Mozi",http[:]//103[.]226[.]187[.]112[:]60437/bin[.]sh,offline
"32-bit,elf,mips,Mozi",http[:]//115[.]55[.]194[.]73[:]43155/i,offline
"32-bit,elf,mips,Mozi",http[:]//115[.]58[.]86[.]52[:]34597/i,offline
mirai,http[:]//36[.]64[.]184[.]26[:]46567/bin[.]sh,offline
"32-bit,elf,mips,Mozi",http[:]//61[.]137[.]247[.]139[:]38521/i,offline
"32-bit,elf,mips,Mozi",http[:]//115[.]58[.]86[.]52[:]34597/bin[.]sh,offline
Mozi,http[:]//125[.]47[.]225[.]19[:]52801/i,offline
"32-bit,elf,mips,Mozi",http[:]//61[.]137[.]247[.]139[:]38521/bin[.]sh,offline
"32-bit,elf,mips,Mozi",http[:]//115[.]55[.]194[.]73[:]43155/bin[.]sh,offline
"32-bit,elf,mips,Mozi",http[:]//125[.]43[.]226[.]173[:]40813/i,offline
Mozi,http[:]//125[.]47[.]225[.]19[:]52801/bin[.]sh,offline
"ClickFix,exe",https[:]//dl1[.]claudflare-gateway[.]net/captchafix[.]exe,offline
"32-bit,elf,mips,Mozi",http[:]//42[.]6[.]196[.]39[:]60329/i,offline
exe,http[:]//193[.]178[.]158[.]107/1[.]exe,online
"32-bit,elf,mips,Mozi",http[:]//42[.]6[.]196[.]39[:]60329/bin[.]sh,offline
"32-bit,arm,elf,mirai,Mozi",http[:]//105[.]184[.]69[.]210[:]60923/i,offline
"32-bit,elf,mips,Mozi",http[:]//42[.]52[.]204[.]46[:]54830/i,offline
"32-bit,arm,elf,mirai,Mozi",http[:]//105[.]184[.]69[.]210[:]60923/bin[.]sh,offline
mirai,http[:]//207[.]188[.]90[.]227[:]44244/i,offline
"32-bit,arm,elf,mirai,Mozi",http[:]//210[.]208[.]116[.]107[:]44471/i,offline
"32-bit,elf,mips,Mozi",http[:]//42[.]52[.]204[.]46[:]54830/bin[.]sh,offline
"32-bit,elf,mips,Mozi",http[:]//125[.]43[.]226[.]173[:]40813/bin[.]sh,offline
"64-bit,elf,mips,mirai",http[:]//118[.]145[.]196[.]225[:]800/yy7atflk/2sdqu9iu,offline
"32-bit,arm,elf,mirai,Mozi",http[:]//210[.]208[.]110[.]221[:]56269/i,offline
"32-bit,arm,elf,mirai,Mozi",http[:]//210[.]208[.]116[.]107[:]44471/bin[.]sh,offline
DCAgentRMM,https[:]//ferhfw[.]oss-cn-hongkong[.]aliyuncs[.]com/setup[.]exe,offline
"elf,iot,mirai,Mozi",http[:]//27[.]222[.]48[.]192[:]43573/Mozi[.]a,offline
"elf,iot,mirai",http[:]//2[.]27[.]14[.]92[:]889/agustin51,offline
DCAgentRMM,https[:]//gaode11223[.]oss-ap-southeast-7[.]aliyuncs[.]com/111a[.]zip,online
honeypot,http[:]//152[.]89[.]236[.]100/bot[.]sh,offline
,https[:]//qdzip-1476850762[.]cos[.]ap-singapore[.]myqcloud[.]com/zip[.]zip,offline
"c2-monitor-auto,dropped-by-amadey,rustystealer",http[:]//91[.]92[.]242[.]236/files-129312398/files/file_65975cf9d36e5bc9[.]exe,offline
,https[:]//qqwwaa[.]tos-cn-hongkong[.]volces[.]com/Document[.]exe,online
"extension,stealer,zip",https[:]//multiplay[.]at/game-copier/downloads/Game-Copier[.]zip,offline
,https[:]//curlservice[.]com/download/RuntimeAgent[.]zip,offline
honeypot,http[:]//153[.]75[.]247[.]179/setup[.]sh,offline
honeypot,http[:]//153[.]75[.]247[.]179[:]8080/setup[.]sh,offline
"32-bit,arm,elf,mirai,Mozi",http[:]//210[.]208[.]110[.]221[:]56269/bin[.]sh,offline
"32-bit,elf,mips,Mozi",http[:]//61[.]53[.]88[.]185[:]50674/i,offline
"32-bit,elf,mips,Mozi",http[:]//115[.]53[.]222[.]114[:]35115/i,offline
"32-bit,elf,mips,Mozi",http[:]//42[.]178[.]27[.]133[:]59950/i,offline
"32-bit,elf,mips,Mozi",http[:]//115[.]53[.]222[.]114[:]35115/bin[.]sh,offline
,http[:]//115[.]55[.]54[.]214[:]42911/i,offline
"32-bit,elf,mips,Mozi",http[:]//222[.]138[.]176[.]50[:]54735/i,offline
"32-bit,elf,mips,Mozi",http[:]//42[.]178[.]27[.]133[:]59950/bin[.]sh,offline
"32-bit,arm,elf,mirai,Mozi",http[:]//170[.]254[.]10[.]213[:]35081/i,offline
"32-bit,elf,mips,Mozi",http[:]//61[.]52[.]147[.]59[:]42873/i,offline
"32-bit,arm,elf,mirai,Mozi",http[:]//180[.]104[.]55[.]42[:]40721/i,offline
"32-bit,elf,mips,Mozi",http[:]//222[.]138[.]176[.]50[:]54735/bin[.]sh,offline
"32-bit,arm,elf,mirai,Mozi",http[:]//170[.]254[.]10[.]213[:]35081/bin[.]sh,offline
"32-bit,elf,mips,Mozi",http[:]//61[.]52[.]147[.]59[:]42873/bin[.]sh,offline
Mozi,http[:]//42[.]228[.]216[.]218[:]55889/i,offline
"32-bit,elf,mips,Mozi",http[:]//182[.]127[.]166[.]145[:]47115/i,offline
"32-bit,elf,mips,Mozi",http[:]//42[.]227[.]179[.]74[:]46846/i,offline
"32-bit,elf,mips,Mozi",http[:]//115[.]48[.]140[.]200[:]33113/i,offline
"32-bit,elf,mips,Mozi",http[:]//42[.]227[.]179[.]74[:]46846/bin[.]sh,offline
"32-bit,elf,mips,Mozi",http[:]//175[.]175[.]60[.]81[:]49613/bin[.]sh,offline
"32-bit,elf,mips,Mozi",http[:]//115[.]63[.]144[.]10[:]52391/i,offline
"32-bit,elf,mips,Mozi",http[:]//182[.]116[.]119[.]23[:]38176/i,offline
"32-bit,elf,mips,Mozi",http[:]//27[.]207[.]246[.]232[:]59924/i,offline
"32-bit,elf,mips,Mozi",http[:]//115[.]63[.]144[.]10[:]52391/bin[.]sh,offline
"32-bit,elf,mips,Mozi",http[:]//27[.]207[.]246[.]232[:]59924/bin[.]sh,offline
"32-bit,elf,mips,Mozi",http[:]//182[.]116[.]119[.]23[:]38176/bin[.]sh,offline
"32-bit,elf,mips,Mozi",http[:]//42[.]231[.]183[.]195[:]53442/i,offline
"32-bit,arm,elf,mirai,Mozi",http[:]//36[.]88[.]136[.]194[:]47747/i,offline
"32-bit,elf,mips,Mozi",http[:]//115[.]49[.]233[.]212[:]33473/i,offline
"32-bit,arm,elf,mirai,Mozi",http[:]//36[.]88[.]136[.]194[:]47747/bin[.]sh,offline
"32-bit,elf,mips,Mozi",http[:]//42[.]231[.]183[.]195[:]53442/bin[.]sh,offline
"32-bit,elf,mips,Mozi",http[:]//115[.]49[.]233[.]212[:]33473/bin[.]sh,offline
"32-bit,elf,mips,Mozi",http[:]//27[.]215[.]85[.]29[:]36550/i,offline
"32-bit,arm,elf,mirai,Mozi",http[:]//183[.]150[.]79[.]222[:]42629/bin[.]sh,offline
"32-bit,elf,mips,Mozi",http[:]//182[.]127[.]85[.]253[:]53702/i,offline
"32-bit,elf,mips,Mozi",http[:]//112[.]249[.]182[.]7[:]48054/bin[.]sh,offline
"32-bit,elf,mips,Mozi",http[:]//182[.]127[.]85[.]253[:]53702/bin[.]sh,offline
Mozi,http[:]//123[.]13[.]3[.]95[:]49993/i,offline
"32-bit,elf,mips,Mozi",http[:]//27[.]215[.]85[.]29[:]36550/bin[.]sh,offline
mirai,http[:]//42[.]225[.]13[.]97[:]57686/i,offline
"32-bit,elf,mips,Mozi",http[:]//42[.]224[.]175[.]96[:]36970/bin[.]sh,offline
"32-bit,elf,mips,Mozi",http[:]//42[.]224[.]175[.]96[:]36970/i,offline
"32-bit,elf,mips,Mozi",http[:]//42[.]232[.]237[.]170[:]52434/i,offline
"32-bit,elf,mips,Mozi",http[:]//42[.]232[.]237[.]170[:]52434/bin[.]sh,offline
"32-bit,elf,mips,Mozi",http[:]//123[.]4[.]136[.]2[:]48734/i,offline
Mozi,http[:]//219[.]157[.]161[.]10[:]60183/i,offline
"32-bit,elf,mips,Mozi",http[:]//182[.]113[.]199[.]122[:]58281/bin[.]sh,offline
"32-bit,elf,mips,Mozi",http[:]//42[.]228[.]36[.]55[:]54911/bin[.]sh,offline
"32-bit,elf,mips,Mozi",http[:]//123[.]4[.]136[.]2[:]48734/bin[.]sh,offline
,http[:]//220[.]201[.]147[.]91[:]35994/i,offline
Mozi,http[:]//27[.]210[.]37[.]1[:]42263/i,offline
Mozi,http[:]//219[.]157[.]161[.]10[:]60183/bin[.]sh,offline
,http[:]//220[.]201[.]147[.]91[:]35994/bin[.]sh,offline
"32-bit,arm,elf,mirai,Mozi",http[:]//106[.]40[.]242[.]20[:]46263/bin[.]sh,offline
"32-bit,elf,mips,Mozi",http[:]//175[.]173[.]122[.]189[:]46446/i,offline
"32-bit,elf,mips,Mozi",http[:]//112[.]249[.]182[.]7[:]48054/i,offline
"32-bit,elf,mips,Mozi",http[:]//221[.]13[.]232[.]22[:]35790/i,offline
"32-bit,arm,elf,mirai,Mozi",http[:]//58[.]47[.]111[.]175[:]42894/i,offline
"32-bit,elf,mips,Mozi",http[:]//221[.]13[.]232[.]22[:]35790/bin[.]sh,offline
mirai,http[:]//170[.]84[.]132[.]250[:]39933/i,offline
"32-bit,elf,mips,Mozi",http[:]//115[.]53[.]243[.]171[:]36990/i,offline
"32-bit,arm,elf,mirai,Mozi",http[:]//58[.]47[.]111[.]175[:]42894/bin[.]sh,offline
"32-bit,elf,mips,Mozi",http[:]//125[.]41[.]240[.]68[:]40451/bin[.]sh,offline
"32-bit,elf,mips,Mozi",http[:]//125[.]41[.]240[.]68[:]40451/i,offline
"32-bit,arm,elf,mirai,Mozi",http[:]//115[.]193[.]205[.]187[:]58343/i,offline
"32-bit,arm,elf,mirai,Mozi",http[:]//115[.]193[.]205[.]187[:]58343/bin[.]sh,offline
Mozi,http[:]//125[.]43[.]26[.]183[:]35880/i,offline
"32-bit,elf,mips,Mozi",http[:]//202[.]1[.]26[.]70[:]47005/i,offline
"32-bit,arm,elf,mirai,Mozi",http[:]//123[.]245[.]97[.]124[:]58336/i,offline
"32-bit,elf,mips,Mozi",http[:]//42[.]227[.]201[.]3[:]41673/bin[.]sh,offline
Mozi,http[:]//182[.]126[.]107[.]136[:]58026/i,offline
"32-bit,arm,elf,mirai,Mozi",http[:]//180[.]190[.]185[.]100[:]51007/bin[.]sh,offline
Mozi,http[:]//125[.]43[.]26[.]183[:]35880/bin[.]sh,offline
"32-bit,arm,elf,mirai,Mozi",http[:]//123[.]245[.]97[.]124[:]58336/bin[.]sh,offline
"32-bit,elf,mips,Mozi",http[:]//123[.]190[.]19[.]176[:]38010/bin[.]sh,offline
"32-bit,arm,elf,mirai,Mozi",http[:]//106[.]57[.]7[.]26[:]53331/i,offline
"elf,iot",http[:]//162[.]249[.]125[.]145/ooo[.]sh,online
"elf,mirai,ua-wget",http[:]//74[.]81[.]40[.]155/iran[.]sparc,offline
"elf,ua-wget",http[:]//94[.]154[.]43[.]107/bins/arm64,offline
"elf,mirai,ua-wget",http[:]//74[.]81[.]40[.]155/iran[.]i486,offline
"elf,mirai,ua-wget",http[:]//74[.]81[.]40[.]155/iran[.]powerpc,offline
"elf,mirai,ua-wget",http[:]//74[.]81[.]40[.]155/iran[.]armv4l,offline
"elf,mirai,ua-wget",http[:]//74[.]81[.]40[.]155/iran[.]sh4,offline
"elf,mirai,ua-wget",http[:]//74[.]81[.]40[.]155/iran[.]armv5l,offline
"elf,mirai,ua-wget",http[:]//74[.]81[.]40[.]155/iran[.]armv6l,offline
"elf,mirai,ua-wget",http[:]//74[.]81[.]40[.]155/iran[.]arc,offline
"32-bit,arm,elf,mirai,Mozi",http[:]//183[.]23[.]136[.]70[:]54790/i,offline
"32-bit,elf,mips,Mozi",http[:]//182[.]126[.]116[.]9[:]54149/i,offline
"32-bit,arm,elf,mirai,Mozi",http[:]//183[.]23[.]136[.]70[:]54790/bin[.]sh,offline
"32-bit,elf,mips,Mozi",http[:]//175[.]167[.]160[.]194[:]39578/i,offline
"32-bit,elf,mips,Mozi",http[:]//175[.]167[.]160[.]194[:]39578/bin[.]sh,offline
"mirai,wraith",http[:]//74[.]81[.]40[.]155/iran[.]mips,offline
"mirai,wraith",http[:]//74[.]81[.]40[.]155/iran[.]mipsel,offline
"elf,iot,mirai,Mozi",http[:]//123[.]161[.]90[.]221[:]49111/Mozi[.]m,offline
"32-bit,arm,elf,mirai,Mozi",http[:]//196[.]189[.]98[.]77[:]43871/i,offline
"CoinMiner,elf,iot",http[:]//85[.]121[.]177[.]134/check3[.]sh,offline
"apk ,mamont",https[:]//teleabonent[.]ru/abonent[.]apk,offline
"cowrie,honeypot,mirai",http[:]//74[.]81[.]40[.]155/cat[.]sh,offline
"cowrie,honeypot,mirai",http[:]//74[.]81[.]40[.]155/iran[.]aarch64,offline
"cowrie,honeypot,mirai",http[:]//74[.]81[.]40[.]155/iran[.]x86_64,offline
"mirai,wraith",http[:]//74[.]81[.]40[.]155/iran[.]m68k,offline
"honeypot,ssh",http[:]//194[.]59[.]31[.]5[:]314/b/amd64,offline
"BillGates,honeypot,ssh",http[:]//194[.]59[.]31[.]5[:]314/b/kal64,offline
"BillGates,honeypot,ssh",http[:]//194[.]59[.]31[.]5[:]314/b/kswpad,offline
"c2-monitor-auto,dropped-by-amadey",http[:]//91[.]92[.]242[.]236/files-129312398/files/file_414724c46e96b0eb[.]exe,offline
"c2-monitor-auto,dropped-by-amadey",http[:]//91[.]92[.]242[.]236/files-129312398/files/file_021779a853812046[.]exe,offline
"malware-download,web",http[:]//139[.]99[.]209[.]90/a/wget,offline
"32-bit,elf,mips,Mozi",http[:]//42[.]224[.]65[.]22[:]59416/i,offline
"32-bit,elf,mips,Mozi",http[:]//123[.]10[.]15[.]71[:]53206/i,offline
"32-bit,elf,mips,Mozi",http[:]//123[.]10[.]15[.]71[:]53206/bin[.]sh,offline
mirai,http[:]//85[.]173[.]24[.]109[:]50492/bin[.]sh,offline
mirai,http[:]//85[.]173[.]24[.]109[:]50492/i,offline
,http[:]//115[.]54[.]103[.]243[:]54766/i,offline
,http[:]//175[.]173[.]116[.]250[:]57573/i,offline
,http[:]//27[.]204[.]196[.]72[:]48380/i,offline
,http[:]//31[.]173[.]199[.]131[:]56913/i,offline
mirai,http[:]//222[.]127[.]63[.]230[:]37978/bin[.]sh,offline
Mozi,http[:]//112[.]246[.]19[.]248[:]41316/i,offline
,http[:]//151[.]235[.]31[.]133[:]39816/i,offline
mirai,http[:]//117[.]131[.]92[.]150[:]59473/bin[.]sh,offline
Mozi,http[:]//59[.]180[.]145[.]116[:]53945/i,offline
,http[:]//182[.]117[.]111[.]176[:]46476/i,offline
,http[:]//123[.]13[.]81[.]30[:]37010/i,offline
,http[:]//123[.]188[.]85[.]62[:]49891/i,offline
,http[:]//42[.]53[.]173[.]75[:]33201/bin[.]sh,offline
mirai,http[:]//207[.]188[.]90[.]226[:]37720/i,offline
Mozi,http[:]//70[.]166[.]118[.]40[:]37408/i,offline
,http[:]//108[.]170[.]136[.]155[:]49629/i,offline
mirai,http[:]//130[.]12[.]209[.]147[:]43312/bin[.]sh,offline
,http[:]//119[.]185[.]189[.]226[:]51081/i,offline
mirai,http[:]//138[.]204[.]196[.]254[:]38435/i,offline
mirai,http[:]//222[.]127[.]63[.]230[:]37978/i,offline
,http[:]//150[.]158[.]132[.]39[:]6202/linux,offline
Mozi,http[:]//182[.]126[.]116[.]9[:]54149/bin[.]sh,offline
,http[:]//36[.]89[.]252[.]178[:]43877/bin[.]sh,offline
mirai,http[:]//36[.]71[.]59[.]91[:]38018/i,offline
,http[:]//196[.]189[.]197[.]131[:]52180/i,offline
mirai,http[:]//180[.]190[.]186[.]97[:]52355/bin[.]sh,offline
Mozi,http[:]//27[.]210[.]249[.]141[:]42418/i,offline
,http[:]//42[.]53[.]173[.]75[:]33201/i,offline
mirai,http[:]//115[.]58[.]180[.]245[:]33235/i,offline
mirai,http[:]//117[.]63[.]112[.]125[:]41376/i,offline
,http[:]//60[.]18[.]123[.]231[:]48930/i,offline
mirai,http[:]//120[.]28[.]193[.]113[:]43151/bin[.]sh,offline
,http[:]//60[.]23[.]235[.]114[:]39824/i,offline
Mozi,http[:]//115[.]55[.]174[.]71[:]44634/bin[.]sh,offline
mirai,http[:]//119[.]116[.]121[.]152[:]35357/bin[.]sh,offline
,http[:]//113[.]228[.]158[.]110[:]48412/bin[.]sh,offline
,http[:]//182[.]121[.]44[.]163[:]48584/bin[.]sh,offline
mirai,http[:]//45[.]177[.]32[.]104[:]36577/i,offline
,http[:]//42[.]87[.]170[.]250[:]33915/bin[.]sh,offline
,http[:]//42[.]179[.]8[.]78[:]56243/bin[.]sh,offline
Mozi,http[:]//115[.]49[.]119[.]203[:]46437/i,offline
,http[:]//60[.]23[.]237[.]100[:]57013/bin[.]sh,offline
Mozi,http[:]//182[.]127[.]222[.]30[:]58000/i,offline
,http[:]//103[.]111[.]23[.]14[:]56412/i,offline
,http[:]//182[.]117[.]111[.]176[:]46476/bin[.]sh,offline
,http[:]//60[.]23[.]72[.]121[:]51494/bin[.]sh,offline
Mozi,http[:]//115[.]63[.]131[.]151[:]42495/i,offline
Mozi,http[:]//42[.]227[.]176[.]12[:]37361/bin[.]sh,offline
,http[:]//123[.]13[.]81[.]30[:]37010/bin[.]sh,offline
,http[:]//123[.]188[.]85[.]62[:]49891/bin[.]sh,offline
Mozi,http[:]//182[.]113[.]12[.]216[:]54485/i,offline
,http[:]//185[.]82[.]64[.]55[:]51705/i,offline
mirai,http[:]//115[.]51[.]108[.]246[:]51347/i,offline
Mozi,http[:]//70[.]166[.]118[.]40[:]37408/bin[.]sh,offline
Mozi,http[:]//125[.]43[.]105[.]193[:]34984/i,offline
,http[:]//60[.]23[.]237[.]38[:]60240/i,offline
Mozi,http[:]//117[.]245[.]139[.]85[:]44126/i,offline
,http[:]//42[.]87[.]170[.]250[:]33915/i,offline
,http[:]//119[.]118[.]45[.]218[:]54263/bin[.]sh,offline
Mozi,http[:]//115[.]62[.]181[.]75[:]56296/i,offline
Mozi,http[:]//42[.]224[.]182[.]155[:]43399/bin[.]sh,offline
,http[:]//42[.]52[.]12[.]23[:]42396/bin[.]sh,offline
Mozi,http[:]//222[.]141[.]122[.]247[:]41075/i,offline
mirai,http[:]//182[.]116[.]76[.]200[:]57147/i,offline
Mozi,http[:]//182[.]113[.]199[.]122[:]58281/i,offline
mirai,http[:]//112[.]198[.]238[.]18[:]46799/bin[.]sh,offline
,http[:]//42[.]7[.]152[.]135[:]42403/bin[.]sh,offline
,http[:]//115[.]50[.]24[.]135[:]45123/i,offline
mirai,http[:]//112[.]198[.]193[.]5[:]40399/bin[.]sh,offline
Mozi,http[:]//42[.]227[.]176[.]12[:]37361/i,offline
,http[:]//49[.]73[.]53[.]63[:]3588/bin[.]sh,offline
mirai,http[:]//112[.]198[.]193[.]5[:]40399/i,offline
Mozi,http[:]//115[.]55[.]174[.]71[:]44634/i,offline
,http[:]//81[.]60[.]236[.]52[:]60705/i,offline
,http[:]//36[.]89[.]252[.]178[:]43877/i,offline
,http[:]//222[.]113[.]196[.]55[:]55730/i,offline
,http[:]//89[.]189[.]181[.]54[:]58296/i,offline
,http[:]//175[.]150[.]244[.]110[:]45467/bin[.]sh,offline
,http[:]//175[.]147[.]156[.]105[:]33491/bin[.]sh,offline
,http[:]//119[.]185[.]189[.]226[:]51081/bin[.]sh,offline
Mozi,http[:]//182[.]119[.]162[.]49[:]51257/i,offline
,http[:]//175[.]165[.]81[.]200[:]50251/i,offline
mirai,http[:]//114[.]227[.]56[.]205[:]36941/bin[.]sh,offline
mirai,http[:]//114[.]227[.]56[.]205[:]36941/i,offline
,http[:]//108[.]170[.]136[.]155[:]49629/bin[.]sh,offline
Mozi,http[:]//83[.]219[.]1[.]198[:]33918/i,offline
mirai,http[:]//45[.]177[.]32[.]104[:]36577/bin[.]sh,offline
Mozi,http[:]//77[.]53[.]43[.]110[:]47947/bin[.]sh,offline
Mozi,http[:]//182[.]122[.]144[.]142[:]52114/bin[.]sh,offline
mirai,http[:]//120[.]28[.]215[.]200[:]60458/i,offline
Mozi,http[:]//182[.]119[.]116[.]53[:]60344/bin[.]sh,offline
mirai,http[:]//138[.]204[.]196[.]254[:]38435/bin[.]sh,offline
Mozi,http[:]//61[.]53[.]95[.]200[:]57231/i,offline
,http[:]//87[.]240[.]18[.]228[:]54109/i,offline
mirai,http[:]//222[.]127[.]54[.]84[:]59994/i,offline
,http[:]//42[.]179[.]8[.]78[:]56243/i,offline
,http[:]//42[.]52[.]12[.]23[:]42396/i,offline
mirai,http[:]//112[.]198[.]238[.]18[:]46799/i,offline
,http[:]//113[.]94[.]58[.]121[:]51014/i,offline
Mozi,http[:]//78[.]38[.]18[.]127[:]38496/i,offline
mirai,http[:]//113[.]221[.]25[.]148[:]37532/bin[.]sh,offline
mirai,http[:]//123[.]15[.]67[.]95[:]37431/i,offline
,http[:]//182[.]121[.]44[.]163[:]48584/i,offline
,http[:]//61[.]137[.]156[.]68[:]51916/i,offline
mirai,http[:]//106[.]40[.]242[.]20[:]46263/i,offline
mirai,http[:]//115[.]58[.]180[.]245[:]33235/bin[.]sh,offline
,http[:]//60[.]23[.]72[.]153[:]58564/i,offline
mirai,http[:]//115[.]51[.]108[.]246[:]51347/bin[.]sh,offline
Mozi,http[:]//59[.]97[.]252[.]18[:]48888/i,offline
,http[:]//60[.]23[.]72[.]153[:]58564/bin[.]sh,offline
Mozi,http[:]//115[.]49[.]63[.]152[:]38441/i,offline
Mozi,http[:]//123[.]129[.]104[.]81[:]45165/i,offline
Mozi,http[:]//182[.]121[.]11[.]34[:]39191/i,offline
Mozi,http[:]//103[.]203[.]210[.]102[:]57562/i,offline
,http[:]//42[.]177[.]187[.]195[:]44672/i,offline
"32-bit,arm,elf,mirai,Mozi",http[:]//125[.]78[.]40[.]165[:]45145/i,offline
"32-bit,elf,mips,Mozi",http[:]//194[.]54[.]160[.]220[:]59617/bin[.]sh,offline
"32-bit,elf,mips,Mozi",http[:]//190[.]103[.]65[.]44[:]36245/bin[.]sh,offline
"32-bit,elf,mips,Mozi",http[:]//182[.]115[.]239[.]37[:]39643/i,offline
"32-bit,elf,mips,Mozi",http[:]//182[.]115[.]239[.]37[:]39643/bin[.]sh,offline
"32-bit,elf,mips,Mozi",http[:]//112[.]226[.]137[.]138[:]51631/i,offline
"32-bit,elf,mips,Mozi",http[:]//112[.]226[.]137[.]138[:]51631/bin[.]sh,offline
"32-bit,elf,mips,Mozi",http[:]//103[.]190[.]23[.]91[:]39129/i,offline
"32-bit,elf,mips,Mozi",http[:]//47[.]215[.]224[.]64[:]41098/bin[.]sh,online
"32-bit,elf,mips,Mozi",http[:]//49[.]73[.]53[.]63[:]3588/i,offline
"32-bit,elf,mips,Mozi",http[:]//123[.]129[.]130[.]4[:]34119/i,offline
"32-bit,elf,mips,Mozi",http[:]//103[.]190[.]23[.]91[:]39129/bin[.]sh,offline
Mozi,http[:]//115[.]48[.]162[.]240[:]53193/i,offline
"32-bit,elf,mips,Mozi",http[:]//119[.]118[.]45[.]218[:]54263/i,offline
"32-bit,elf,mips,Mozi",http[:]//123[.]129[.]130[.]4[:]34119/bin[.]sh,offline
Mozi,http[:]//125[.]41[.]92[.]37[:]60332/bin[.]sh,offline
"32-bit,elf,mips,Mozi",http[:]//124[.]131[.]4[.]86[:]37963/i,offline
"176-65-139-131,elf,mirai,ua-wget",http[:]//176[.]65[.]139[.]131/bins/chud[.]arm6,offline
"176-65-139-131,elf,mirai,ua-wget",http[:]//176[.]65[.]139[.]131/bins/chud[.]ppc,offline
"176-65-139-131,elf,mirai,ua-wget",http[:]//176[.]65[.]139[.]131/bins/chud[.]x86_64,offline
"176-65-139-136,elf,mirai,ua-wget",http[:]//176[.]65[.]139[.]136/arm8,online
"176-65-139-136,ua-wget",http[:]//176[.]65[.]139[.]136/or1k,online
"176-65-139-131,elf,mirai,ua-wget",http[:]//176[.]65[.]139[.]131/bins/chud[.]arm,offline
"176-65-139-131,elf,mirai,ua-wget",http[:]//176[.]65[.]139[.]131/bins/chud[.]arm7,offline
"176-65-139-131,elf,mirai,ua-wget",http[:]//176[.]65[.]139[.]131/bins/chud[.]mpsl,offline
"176-65-139-131,elf,mirai,ua-wget",http[:]//176[.]65[.]139[.]131/bins/chud[.]arm5,offline
"176-65-139-131,elf,mirai,ua-wget",http[:]//176[.]65[.]139[.]131/bins/chud[.]m68k,offline
"176-65-139-131,elf,mirai,ua-wget",http[:]//176[.]65[.]139[.]131/bins/chud[.]mips,offline
"176-65-139-131,DEU,elf,geofenced,mirai,ua-wget",http[:]//176[.]65[.]139[.]131/bins/chud[.]x86,offline
"176-65-139-219,elf,mirai,ua-wget",http[:]//176[.]65[.]139[.]219/riscv64,offline
"176-65-139-219,elf,mirai,ua-wget",http[:]//176[.]65[.]139[.]219/s390x,offline
"176-65-139-219,elf,mirai,ua-wget",http[:]//176[.]65[.]139[.]219/mips64,offline
"176-65-139-219,elf,mirai,ua-wget",http[:]//176[.]65[.]139[.]219/arm8,offline
"176-65-139-219,elf,mirai,ua-wget",http[:]//176[.]65[.]139[.]219/android-arm64,offline
"176-65-139-219,elf,mirai,ua-wget",http[:]//176[.]65[.]139[.]219/arm,offline
"176-65-139-219,elf,mirai,ua-wget",http[:]//176[.]65[.]139[.]219/x86_64,offline
"176-65-139-219,elf,mirai,ua-wget",http[:]//176[.]65[.]139[.]219/m68k,offline
"176-65-139-219,elf,mirai,ua-wget",http[:]//176[.]65[.]139[.]219/arm7,offline
"176-65-139-219,elf,mirai,ua-wget",http[:]//176[.]65[.]139[.]219/ppc,offline
"176-65-139-219,elf,GoDDoSAgent,mirai,ua-wget",http[:]//176[.]65[.]139[.]219/arm6,offline
"176-65-139-219,sh,ua-wget",http[:]//176[.]65[.]139[.]219/dl[.]sh,offline
"176-65-139-219,elf,GoDDoSAgent,mirai,ua-wget",http[:]//176[.]65[.]139[.]219/arm5,offline
"176-65-139-219,elf,mirai,ua-wget",http[:]//176[.]65[.]139[.]219/android-arm,offline
"176-65-139-219,ua-wget",http[:]//176[.]65[.]139[.]219/or1k,offline
"94-154-43-107,elf,mirai,ua-wget",http[:]//94[.]154[.]43[.]107/bins/spc,offline
"94-154-43-107,elf,mirai,ua-wget",http[:]//94[.]154[.]43[.]107/bins/arm7,offline
"94-154-43-107,elf,mirai,ua-wget",http[:]//94[.]154[.]43[.]107/bins/i686,offline
"94-154-43-107,elf,mirai,ua-wget",http[:]//94[.]154[.]43[.]107/bins/mpsl,offline
"94-154-43-107,elf,mirai,ua-wget",http[:]//94[.]154[.]43[.]107/bins/ppc,offline
"94-154-43-107,elf,mirai,ua-wget",http[:]//94[.]154[.]43[.]107/bins/x86_64,offline
"94-154-43-107,elf,mirai,ua-wget",http[:]//94[.]154[.]43[.]107/bins/arm5,offline
"94-154-43-107,elf,mirai,ua-wget",http[:]//94[.]154[.]43[.]107/bins/m68k,offline
"94-154-43-107,mirai,sh,ua-wget",http[:]//94[.]154[.]43[.]107/bins/load[.]sh,offline
"94-154-43-107,elf,mirai,ua-wget",http[:]//94[.]154[.]43[.]107/bins/dbg,offline
"94-154-43-107,elf,mirai,ua-wget",http[:]//94[.]154[.]43[.]107/bins/mips,offline
"94-154-43-107,elf,mirai,ua-wget",http[:]//94[.]154[.]43[.]107/bins/arm,offline
"94-154-43-107,elf,mirai,ua-wget",http[:]//94[.]154[.]43[.]107/bins/sh4,offline
"94-154-43-107,elf,mirai,ua-wget",http[:]//94[.]154[.]43[.]107/bins/x86,offline
"94-154-43-107,elf,mirai,ua-wget",http[:]//94[.]154[.]43[.]107/bins/arm6,offline
"32-bit,elf,mips,Mozi",http[:]//124[.]131[.]4[.]86[:]37963/bin[.]sh,offline
"32-bit,elf,mips,Mozi",http[:]//125[.]41[.]92[.]37[:]60332/i,offline
"32-bit,elf,mips,Mozi",http[:]//27[.]202[.]47[.]13[:]49394/i,offline
"32-bit,elf,mips,Mozi",http[:]//123[.]11[.]78[.]148[:]43600/i,offline
"32-bit,elf,mips,Mozi",http[:]//27[.]202[.]47[.]13[:]49394/bin[.]sh,offline
mirai,http[:]//222[.]127[.]48[.]44[:]47607/bin[.]sh,offline
mirai,http[:]//222[.]127[.]48[.]44[:]47607/i,offline
"32-bit,elf,mips,Mozi",http[:]//123[.]4[.]192[.]31[:]48226/i,offline
"32-bit,elf,mips,Mozi",http[:]//123[.]11[.]78[.]148[:]43600/bin[.]sh,offline
"32-bit,elf,mips,Mozi",http[:]//42[.]224[.]182[.]155[:]43399/i,offline
"32-bit,elf,mips,Mozi",http[:]//61[.]52[.]198[.]150[:]58776/i,offline
"32-bit,elf,mips,Mozi",http[:]//119[.]117[.]74[.]19[:]33455/i,offline
"32-bit,elf,mips,Mozi",http[:]//115[.]55[.]156[.]50[:]60480/i,offline
"32-bit,elf,mips,Mozi",http[:]//103[.]18[.]13[.]1[:]33267/i,offline
"32-bit,elf,mips,Mozi",http[:]//182[.]122[.]144[.]142[:]52114/i,offline
"32-bit,elf,mips,Mozi",http[:]//42[.]228[.]36[.]55[:]54911/i,offline
"32-bit,elf,mips,Mozi",http[:]//115[.]55[.]156[.]50[:]60480/bin[.]sh,offline
"32-bit,elf,mips,Mozi",http[:]//123[.]5[.]186[.]24[:]33440/i,offline
"32-bit,elf,mips,Mozi",http[:]//123[.]5[.]186[.]24[:]33440/bin[.]sh,offline
"32-bit,arm,elf,mirai,Mozi",http[:]//223[.]11[.]56[.]145[:]52220/i,offline
"32-bit,elf,mips,Mozi",http[:]//72[.]255[.]48[.]88[:]44599/bin[.]sh,offline
"32-bit,elf,mips,Mozi",http[:]//175[.]173[.]77[.]103[:]46674/i,offline
"32-bit,arm,elf,mirai,Mozi",http[:]//223[.]11[.]56[.]145[:]52220/bin[.]sh,offline
"32-bit,elf,mips,Mozi",http[:]//175[.]173[.]77[.]103[:]46674/bin[.]sh,offline
mirai,http[:]//36[.]64[.]184[.]26[:]60889/i,offline
"32-bit,arm,elf,mirai,Mozi",http[:]//180[.]190[.]186[.]97[:]52355/i,offline
"32-bit,elf,mips,Mozi",http[:]//115[.]48[.]146[.]57[:]50353/i,offline
"32-bit,elf,mips,Mozi",http[:]//115[.]48[.]146[.]57[:]50353/bin[.]sh,offline
"32-bit,elf,mips,Mozi",http[:]//182[.]121[.]216[.]74[:]42289/i,offline
"32-bit,arm,elf,mirai,Mozi",http[:]//58[.]65[.]210[.]197[:]57970/i,offline
"32-bit,elf,mips,Mozi",http[:]//182[.]127[.]123[.]120[:]45115/i,offline
"32-bit,elf,mips,Mozi",http[:]//27[.]206[.]202[.]203[:]55701/i,offline
"32-bit,arm,elf,mirai,Mozi",http[:]//58[.]65[.]210[.]197[:]57970/bin[.]sh,offline
"32-bit,elf,mips,Mozi",http[:]//182[.]127[.]123[.]120[:]45115/bin[.]sh,offline
"32-bit,elf,mips,Mozi",http[:]//182[.]121[.]216[.]74[:]42289/bin[.]sh,offline
"32-bit,elf,mips,Mozi",http[:]//27[.]206[.]202[.]203[:]55701/bin[.]sh,offline
,http[:]//120[.]84[.]213[.]251[:]54475/i,offline
"32-bit,elf,mips,Mozi",http[:]//218[.]29[.]147[.]41[:]58663/i,offline
"32-bit,elf,mips,Mozi",http[:]//182[.]124[.]41[.]251[:]59176/i,offline
"32-bit,elf,mips,Mozi",http[:]//182[.]124[.]41[.]251[:]59176/bin[.]sh,offline
"32-bit,elf,mips,Mozi",http[:]//42[.]230[.]24[.]16[:]58927/i,offline
"32-bit,elf,mips,Mozi",http[:]//125[.]41[.]229[.]38[:]58416/i,offline
"32-bit,elf,mips,Mozi",http[:]//39[.]86[.]247[.]62[:]38819/bin[.]sh,offline
"32-bit,elf,mips,Mozi",http[:]//125[.]45[.]49[.]209[:]37734/bin[.]sh,offline
"32-bit,elf,mips,Mozi",http[:]//124[.]131[.]133[.]51[:]53693/i,offline
"32-bit,elf,mips,Mozi",http[:]//124[.]131[.]133[.]51[:]53693/bin[.]sh,offline
"32-bit,elf,mips,Mozi",http[:]//125[.]41[.]229[.]38[:]58416/bin[.]sh,offline
"32-bit,elf,mips,Mozi",http[:]//218[.]29[.]147[.]41[:]58663/bin[.]sh,offline
"32-bit,arm,elf,mirai,Mozi",http[:]//105[.]184[.]42[.]145[:]36337/i,offline
,http[:]//115[.]63[.]245[.]146[:]39613/bin[.]sh,offline
,http[:]//115[.]63[.]245[.]146[:]39613/i,offline
Mozi,http[:]//182[.]114[.]193[.]191[:]34589/i,offline
"32-bit,arm,elf,mirai,Mozi",http[:]//105[.]184[.]42[.]145[:]36337/bin[.]sh,offline
"32-bit,arm,elf,mirai,Mozi",http[:]//222[.]127[.]158[.]71[:]56426/bin[.]sh,offline
"32-bit,elf,mips,Mozi",http[:]//219[.]155[.]83[.]56[:]57148/i,offline
"32-bit,elf,mips,Mozi",http[:]//219[.]155[.]83[.]56[:]57148/bin[.]sh,offline
,http[:]//202[.]189[.]12[.]244/66666[.]bin,online
stego,http[:]//104[.]250[.]238[.]131/newMSI_PRO[.]png,offline
stego,http[:]//104[.]250[.]238[.]131/niceimg_092217[.]png,offline
stego,http[:]//104[.]250[.]238[.]131/orginlightimg_051814[.]png,offline
"c2-monitor-auto,dropped-by-amadey",http[:]//91[.]92[.]242[.]236/files-129312398/files/file_5bf6d3abfd2b62a4[.]exe,offline
"32-bit,arm,elf,mirai,Mozi",http[:]//105[.]224[.]37[.]110[:]56871/i,offline
"exe,PureLogsStealer",https[:]//gaiadeqi[.]com/scrapbookpocketfordraf[.]exe,offline
"32-bit,elf,mips,Mozi",http[:]//115[.]55[.]52[.]180[:]47911/i,offline
"32-bit,arm,elf,mirai,Mozi",http[:]//105[.]224[.]37[.]110[:]56871/bin[.]sh,offline
"32-bit,elf,mips,Mozi",http[:]//115[.]55[.]52[.]180[:]47911/bin[.]sh,offline
"32-bit,arm,elf,mirai,Mozi",http[:]//120[.]28[.]139[.]121[:]50861/i,offline
,https[:]//seobandung[.]site/raw/alfa[.]txt,offline
"32-bit,arm,elf,mirai,Mozi",http[:]//115[.]192[.]97[.]236[:]47571/i,offline
"32-bit,arm,elf,mirai,Mozi",http[:]//120[.]28[.]139[.]121[:]50861/bin[.]sh,offline
"32-bit,arm,elf,mirai,Mozi",http[:]//115[.]192[.]97[.]236[:]47571/bin[.]sh,offline
"32-bit,elf,mips,Mozi",http[:]//27[.]215[.]49[.]38[:]36855/i,offline
ua-wget,http[:]//wind[.]ntlsmartfull[.]com/k,offline
"mirai,ua-wget",http[:]//45[.]90[.]163[.]37//arm8,online
"32-bit,elf,mips,Mozi",http[:]//27[.]215[.]49[.]38[:]36855/bin[.]sh,offline
"32-bit,elf,mips,Mozi",http[:]//60[.]23[.]195[.]26[:]37226/bin[.]sh,offline
"PureLogsStealer,stego",https[:]//lively-fog-af49[.]pablosoftwareplus[.]workers[.]dev/Lijvd,offline
"PureLogsStealer,stego",https[:]//res[.]cloudinary[.]com/a9owl0wo/image/upload/v1788508965/img_100122[.]jpg,offline
"elf,iot,mirai,Mozi",http[:]//39[.]88[.]200[.]53[:]34933/Mozi[.]m,offline
"rat,RemcosRAT,stego",http[:]//141[.]98[.]10[.]177/mgrace/img_221540[.]png,offline
"rat,RemcosRAT,stego",https[:]//res[.]cloudinary[.]com/hhqaayiv/image/upload/v1788490585/img_225607[.]jpg,offline
"rat,RemcosRAT,stego",http[:]//141[.]98[.]10[.]177/favor/img_230826[.]png,offline
"rat,RemcosRAT,stego",http[:]//141[.]98[.]10[.]177/favor/MSI_PRO[.]png,offline
"rat,RemcosRAT,stego",https[:]//pub-0216fa08b2b94e129cb9e002cf7cb1f4[.]r2[.]dev/img_102402[.]png,offline
"rat,RemcosRAT,stego",https[:]//pub-0216fa08b2b94e129cb9e002cf7cb1f4[.]r2[.]dev/img_034056[.]png,offline
"rat,RemcosRAT,stego",https[:]//lively-fog-af49[.]pablosoftwareplus[.]workers[.]dev/jTVOZ,offline
"AsyncRAT,exe,opendir,xworm",https[:]//jswen[.]com/weeklyreport/Weekly-Report-1150902-1-pdf[.]exe,online
"opendir,zip",https[:]//jswen[.]com/weeklyreport/Weekly%20Report%201150902-1-pdf[.]zip,online
vbs,https[:]//baolongwes[.]oss-ap-southeast-1[.]aliyuncs[.]com/asir[.]vbs,online
"32-bit,arm,elf,mirai,Mozi",http[:]//180[.]244[.]61[.]239[:]60849/i,offline
,http[:]//209[.]99[.]189[.]200/img_094855[.]png,offline
,http[:]//209[.]99[.]189[.]200/img_094254[.]png,offline
,http[:]//209[.]99[.]189[.]200/core_091457[.]iso,offline
mirai,http[:]//117[.]201[.]224[.]34[:]59464/i,offline
"d52f85,dropped-by-amadey",http[:]//62[.]60[.]226[.]140/files/6306648329/ZO7FDgg[.]exe,offline
"32-bit,arm,elf,mirai,Mozi",http[:]//180[.]244[.]61[.]239[:]60849/bin[.]sh,offline
"32-bit,arm,elf,mirai,Mozi",http[:]//124[.]6[.]169[.]46[:]58258/i,offline
"32-bit,arm,elf,mirai",http[:]//117[.]201[.]224[.]34[:]59464/bin[.]sh,offline
"32-bit,elf,mips,Mozi",http[:]//219[.]157[.]22[.]221[:]59560/i,offline
"32-bit,arm,elf,mirai,Mozi",http[:]//196[.]189[.]3[.]1[:]35468/i,offline
,http[:]//filecon[.]sbs//driver[.]jpg,offline
,http[:]//filecon[.]sbs//pas[.]jpg,offline
,http[:]//filecon[.]sbs//bk[.]jpg,offline
,http[:]//ccoffice[.]site//pas[.]jpg,offline
,http[:]//ccoffice[.]site//bk[.]jpg,offline
,http[:]//ccoffice[.]site//driver[.]jpg,offline
script,http[:]//209[.]141[.]57[.]138[:]8000/p[.]sh?t=bfd56e5e,offline
"32-bit,arm,elf,mirai,Mozi",http[:]//196[.]189[.]3[.]1[:]35468/bin[.]sh,offline
Mozi,http[:]//42[.]233[.]190[.]252[:]58887/i,offline
Mozi,http[:]//112[.]248[.]110[.]76[:]56451/bin[.]sh,offline
Mozi,http[:]//182[.]126[.]124[.]244[:]57970/i,offline
mirai,http[:]//113[.]221[.]26[.]56[:]55726/i,offline
,http[:]//113[.]228[.]158[.]110[:]48412/i,offline
Mozi,http[:]//112[.]248[.]110[.]76[:]56451/i,offline
Mozi,http[:]//119[.]179[.]238[.]67[:]49003/i,offline
Mozi,http[:]//182[.]112[.]30[.]71[:]38364/bin[.]sh,offline
Mozi,http[:]//42[.]226[.]68[.]209[:]53631/i,offline
,http[:]//193[.]90[.]12[.]80/aminer[.]gz,online
,http[:]//123[.]190[.]28[.]100[:]58407/bin[.]sh,offline
Mozi,http[:]//119[.]179[.]238[.]67[:]49003/bin[.]sh,offline
Mozi,http[:]//182[.]117[.]68[.]170[:]45884/i,offline
,http[:]//42[.]55[.]48[.]13[:]57019/i,offline
,http[:]//113[.]237[.]97[.]124[:]52097/bin[.]sh,offline
Mozi,http[:]//115[.]57[.]12[.]233[:]39540/i,offline
Mozi,http[:]//183[.]12[.]173[.]166[:]35769/i,offline
Mozi,http[:]//219[.]157[.]183[.]84[:]33148/i,offline
,http[:]//123[.]190[.]28[.]100[:]58407/i,offline
mirai,http[:]//219[.]157[.]167[.]99[:]33777/i,offline
Mozi,http[:]//42[.]234[.]154[.]126[:]44038/i,offline
mirai,http[:]//113[.]221[.]46[.]118[:]58353/bin[.]sh,offline
Mozi,http[:]//39[.]90[.]144[.]82[:]53918/bin[.]sh,offline
Mozi,http[:]//115[.]57[.]212[.]85[:]32888/bin[.]sh,offline
mirai,http[:]//183[.]23[.]136[.]171[:]35951/i,offline
,http[:]//60[.]19[.]172[.]59[:]40959/bin[.]sh,offline
mirai,http[:]//222[.]127[.]68[.]115[:]42552/bin[.]sh,offline
mirai,http[:]//222[.]127[.]77[.]227[:]56952/bin[.]sh,offline
mirai,http[:]//180[.]245[.]27[.]20[:]35852/bin[.]sh,offline
,http[:]//42[.]55[.]48[.]13[:]57019/bin[.]sh,offline
Mozi,http[:]//182[.]127[.]115[.]197[:]36152/i,offline
,http[:]//60[.]23[.]237[.]100[:]57013/i,offline
Mozi,http[:]//182[.]127[.]160[.]17[:]58026/i,offline
Mozi,http[:]//182[.]127[.]115[.]197[:]36152/bin[.]sh,offline
Mozi,http[:]//119[.]180[.]244[.]119[:]42792/bin[.]sh,offline
Mozi,http[:]//115[.]48[.]238[.]241[:]42081/i,offline
Mozi,http[:]//42[.]234[.]208[.]5[:]59424/bin[.]sh,offline
,http[:]//123[.]188[.]64[.]71[:]51051/bin[.]sh,offline
Mozi,http[:]//42[.]226[.]68[.]209[:]53631/bin[.]sh,offline
,http[:]//27[.]44[.]144[.]48[:]40959/Mozi[.]m,offline
,http[:]//113[.]231[.]108[.]98[:]55031/i,offline
Mozi,http[:]//39[.]87[.]50[.]123[:]44919/bin[.]sh,offline
Mozi,http[:]//112[.]238[.]131[.]128[:]59841/i,offline
mirai,http[:]//218[.]72[.]34[.]168[:]44366/bin[.]sh,offline
,http[:]//83[.]228[.]109[.]209[:]52087/i,offline
Mozi,http[:]//182[.]126[.]93[.]152[:]58339/Mozi[.]m,offline
mirai,http[:]//114[.]228[.]186[.]181[:]50519/bin[.]sh,offline
,http[:]//42[.]177[.]187[.]195[:]44672/bin[.]sh,offline
Mozi,http[:]//42[.]52[.]38[.]254[:]43443/bin[.]sh,offline
mirai,http[:]//123[.]132[.]245[.]94[:]33681/i,offline
mirai,http[:]//123[.]132[.]245[.]94[:]33681/bin[.]sh,offline
Mozi,http[:]//112[.]238[.]131[.]128[:]59841/bin[.]sh,offline
mirai,http[:]//118[.]145[.]196[.]225[:]800/yy7atflk/v6kyo484,offline
Mozi,http[:]//221[.]14[.]171[.]98[:]54946/i,offline
,http[:]//175[.]165[.]85[.]107[:]52429/i,offline
,http[:]//175[.]175[.]60[.]81[:]49613/i,offline
mirai,http[:]//80[.]67[.]33[.]209[:]44819/i,offline
Mozi,http[:]//219[.]155[.]201[.]95[:]50456/i,offline
Mozi,http[:]//42[.]52[.]38[.]254[:]43443/i,offline
Mozi,http[:]//61[.]53[.]151[.]142[:]41245/bin[.]sh,offline
Mozi,http[:]//125[.]40[.]113[.]33[:]33011/bin[.]sh,offline
mirai,http[:]//45[.]172[.]218[.]181[:]57007/i,offline
mirai,http[:]//113[.]221[.]26[.]56[:]55726/bin[.]sh,offline
Mozi,http[:]//27[.]207[.]224[.]176[:]37565/bin[.]sh,offline
,http[:]//175[.]174[.]73[.]39[:]53343/i,offline
,http[:]//175[.]175[.]104[.]106[:]36206/i,offline
Mozi,http[:]//103[.]68[.]21[.]2[:]59852/bin[.]sh,offline
mirai,http[:]//113[.]221[.]46[.]118[:]58353/i,offline
mirai,http[:]//80[.]67[.]33[.]209[:]44819/bin[.]sh,offline
mirai,http[:]//219[.]157[.]167[.]99[:]33777/bin[.]sh,offline
,http[:]//175[.]175[.]104[.]106[:]36206/bin[.]sh,offline
Mozi,http[:]//42[.]234[.]208[.]5[:]59424/i,offline
mirai,http[:]//69[.]173[.]180[.]110[:]39821/i,offline
Mozi,http[:]//41[.]201[.]226[.]25[:]47650/i,offline
,http[:]//103[.]49[.]130[.]10/y,offline
,http[:]//95[.]252[.]95[.]65[:]46882/bin[.]sh,offline
mirai,http[:]//180[.]191[.]40[.]108[:]46389/bin[.]sh,offline
,http[:]//42[.]226[.]65[.]151[:]47848/i,offline
,http[:]//113[.]231[.]218[.]166[:]36150/bin[.]sh,offline
Mozi,http[:]//182[.]117[.]116[.]35[:]48461/i,offline
mirai,http[:]//180[.]191[.]40[.]108[:]46389/i,offline
,http[:]//175[.]174[.]73[.]39[:]53343/bin[.]sh,offline
Mozi,http[:]//27[.]207[.]224[.]176[:]37565/i,offline
Mozi,http[:]//123[.]14[.]181[.]201[:]56377/bin[.]sh,offline
Mozi,http[:]//123[.]14[.]181[.]201[:]56377/i,offline
,http[:]//193[.]90[.]12[.]80/oto,offline
mirai,http[:]//114[.]226[.]24[.]72[:]49152/bin[.]sh,offline
,http[:]//221[.]200[.]114[.]91[:]44385/i,offline
mirai,http[:]//113[.]221[.]46[.]119[:]40057/bin[.]sh,offline
,http[:]//193[.]90[.]12[.]80/install[.]tgz,online
,http[:]//113[.]231[.]218[.]166[:]36150/i,offline
Mozi,http[:]//115[.]48[.]238[.]241[:]42081/bin[.]sh,offline
Mozi,http[:]//115[.]57[.]212[.]85[:]32888/i,offline
Mozi,http[:]//119[.]180[.]244[.]119[:]42792/i,offline
mirai,http[:]//183[.]23[.]136[.]171[:]35951/bin[.]sh,offline
mirai,http[:]//180[.]245[.]27[.]20[:]35852/i,offline
,http[:]//60[.]23[.]195[.]26[:]37226/i,offline
,http[:]//42[.]226[.]65[.]151[:]47848/bin[.]sh,offline
Mozi,http[:]//115[.]50[.]24[.]135[:]45123/bin[.]sh,offline
,http[:]//116[.]2[.]43[.]97[:]35984/bin[.]sh,offline
mirai,http[:]//112[.]198[.]186[.]249[:]39708/bin[.]sh,offline
Mozi,http[:]//115[.]55[.]247[.]123[:]40822/bin[.]sh,offline
Mozi,http[:]//182[.]127[.]160[.]17[:]58026/bin[.]sh,offline
mirai,http[:]//222[.]127[.]77[.]227[:]56952/i,offline
,http[:]//218[.]13[.]149[.]41[:]37161/i,offline
,http[:]//116[.]140[.]163[.]110[:]48770/i,offline
,http[:]//113[.]237[.]108[.]77[:]48836/bin[.]sh,offline
,http[:]//116[.]139[.]32[.]60[:]57947/bin[.]sh,offline
,http[:]//95[.]252[.]95[.]65[:]46882/i,offline
,http[:]//42[.]239[.]191[.]16[:]51243/i,offline
mirai,http[:]//114[.]228[.]186[.]181[:]50519/i,offline
,http[:]//218[.]13[.]149[.]41[:]37161/bin[.]sh,offline
,http[:]//175[.]165[.]87[.]225[:]47117/i,offline
mirai,http[:]//39[.]65[.]202[.]109[:]51237/bin[.]sh,offline
mirai,http[:]//103[.]44[.]137[.]13[:]43346/i,offline
,http[:]//113[.]236[.]71[.]127[:]57756/bin[.]sh,offline
,http[:]//202[.]107[.]97[.]225[:]51514/bin[.]sh,offline
Mozi,http[:]//42[.]233[.]106[.]146[:]44703/i,offline
mirai,http[:]//218[.]72[.]34[.]168[:]44366/i,offline
,http[:]//116[.]140[.]163[.]110[:]48770/bin[.]sh,offline
Mozi,http[:]//61[.]52[.]157[.]237[:]52221/i,offline
mirai,http[:]//175[.]9[.]166[.]233[:]50484/i,offline
Mozi,http[:]//182[.]117[.]68[.]170[:]45884/bin[.]sh,offline
Mozi,http[:]//182[.]112[.]30[.]71[:]38364/i,offline
mirai,http[:]//222[.]127[.]68[.]115[:]42552/Mozi[.]m,offline
Mozi,http[:]//103[.]160[.]130[.]178[:]33661/i,offline
,http[:]//42[.]85[.]203[.]26[:]39846/bin[.]sh,offline
,http[:]//116[.]139[.]143[.]144[:]37047/i,online
,http[:]//113[.]236[.]71[.]127[:]57756/i,offline
Mozi,http[:]//39[.]90[.]144[.]82[:]53918/i,offline
mirai,http[:]//118[.]145[.]196[.]225[:]800/yy7atflk/5x2b96g7,offline
Mozi,http[:]//123[.]12[.]31[.]141[:]60566/i,offline
Mozi,http[:]//182[.]117[.]116[.]35[:]48461/bin[.]sh,offline
,http[:]//42[.]239[.]191[.]16[:]51243/bin[.]sh,offline
,http[:]//202[.]107[.]97[.]225[:]51514/i,offline
,http[:]//123[.]159[.]143[.]54[:]48887/i,offline
Mozi,http[:]//125[.]41[.]3[.]254[:]40527/i,offline
Mozi,http[:]//125[.]41[.]3[.]254[:]40527/bin[.]sh,offline
Mozi,http[:]//219[.]155[.]201[.]95[:]50456/bin[.]sh,offline
Mozi,http[:]//115[.]55[.]247[.]123[:]40822/i,offline
Mozi,http[:]//42[.]234[.]154[.]126[:]44038/bin[.]sh,offline
mirai,http[:]//122[.]139[.]18[.]141[:]39877/i,offline
mirai,http[:]//121[.]61[.]49[.]44[:]46204/bin[.]sh,offline
Mozi,http[:]//46[.]236[.]65[.]106[:]52182/Mozi[.]m,offline
,http[:]//193[.]90[.]12[.]80/ns3[.]jpg,online
,http[:]//193[.]31[.]201[.]20[:]38137/bin[.]sh,offline
,http[:]//193[.]90[.]12[.]80/ns1[.]jpg,online
,http[:]//193[.]31[.]201[.]20[:]38137/i,offline
mirai,http[:]//95[.]56[.]232[.]109[:]45950/bin[.]sh,online
Mozi,http[:]//43[.]252[.]159[.]76[:]37873/i,offline
Mozi,http[:]//103[.]160[.]130[.]178[:]33661/bin[.]sh,offline
,http[:]//31[.]148[.]198[.]190[:]53900/bin[.]sh,offline
"mirai,ua-wget",http[:]//180[.]93[.]111[.]142/00101010101001/morte[.]mips,online
"mirai,ua-wget",http[:]//180[.]93[.]111[.]142/00101010101001/morte[.]ppc,online
"mirai,ua-wget",http[:]//180[.]93[.]111[.]142/00101010101001/morte[.]arc,online
"mirai,ua-wget",http[:]//180[.]93[.]111[.]142/00101010101001/morte[.]arm7,online
"mirai,ua-wget",http[:]//180[.]93[.]111[.]142/00101010101001/morte[.]mpsl,online
"mirai,ua-wget",http[:]//180[.]93[.]111[.]142/00101010101001/morte[.]x86_64,online
"mirai,ua-wget",http[:]//180[.]93[.]111[.]142/00101010101001/morte[.]m68k,online
"mirai,ua-wget",http[:]//180[.]93[.]111[.]142/00101010101001/morte[.]arm5,online
ua-wget,http[:]//180[.]93[.]111[.]142/00101010101001/morte[.]sh4,online
"mirai,ua-wget",http[:]//180[.]93[.]111[.]142/00101010101001/morte[.]i686,online
ua-wget,http[:]//180[.]93[.]111[.]142/00101010101001/morte[.]x86,offline
ua-wget,http[:]//180[.]93[.]111[.]142/00101010101001/morte[.]spc,offline
ua-wget,http[:]//180[.]93[.]111[.]142/00101010101001/morte[.]aarch64,offline
ua-wget,http[:]//180[.]93[.]111[.]142/00101010101001/morte[.]arm,offline
"32-bit,elf,mips,Mozi",http[:]//42[.]55[.]28[.]227[:]38296/i,offline
"32-bit,elf,mips,Mozi",http[:]//42[.]55[.]28[.]227[:]38296/bin[.]sh,offline
"94-154-43-189,elf,ua-wget",http[:]//94[.]154[.]43[.]189/bins/xfsaild_sda,offline
"94-154-43-189,elf,ua-wget",http[:]//94[.]154[.]43[.]189/bins/scsi_tmf_0,offline
"94-154-43-189,elf,ua-wget",http[:]//94[.]154[.]43[.]189/bins/jbd2_sda1d,offline
"94-154-43-189,elf,ua-wget",http[:]//94[.]154[.]43[.]189/bins/zswap_shrinkd,offline
"94-154-43-189,elf,ua-wget",http[:]//94[.]154[.]43[.]189/bins/kblockd0,offline
"94-154-43-189,elf,ua-wget",http[:]//94[.]154[.]43[.]189/bins/edac_polld,offline
"94-154-43-189,elf,ua-wget",http[:]//94[.]154[.]43[.]189/bins/ecryptfsd,offline
"94-154-43-189,elf,ua-wget",http[:]//94[.]154[.]43[.]189/bins/bioset0,offline
"94-154-43-189,elf,ua-wget",http[:]//94[.]154[.]43[.]189/bins/kswapd0,offline
"94-154-43-189,elf,ua-wget",http[:]//94[.]154[.]43[.]189/bins/cfg80211d,offline
"94-154-43-189,elf,ua-wget",http[:]//94[.]154[.]43[.]189/bins/devfreq_wq,offline
"94-154-43-189,elf,ua-wget",http[:]//94[.]154[.]43[.]189/bins/rcuop_0,offline
"94-154-43-189,elf,ua-wget",http[:]//94[.]154[.]43[.]189/bins/ksoftirqd0,offline
"94-154-43-189,elf,ua-wget",http[:]//94[.]154[.]43[.]189/bins/kworker_u8,offline
"94-154-43-107,elf,mirai,ua-wget",http[:]//94[.]154[.]43[.]107/mips,offline
"94-154-43-107,elf,mirai,ua-wget",http[:]//94[.]154[.]43[.]107/mipsle,offline
"192-159-99-212,connectwise,exe,ua-wget",https[:]//192[.]159[.]99[.]212/bin/support[.]client[.]exe,offline
"192-159-99-212,connectwise,exe,ua-wget",https[:]//192[.]159[.]99[.]212/Bin/ScreenConnect[.]ClientSetup[.]exe,offline
"32-bit,elf,mips,Mozi",http[:]//42[.]53[.]3[.]150[:]57366/i,offline
"32-bit,elf,mips,Mozi",http[:]//182[.]119[.]116[.]53[:]60344/i,offline
"32-bit,elf,mips,Mozi",http[:]//219[.]156[.]181[.]248[:]55088/i,offline
"32-bit,elf,mips,Mozi",http[:]//219[.]156[.]181[.]248[:]55088/bin[.]sh,offline
"32-bit,elf,mips,Mozi",http[:]//113[.]230[.]81[.]174[:]54479/i,offline
"32-bit,elf,mips,Mozi",http[:]//119[.]179[.]215[.]5[:]47336/i,offline
"32-bit,elf,mips,Mozi",http[:]//105[.]156[.]34[.]74[:]44658/i,offline
"32-bit,elf,mips,Mozi",http[:]//119[.]179[.]215[.]5[:]47336/bin[.]sh,offline
"32-bit,elf,mips,Mozi",http[:]//113[.]230[.]81[.]174[:]54479/bin[.]sh,offline
,https[:]//megawrzuta[.]pl/9kemnpak,offline
connectwise,https[:]//chiroartist[.]com/Hora/C8U/adb_setup_vn[.]bat,online
connectwise,https[:]//pub-77d009eac01a41e0a84eaf9d00acd597[.]r2[.]dev/Access[.]msi,offline
"32-bit,elf,mips,Mozi",http[:]//105[.]156[.]34[.]74[:]44658/bin[.]sh,offline
"32-bit,arm,elf,mirai,Mozi",http[:]//196[.]191[.]231[.]12[:]52779/i,offline
,https[:]//baolongwes[.]oss-ap-southeast-1[.]aliyuncs[.]com/blaoso/alOffic[.]zip,online
,https[:]//baolongwes[.]oss-ap-southeast-1[.]aliyuncs[.]com/ffice[.]zip,online
"elf,iot,Mozi",http[:]//113[.]255[.]196[.]148[:]47674/Mozi[.]m,offline
"Generic,nodeJS,stealer",http[:]//45[.]94[.]31[.]205[:]5050/files/7408d8876d767e4b8dac35ffcedac09926062e7856d4edbb40f7bda8f00c6d37/x[.]zip,offline
,https[:]//baolongwes[.]oss-ap-southeast-1[.]aliyuncs[.]com/lose[.]zip,online
"honeypot,ssh",http[:]//194[.]59[.]31[.]57[:]62123/b/kswpad,offline
"honeypot,ssh",http[:]//194[.]59[.]31[.]57[:]62123/b/kal64,offline
"honeypot,ssh",http[:]//194[.]59[.]31[.]57[:]62123/b/amd64,offline
"bit-32,ClickFix,exe",https[:]//cloudeliveryenterprise[.]com/skjsadfi123uv12/,offline
,https[:]//baolongwes[.]oss-ap-southeast-1[.]aliyuncs[.]com/kasf/spsx[.]vbs,online
,https[:]//bvaco[.]com/images/optimized_MSI[.]png,offline
,https[:]//baolongwes[.]oss-ap-southeast-1[.]aliyuncs[.]com/blaoso/ljwnsm[.]vbs,online
,https[:]//baolongwes[.]oss-ap-southeast-1[.]aliyuncs[.]com/lwo[.]png,offline
"elf,iot,mirai",http[:]//2[.]26[.]124[.]67[:]889/agustin51,offline
,https[:]//baolongwes[.]oss-ap-southeast-1[.]aliyuncs[.]com/blaoso/owpa[.]txt,offline
DCAgentRMM,https[:]//baolongwes[.]oss-ap-southeast-1[.]aliyuncs[.]com/cwaz/lwjw[.]vbs,online
,https[:]//baolongwes[.]oss-ap-southeast-1[.]aliyuncs[.]com/kasf/opuac[.]pdf,offline
,https[:]//baolongwes[.]oss-ap-southeast-1[.]aliyuncs[.]com/kmws[.]pdf,offline
"32-bit,arm,elf,mirai,Mozi",http[:]//196[.]190[.]133[.]180[:]34930/i,offline
"32-bit,arm,elf,mirai,Mozi",http[:]//196[.]191[.]231[.]12[:]52779/bin[.]sh,offline
"32-bit,elf,mips,Mozi",http[:]//60[.]212[.]67[.]158[:]56245/i,offline
"32-bit,arm,elf,mirai,Mozi",http[:]//114[.]228[.]141[.]185[:]33800/i,offline
"32-bit,elf,mips,Mozi",http[:]//182[.]112[.]9[.]189[:]52829/i,offline
"32-bit,elf,mips,Mozi",http[:]//60[.]212[.]67[.]158[:]56245/bin[.]sh,offline
"32-bit,elf,mips,Mozi",http[:]//182[.]112[.]9[.]189[:]52829/bin[.]sh,offline
"141-98-11-63,connectwise,exe,ua-wget",https[:]//141[.]98[.]11[.]63/Bin/ScreenConnect[.]ClientSetup[.]exe,offline
"32-bit,arm,elf,mirai,Mozi",http[:]//196[.]190[.]133[.]180[:]34930/bin[.]sh,offline
"32-bit,elf,mips,Mozi",http[:]//123[.]5[.]152[.]25[:]42329/bin[.]sh,offline
CoinMiner,http[:]//8[.]209[.]229[.]51[:]7777/a,offline
"32-bit,elf,mips,Mozi",http[:]//222[.]142[.]227[.]31[:]39111/i,offline
"124-198-132-220,connectwise,exe,ua-wget",http[:]//124[.]198[.]132[.]220/Bin/ScreenConnect[.]ClientSetup[.]exe,offline
"124-198-132-220,connectwise,exe,ua-wget",http[:]//124[.]198[.]132[.]220/bin/support[.]client[.]exe,offline
"32-bit,arm,elf,mirai,Mozi",http[:]//114[.]228[.]141[.]185[:]33800/bin[.]sh,offline
"91-92-241-187,exe,ua-wget",http[:]//91[.]92[.]241[.]187/PrintSpoofer64[.]exe,offline
"91-92-241-184,exe,ua-wget",http[:]//91[.]92[.]241[.]184/PrintSpoofer64[.]exe,offline
"176-65-139-137,sh,ua-wget",http[:]//176[.]65[.]139[.]137/payloads[.]sh,offline
"176-65-139-137,elf,ua-wget",http[:]//176[.]65[.]139[.]137/bins/c2_server,offline
"94-154-43-88,elf,mirai,ua-wget",http[:]//94[.]154[.]43[.]88/bins/reaver[.]x86,offline
"94-154-43-88,elf,mirai,ua-wget",http[:]//94[.]154[.]43[.]88/bins/c2_server,offline
"94-154-43-88,elf,mirai,ua-wget",http[:]//94[.]154[.]43[.]88/bins/reaver[.]arm6,offline
"94-154-43-88,elf,mirai,ua-wget",http[:]//94[.]154[.]43[.]88/bins/reaver[.]arm,offline
"94-154-43-88,elf,mirai,ua-wget",http[:]//94[.]154[.]43[.]88/bins/reaver[.]mips,offline
"94-154-43-88,sh,ua-wget",http[:]//94[.]154[.]43[.]88/payloads[.]sh,offline
"176-65-139-136,elf,mirai,ua-wget",http[:]//176[.]65[.]139[.]136/android-arm,online
"94-154-43-88,elf,mirai,ua-wget",http[:]//94[.]154[.]43[.]88/bins/reaver[.]arm7,offline
"94-154-43-88,elf,mirai,ua-wget",http[:]//94[.]154[.]43[.]88/bins/reaver[.]x86_64,offline
"94-154-43-88,elf,mirai,ua-wget",http[:]//94[.]154[.]43[.]88/bins/reaver[.]mpsl,offline
"176-65-139-136,elf,mirai,ua-wget",http[:]//176[.]65[.]139[.]136/android-arm64,online
"94-154-43-88,elf,mirai,ua-wget",http[:]//94[.]154[.]43[.]88/bins/reaver[.]arm5,offline
"94-154-43-190,elf,mirai,ua-wget",http[:]//94[.]154[.]43[.]190/bins/reaver[.]x86,offline
"94-154-43-190,elf,mirai,ua-wget",http[:]//94[.]154[.]43[.]190/bins/reaver[.]mips,offline
"94-154-43-190,elf,mirai,ua-wget",http[:]//94[.]154[.]43[.]190/bins/reaver[.]x86_64,offline
"94-154-43-69,elf,mirai,ua-wget",http[:]//94[.]154[.]43[.]69/android-arm64,offline
"94-154-43-69,elf,mirai,ua-wget",http[:]//94[.]154[.]43[.]69/android-arm,offline
"94-154-43-190,sh,ua-wget",http[:]//94[.]154[.]43[.]190/payloads[.]sh,offline
"45-135-193-208,elf,mirai,ua-wget",http[:]//45[.]135[.]193[.]208/main_m68k,offline
"45-135-193-208,elf,mirai,ua-wget",http[:]//45[.]135[.]193[.]208/main_ppc,offline
"45-135-193-208,elf,mirai,ua-wget",http[:]//45[.]135[.]193[.]208/main_arm5,offline
"45-135-193-208,elf,mirai,ua-wget",http[:]//45[.]135[.]193[.]208/main_x86_64,offline
"45-135-193-208,elf,mirai,ua-wget",http[:]//45[.]135[.]193[.]208/main_mpsl,offline
"45-135-193-208,elf,mirai,ua-wget",http[:]//45[.]135[.]193[.]208/main_arm,offline
"45-135-193-208,elf,mirai,ua-wget",http[:]//45[.]135[.]193[.]208/main_x86,offline
"94-154-43-190,elf,mirai,ua-wget",http[:]//94[.]154[.]43[.]190/bins/reaver[.]arm6,offline
"45-135-193-208,elf,mirai,ua-wget",http[:]//45[.]135[.]193[.]208/main_arm6,offline
"45-135-193-208,elf,mirai,ua-wget",http[:]//45[.]135[.]193[.]208/main_arm7,offline
"94-154-43-190,elf,mirai,ua-wget",http[:]//94[.]154[.]43[.]190/bins/reaver[.]arm5,offline
"94-154-43-190,elf,mirai,ua-wget",http[:]//94[.]154[.]43[.]190/bins/reaver[.]arm,offline
"94-154-43-190,elf,mirai,ua-wget",http[:]//94[.]154[.]43[.]190/bins/c2_server,offline
"45-135-193-208,elf,mirai,ua-wget",http[:]//45[.]135[.]193[.]208/main_sh4,offline
"45-135-193-208,elf,mirai,ua-wget",http[:]//45[.]135[.]193[.]208/main_mips,offline
"94-154-43-190,elf,mirai,ua-wget",http[:]//94[.]154[.]43[.]190/bins/reaver[.]mpsl,offline
"94-154-43-190,elf,mirai,ua-wget",http[:]//94[.]154[.]43[.]190/bins/reaver[.]arm7,offline
"32-bit,arm,elf,mirai,Mozi",http[:]//120[.]28[.]194[.]30[:]38048/i,offline
,http[:]//61[.]52[.]63[.]2[:]39218/bin[.]sh,offline
mirai,http[:]//36[.]64[.]184[.]26[:]37777/i,offline
"32-bit,arm,elf,mirai,Mozi",http[:]//120[.]28[.]194[.]30[:]38048/bin[.]sh,offline
mirai,http[:]//36[.]64[.]184[.]26[:]37777/bin[.]sh,offline
Mozi,http[:]//39[.]86[.]247[.]62[:]38819/i,offline
"32-bit,elf,mips,Mozi",http[:]//125[.]45[.]49[.]209[:]37734/i,offline
"d52f85,dropped-by-amadey",http[:]//62[.]60[.]226[.]140/files/6306648329/iywiPj8[.]exe,offline
"32-bit,arm,elf,mirai,Mozi",http[:]//94[.]244[.]36[.]34[:]34585/i,offline
"32-bit,elf,mips,Mozi",http[:]//60[.]23[.]236[.]254[:]49388/bin[.]sh,offline
"32-bit,arm,elf,mirai,Mozi",http[:]//94[.]244[.]36[.]34[:]34585/bin[.]sh,offline
"32-bit,elf,mips,Mozi",http[:]//115[.]57[.]80[.]149[:]55734/bin[.]sh,offline
"32-bit,elf,mips,Mozi",http[:]//115[.]58[.]91[.]176[:]40931/i,offline
"32-bit,elf,mips,Mozi",http[:]//186[.]149[.]204[.]12[:]55751/i,offline
"32-bit,elf,mips,Mozi",http[:]//77[.]53[.]43[.]110[:]47947/i,offline
"32-bit,elf,mips,Mozi",http[:]//61[.]52[.]63[.]2[:]39218/i,offline
"32-bit,elf,mips,Mozi",http[:]//182[.]116[.]50[.]129[:]44212/bin[.]sh,offline
"32-bit,elf,mips,Mozi",http[:]//219[.]155[.]200[.]201[:]43937/i,offline
"32-bit,elf,mips,Mozi",http[:]//186[.]149[.]204[.]12[:]55751/bin[.]sh,offline
"32-bit,elf,mips,Mozi",http[:]//115[.]58[.]91[.]176[:]40931/bin[.]sh,offline
Mozi,http[:]//125[.]40[.]113[.]33[:]33011/i,offline
"32-bit,elf,mips,Mozi",http[:]//219[.]155[.]200[.]201[:]43937/bin[.]sh,offline
,http[:]//42[.]58[.]172[.]216[:]34835/i,offline
"32-bit,arm,elf,mirai,Mozi",http[:]//105[.]186[.]70[.]178[:]51723/i,offline
,http[:]//222[.]113[.]196[.]55[:]59598/i,offline
"32-bit,elf,mips,Mozi",http[:]//125[.]43[.]39[.]192[:]56239/i,offline
"32-bit,arm,elf,mirai,Mozi",http[:]//105[.]186[.]70[.]178[:]51723/bin[.]sh,offline
"32-bit,elf,mips,Mozi",http[:]//42[.]7[.]139[.]85[:]48486/bin[.]sh,offline
"32-bit,elf,mips,Mozi",http[:]//222[.]113[.]196[.]55[:]59598/bin[.]sh,offline
"32-bit,elf,mips,Mozi",http[:]//90[.]153[.]177[.]144[:]40805/i,offline
"32-bit,elf,mips,Mozi",http[:]//120[.]84[.]212[.]216[:]51284/i,offline
"32-bit,arm,elf,mirai,Mozi",http[:]//36[.]70[.]196[.]73[:]60650/bin[.]sh,offline
"32-bit,elf,mips,Mozi",http[:]//115[.]49[.]216[.]36[:]38767/bin[.]sh,offline
"32-bit,elf,mips,Mozi",http[:]//42[.]226[.]206[.]74[:]44992/i,offline
"32-bit,arm,elf,mirai,Mozi",http[:]//196[.]189[.]96[.]59[:]53899/i,offline
"32-bit,elf,mips,Mozi",http[:]//103[.]164[.]128[.]184[:]47430/bin[.]sh,offline
"32-bit,arm,elf,mirai,Mozi",http[:]//114[.]226[.]24[.]72[:]49152/i,offline
"32-bit,elf,mips,Mozi",http[:]//113[.]228[.]158[.]111[:]40769/i,offline
Mozi,http[:]//115[.]48[.]54[.]18[:]60813/i,offline
Mozi,http[:]//115[.]48[.]54[.]18[:]60813/bin[.]sh,offline
"32-bit,elf,mips,Mozi",http[:]//112[.]230[.]155[.]183[:]39618/bin[.]sh,offline
,http[:]//61[.]176[.]69[.]173[:]36353/bin[.]sh,offline
"32-bit,elf,mips,Mozi",http[:]//173[.]92[.]213[.]119[:]52110/bin[.]sh,offline
"32-bit,elf,mips,Mozi",http[:]//182[.]126[.]93[.]33[:]37461/i,offline
"32-bit,elf,mips,Mozi",http[:]//119[.]179[.]254[.]3[:]36720/i,offline
"32-bit,elf,mips,Mozi",http[:]//119[.]179[.]254[.]3[:]36720/bin[.]sh,offline
"32-bit,arm,elf,mirai,Mozi",http[:]//122[.]241[.]130[.]212[:]45870/i,offline
"32-bit,arm,elf,Mozi",http[:]//66[.]212[.]173[.]225[:]46177/i,offline
"32-bit,elf,mips,Mozi",http[:]//115[.]57[.]80[.]149[:]55734/i,offline
"32-bit,arm,elf,mirai,Mozi",http[:]//66[.]212[.]173[.]225[:]46177/bin[.]sh,offline
"c2-monitor-auto,dropped-by-amadey,rustystealer",http[:]//91[.]92[.]242[.]236/files-129312398/files/file_f560a93d91a75b5c[.]exe,online
"botnetdomain,mirai",http[:]//b2b[.]jewmailer[.]net/arm7,offline
"botnetdomain,mirai",http[:]//b2b[.]jewmailer[.]net/android-arm64,offline
"botnetdomain,mirai",http[:]//b2b[.]jewmailer[.]net/reflect/or1k,offline
"botnetdomain,mirai",http[:]//b2b[.]jewmailer[.]net/working[.]Services[.]apk,offline
"botnetdomain,mirai",http[:]//b2b[.]jewmailer[.]net/hiddenbin/reflect[.]x86_64,offline
"botnetdomain,mirai",http[:]//b2b[.]jewmailer[.]net/persist[.]arm7,offline
"botnetdomain,mirai",http[:]//b2b[.]jewmailer[.]net/hiddenbin/reflect[.]sh4,offline
"botnetdomain,mirai",http[:]//b2b[.]jewmailer[.]net/hiddenbin/reflect[.]arm,offline
"botnetdomain,mirai",http[:]//b2b[.]jewmailer[.]net/reflect/android-arm,offline
"botnetdomain,mirai",http[:]//b2b[.]jewmailer[.]net/reflect/android-arm64,offline
"botnetdomain,mirai",http[:]//b2b[.]jewmailer[.]net/x86_64,offline
"botnetdomain,mirai",http[:]//b2b[.]jewmailer[.]net/android-arm,offline
"botnetdomain,mirai",http[:]//b2b[.]jewmailer[.]net/reflect/mips,offline
"botnetdomain,mirai",http[:]//b2b[.]jewmailer[.]net/x86,offline
"botnetdomain,mirai",http[:]//b2b[.]jewmailer[.]net/hiddenbin/reflect[.]arm5,offline
"botnetdomain,mirai",http[:]//b2b[.]jewmailer[.]net/riscv64,offline
"botnetdomain,mirai",http[:]//b2b[.]jewmailer[.]net/hiddenbin/reflect[.]arm7,offline
"botnetdomain,mirai",http[:]//b2b[.]jewmailer[.]net/hiddenbin/reflect[.]x86,offline
"botnetdomain,mirai",http[:]//b2b[.]jewmailer[.]net/juan[.]apk,offline
"botnetdomain,mirai",http[:]//b2b[.]jewmailer[.]net/reflect/riscv32,offline
"botnetdomain,mirai",http[:]//b2b[.]jewmailer[.]net/hiddenbin/reflect[.]mpsl,offline
"botnetdomain,mirai",http[:]//b2b[.]jewmailer[.]net/ppc64,offline
"botnetdomain,mirai",http[:]//b2b[.]jewmailer[.]net/hiddenbin/reflect[.]m68k,offline
"botnetdomain,mirai",http[:]//b2b[.]jewmailer[.]net/reflect/arm,offline
"botnetdomain,mirai",http[:]//b2b[.]jewmailer[.]net/reflect/arm6,offline
"botnetdomain,mirai",http[:]//b2b[.]jewmailer[.]net/reflect/mips64,offline
"botnetdomain,mirai",http[:]//b2b[.]jewmailer[.]net/arm5,offline
"botnetdomain,mirai",http[:]//b2b[.]jewmailer[.]net/reflect/riscv64,offline
"botnetdomain,mirai",http[:]//b2b[.]jewmailer[.]net/reflect/arm7,offline
"botnetdomain,mirai",http[:]//b2b[.]jewmailer[.]net/hiddenbin/reflect[.]spc,offline
"botnetdomain,mirai",http[:]//b2b[.]jewmailer[.]net/s390x,offline
"botnetdomain,mirai",http[:]//b2b[.]jewmailer[.]net/hiddenbin/reflect[.]arc,offline
"botnetdomain,mirai",http[:]//b2b[.]jewmailer[.]net/reflect/x86,offline
"botnetdomain,mirai",http[:]//b2b[.]jewmailer[.]net/reflect/ppc64,offline
"botnetdomain,mirai",http[:]//b2b[.]jewmailer[.]net/ppc,offline
"botnetdomain,mirai",http[:]//b2b[.]jewmailer[.]net/reflect/arm8,offline
"botnetdomain,mirai",http[:]//b2b[.]jewmailer[.]net/reflect/mipsel,offline
"botnetdomain,mirai",http[:]//b2b[.]jewmailer[.]net/reflect/s390x,offline
"botnetdomain,mirai",http[:]//b2b[.]jewmailer[.]net/hiddenbin/reflect[.]mips,offline
"botnetdomain,mirai",http[:]//b2b[.]jewmailer[.]net/mips,offline
"botnetdomain,mirai",http[:]//b2b[.]jewmailer[.]net/reflect/ppc,offline
"botnetdomain,mirai",http[:]//b2b[.]jewmailer[.]net/mips64,offline
"botnetdomain,mirai",http[:]//b2b[.]jewmailer[.]net/reflect/arm5,offline
"botnetdomain,mirai",http[:]//b2b[.]jewmailer[.]net/arm6,offline
"botnetdomain,mirai",http[:]//b2b[.]jewmailer[.]net/hiddenbin/reflect[.]i686,offline
"botnetdomain,mirai",http[:]//b2b[.]jewmailer[.]net/mipsel,offline
"botnetdomain,mirai",http[:]//b2b[.]jewmailer[.]net/reflect/m68k,offline
"botnetdomain,mirai",http[:]//b2b[.]jewmailer[.]net/or1k,offline
"botnetdomain,mirai",http[:]//b2b[.]jewmailer[.]net/arm,offline
"botnetdomain,mirai",http[:]//b2b[.]jewmailer[.]net/m68k,offline
"botnetdomain,mirai",http[:]//b2b[.]jewmailer[.]net/hiddenbin/reflect[.]ppc,offline
"botnetdomain,mirai",http[:]//b2b[.]jewmailer[.]net/reflect/x86_64,offline
"c2,macOS,stealer",https[:]//captainx-download[.]captainleontian[.]workers[.]dev/,offline
"c2,macOS,stealer",https[:]//claude-exporter-license[.]nikogdanekupluslona[.]workers[.]dev/,offline
"botnetdomain,mirai",http[:]//b2b[.]jewmailer[.]net/Services[.]apk,offline
"c2-monitor-auto,dropped-by-amadey",http[:]//91[.]92[.]242[.]236/files-129312398/files/file_4c3e2c2458e5e43b[.]exe,offline
"c2,macOS,stealer",https[:]//round-breeze-3e9d[.]jay-e45[.]workers[.]dev/,offline
"c2,macOS,stealer",https[:]//counterscale[.]jean-r-mi-larcelet-prost[.]workers[.]dev/,offline
"c2,macOS,stealer",https[:]//fancy-rain-e484[.]0xwilliamortiz[.]workers[.]dev/,offline
"IRAHook,rat,stealer",https[:]//www[.]dropbox[.]com/scl/fi/ba93r9ez5c00fap694aa6/bundle[.]zip?rlkey=mpxhfmkb4g2adcermiywlc115&st=9twn3jrx&dl=1,offline
"32-bit,elf,mips,Mozi",http[:]//182[.]112[.]7[.]122[:]58694/i,offline
"32-bit,arm,elf,mirai,Mozi",http[:]//122[.]241[.]130[.]212[:]45870/bin[.]sh,offline
"32-bit,arm,elf,mirai,Mozi",http[:]//196[.]189[.]69[.]192[:]57870/i,offline
"32-bit,arm,elf,mirai,Mozi",http[:]//196[.]189[.]69[.]192[:]57870/bin[.]sh,offline
,http[:]//61[.]176[.]69[.]173[:]36353/i,offline
"32-bit,elf,mips,Mozi",http[:]//42[.]59[.]71[.]140[:]35247/i,offline
"32-bit,arm,elf,mirai,Mozi",http[:]//179[.]108[.]90[.]55[:]44298/i,offline
"32-bit,elf,mips,Mozi",http[:]//42[.]59[.]71[.]140[:]35247/bin[.]sh,offline
"32-bit,arm,elf,mirai,Mozi",http[:]//179[.]108[.]90[.]55[:]44298/bin[.]sh,offline
"32-bit,arm,elf,mirai,Mozi",http[:]//105[.]225[.]48[.]83[:]57349/i,offline
"32-bit,elf,mips,Mozi",http[:]//119[.]117[.]177[.]176[:]57366/bin[.]sh,offline
"32-bit,arm,elf,mirai,Mozi",http[:]//105[.]225[.]46[.]244[:]56367/i,offline
"32-bit,elf,mips,Mozi",http[:]//125[.]41[.]75[.]42[:]36742/i,offline
"32-bit,elf,mips,Mozi",http[:]//39[.]52[.]44[.]227[:]52719/i,offline
"32-bit,elf,mips,Mozi",http[:]//39[.]52[.]44[.]227[:]52719/bin[.]sh,offline
mirai,http[:]//125[.]110[.]49[.]63[:]54807/i,offline
"32-bit,arm,elf,mirai,Mozi",http[:]//125[.]160[.]139[.]10[:]40058/i,offline
"32-bit,elf,mips,Mozi",http[:]//209[.]81[.]111[.]104[:]55587/i,offline
"ascii,powershell,ps1,ua-ps",https[:]//communication-hub[.]vg/,offline
ua-wget,http[:]//103[.]18[.]14[.]116[:]37000/Mozi[.]m,offline
zip,https[:]//infocardphoto[.]info/n?id=hsezigwn,offline
"ascii,ua-ps",https[:]//infocardphoto[.]info/,offline
"opendir,rat,RemcosRAT,stego",https[:]//lively-fog-af49[.]pablosoftwareplus[.]workers[.]dev/vMmrQ,offline
"opendir,rat,RemcosRAT,stego",https[:]//cyclograph[.]xyz/process/logs/img_132736[.]png,offline
"exe,rat,RemcosRAT",https[:]//cdn[.]discordapp[.]com/attachments/1544901906462281769/1545042621699985479/tio8EV7mMMeI3uW[.]exe?ex=6a9ab492&is=6a996312&hm=a8f90c2bc0c13763a16e0840ec6d5b1202da152374a1b49bd0ee0a85d41f4d16&,offline
,https[:]//one-graup[.]com/LXX[.]js,offline
"QuasarRAT,rat,stego",https[:]//tuiskr[.]com/cjr1[.]jpg,offline
"ascii,QuasarRAT",https[:]//tuiskr[.]com/,offline
"Electron,exe,stealer",https[:]//togethers[.]tv/Togethers[.]exe,offline
"32-bit,elf,mips,Mozi",http[:]//175[.]175[.]192[.]169[:]54382/i,offline
"32-bit,elf,mips,Mozi",http[:]//115[.]50[.]89[.]87[:]44040/bin[.]sh,offline
"32-bit,elf,mips,Mozi",http[:]//175[.]175[.]192[.]169[:]54382/bin[.]sh,offline
"apk ,mamont",https[:]//nonspamplsgood[.]vercel[.]app/?download=1,offline
mirai,http[:]//124[.]6[.]167[.]121[:]45202/Mozi[.]m,offline
mirai,http[:]//112[.]198[.]186[.]249[:]39708/i,offline
,http[:]//113[.]228[.]253[.]15[:]50802/bin[.]sh,offline
Mozi,http[:]//27[.]215[.]84[.]25[:]44698/bin[.]sh,offline
mirai,http[:]//220[.]177[.]11[.]172[:]54471/i,online
Mozi,http[:]//182[.]126[.]201[.]152[:]43849/bin[.]sh,offline
,http[:]//175[.]150[.]74[.]42[:]43235/i,offline
Mozi,http[:]//42[.]224[.]78[.]23[:]39508/bin[.]sh,offline
,http[:]//112[.]248[.]108[.]140[:]41002/bin[.]sh,offline
Mozi,http[:]//61[.]144[.]102[.]183[:]42035/bin[.]sh,offline
,http[:]//37[.]34[.]242[.]99[:]41845/bin[.]sh,offline
mirai,http[:]//182[.]120[.]43[.]111[:]47591/i,offline
mirai,http[:]//112[.]198[.]130[.]112[:]42547/bin[.]sh,offline
mirai,http[:]//130[.]12[.]209[.]147[:]43312/i,offline
mirai,http[:]//124[.]234[.]200[.]151[:]54858/bin[.]sh,offline
Mozi,http[:]//182[.]126[.]201[.]152[:]43849/i,offline
,http[:]//123[.]189[.]150[.]115[:]50311/i,offline
mirai,http[:]//114[.]226[.]120[.]28[:]35996/bin[.]sh,offline
Mozi,http[:]//182[.]119[.]68[.]47[:]43814/bin[.]sh,offline
,http[:]//113[.]237[.]54[.]47[:]52447/bin[.]sh,offline
,http[:]//116[.]138[.]189[.]67[:]59950/bin[.]sh,offline
mirai,http[:]//179[.]108[.]89[.]220[:]35169/i,offline
mirai,http[:]//36[.]70[.]196[.]73[:]60650/i,offline
,http[:]//60[.]18[.]8[.]218[:]39736/i,offline
Mozi,http[:]//222[.]137[.]175[.]220[:]33354/i,offline
Mozi,http[:]//27[.]193[.]158[.]205[:]55721/i,offline
mirai,http[:]//66[.]212[.]186[.]193[:]57081/i,offline
,http[:]//60[.]23[.]159[.]201[:]59783/i,offline
Mozi,http[:]//202[.]1[.]26[.]13[:]41939/bin[.]sh,offline
,http[:]//202[.]110[.]2[.]191[:]50033/bin[.]sh,offline
,http[:]//60[.]18[.]10[.]146[:]45922/bin[.]sh,offline
Mozi,http[:]//182[.]124[.]20[.]96[:]57190/bin[.]sh,offline
Mozi,http[:]//103[.]203[.]210[.]102[:]46614/bin[.]sh,offline
Mozi,http[:]//119[.]179[.]236[.]55[:]53616/bin[.]sh,offline
Mozi,http[:]//123[.]10[.]225[.]139[:]46476/i,offline
,http[:]//42[.]7[.]139[.]85[:]48486/i,offline
,http[:]//175[.]174[.]46[.]121[:]40584/i,offline
mirai,http[:]//120[.]28[.]201[.]138[:]57662/bin[.]sh,offline
,http[:]//60[.]18[.]8[.]218[:]39736/bin[.]sh,offline
,http[:]//116[.]2[.]43[.]97[:]35984/i,offline
,http[:]//217[.]25[.]229[.]189[:]54559/i,offline
,http[:]//175[.]147[.]156[.]105[:]33491/i,offline
,http[:]//60[.]23[.]72[.]121[:]51494/i,offline
mirai,http[:]//114[.]226[.]120[.]28[:]35996/i,offline
mirai,http[:]//220[.]177[.]11[.]172[:]54471/bin[.]sh,online
mirai,http[:]//222[.]127[.]50[.]102[:]51464/i,offline
Mozi,http[:]//115[.]63[.]84[.]231[:]59738/bin[.]sh,offline
Mozi,http[:]//115[.]63[.]84[.]231[:]59738/i,offline
Mozi,http[:]//42[.]235[.]84[.]132[:]35722/i,offline
Mozi,http[:]//115[.]51[.]63[.]21[:]33583/bin[.]sh,offline
,http[:]//42[.]54[.]13[.]17[:]37031/bin[.]sh,offline
Mozi,http[:]//115[.]62[.]181[.]25[:]57183/bin[.]sh,offline
,http[:]//43[.]252[.]159[.]101[:]46184/i,offline
Mozi,http[:]//119[.]179[.]236[.]55[:]53616/i,offline
,http[:]//123[.]188[.]64[.]71[:]51051/i,offline
Mozi,http[:]//182[.]119[.]183[.]62[:]55474/i,offline
,http[:]//175[.]165[.]84[.]83[:]51621/bin[.]sh,offline
Mozi,http[:]//115[.]55[.]173[.]148[:]44037/i,offline
Mozi,http[:]//182[.]119[.]183[.]62[:]55474/bin[.]sh,offline
,http[:]//175[.]174[.]46[.]121[:]40584/bin[.]sh,offline
,http[:]//120[.]84[.]214[.]205[:]39378/i,offline
Mozi,http[:]//112[.]230[.]155[.]183[:]39618/i,offline
,http[:]//123[.]189[.]134[.]98[:]40664/bin[.]sh,offline
mirai,http[:]//113[.]221[.]76[.]194[:]54955/Mozi[.]m,offline
Mozi,http[:]//61[.]53[.]88[.]100[:]45611/i,offline
mirai,http[:]//179[.]108[.]89[.]220[:]35169/bin[.]sh,offline
Mozi,http[:]//115[.]55[.]244[.]240[:]35253/bin[.]sh,offline
Mozi,http[:]//221[.]1[.]226[.]106[:]47537/i,offline
Mozi,http[:]//182[.]121[.]224[.]68[:]40372/i,offline
mirai,http[:]//120[.]28[.]161[.]11[:]57965/bin[.]sh,offline
Mozi,http[:]//47[.]215[.]224[.]64[:]41098/i,online
Mozi,http[:]//42[.]235[.]84[.]132[:]35722/bin[.]sh,offline
,http[:]//42[.]52[.]200[.]244[:]35103/bin[.]sh,offline
mirai,http[:]//180[.]191[.]32[.]197[:]49164/bin[.]sh,offline
,http[:]//42[.]54[.]13[.]17[:]37031/i,offline
Mozi,http[:]//96[.]125[.]128[.]2[:]35375/i,offline
,http[:]//116[.]138[.]189[.]67[:]59950/i,offline
mirai,http[:]//60[.]215[.]197[.]174[:]38401/bin[.]sh,offline
BillGates,http[:]//194[.]59[.]31[.]57[:]62123/s/kswpad,offline
mirai,http[:]//175[.]9[.]166[.]233[:]50484/bin[.]sh,offline
mirai,http[:]//180[.]191[.]32[.]197[:]49164/i,offline
mirai,http[:]//105[.]184[.]46[.]169[:]45057/bin[.]sh,offline
mirai,http[:]//105[.]184[.]46[.]169[:]45057/i,offline
Mozi,http[:]//2[.]187[.]98[.]47[:]58030/i,offline
mirai,http[:]//114[.]228[.]186[.]181[:]50519/Mozi[.]a,offline
,http[:]//194[.]59[.]31[.]57[:]62123/s/amd64,offline
mirai,http[:]//125[.]46[.]234[.]68[:]43013/i,offline
,http[:]//42[.]87[.]168[.]173[:]55988/bin[.]sh,offline
,http[:]//999[.]34c9f78b4ef541baac4a6e84d4f832a7[.]lol[:]37641/lin[.]sh,offline
Mozi,http[:]//115[.]62[.]181[.]25[:]57183/i,offline
Mozi,http[:]//125[.]43[.]45[.]149[:]33353/bin[.]sh,offline
mirai,http[:]//112[.]113[.]68[.]159[:]41597/i,offline
,http[:]//113[.]236[.]67[.]209[:]54189/bin[.]sh,offline
,http[:]//45[.]231[.]145[.]15[:]38791/bin[.]sh,offline
Mozi,http[:]//42[.]224[.]78[.]23[:]39508/i,offline
BillGates,http[:]//194[.]59[.]31[.]57[:]62123/s/kal64,offline
,http[:]//113[.]231[.]108[.]98[:]55031/bin[.]sh,offline
Mozi,http[:]//182[.]121[.]224[.]68[:]40372/bin[.]sh,offline
Mozi,http[:]//219[.]156[.]112[.]101[:]58252/i,offline
Mozi,http[:]//123[.]5[.]152[.]25[:]42329/i,offline
,http[:]//60[.]23[.]159[.]201[:]59783/bin[.]sh,offline
mirai,http[:]//112[.]113[.]68[.]159[:]41597/bin[.]sh,offline
Mozi,http[:]//115[.]51[.]63[.]21[:]33583/i,offline
mirai,http[:]//124[.]6[.]169[.]46[:]58258/bin[.]sh,offline
Mozi,http[:]//182[.]117[.]76[.]31[:]58204/i,offline
Mozi,http[:]//218[.]58[.]146[.]50[:]57477/i,offline
Mozi,http[:]//42[.]227[.]179[.]13[:]32824/i,offline
Mozi,http[:]//182[.]127[.]152[.]170[:]43722/i,offline
Mozi,http[:]//42[.]232[.]90[.]35[:]46437/i,offline
Mozi,http[:]//202[.]163[.]107[.]242[:]56480/bin[.]sh,offline
Mozi,http[:]//42[.]224[.]127[.]169[:]33756/i,offline
,http[:]//60[.]19[.]172[.]59[:]40959/i,offline
mirai,http[:]//120[.]28[.]161[.]11[:]57965/i,offline
mirai,http[:]//191[.]37[.]19[.]74[:]52135/i,offline
,http[:]//42[.]87[.]168[.]173[:]55988/i,offline
Mozi,http[:]//221[.]1[.]226[.]106[:]47537/bin[.]sh,offline
,http[:]//115[.]58[.]135[.]65[:]49632/i,offline
Mozi,http[:]//115[.]55[.]221[.]28[:]43660/bin[.]sh,offline
mirai,http[:]//125[.]43[.]8[.]244[:]34827/bin[.]sh,offline
,http[:]//221[.]203[.]86[.]144[:]41208/bin[.]sh,offline
Mozi,http[:]//27[.]193[.]158[.]205[:]55721/bin[.]sh,offline
Mozi,http[:]//115[.]55[.]244[.]240[:]35253/i,offline
mirai,http[:]//112[.]198[.]130[.]112[:]42547/i,offline
,http[:]//113[.]228[.]253[.]15[:]50802/i,offline
mirai,http[:]//182[.]120[.]43[.]111[:]47591/bin[.]sh,offline
,http[:]//37[.]34[.]242[.]99[:]41845/i,offline
,http[:]//112[.]248[.]108[.]140[:]41002/i,offline
Mozi,http[:]//123[.]14[.]81[.]41[:]47055/i,offline
,http[:]//113[.]237[.]54[.]47[:]52447/i,offline
Mozi,http[:]//222[.]139[.]34[.]67[:]44511/i,offline
"32-bit,arm,elf,mirai,Mozi",http[:]//124[.]129[.]61[.]14[:]55301/i,offline
"apk ,mamont",https[:]//rusa-inion24-novst[.]vercel[.]app/?download=1,offline
Mozi,http[:]//222[.]139[.]34[.]67[:]44511/bin[.]sh,offline
"32-bit,arm,elf,mirai,Mozi",http[:]//216[.]126[.]86[.]154[:]38351/i,offline
"32-bit,arm,elf,mirai,Mozi",http[:]//216[.]126[.]86[.]154[:]38351/bin[.]sh,offline
"32-bit,arm,elf,mirai,Mozi",http[:]//125[.]46[.]234[.]68[:]43013/bin[.]sh,offline
Mozi,http[:]//115[.]54[.]133[.]39[:]59395/i,offline
"32-bit,elf,mips,Mozi",http[:]//37[.]48[.]158[.]158[:]56014/i,offline
"32-bit,elf,mips,Mozi",http[:]//37[.]48[.]158[.]158[:]56014/bin[.]sh,offline
"32-bit,elf,mips,Mozi",http[:]//112[.]93[.]137[.]152[:]51284/i,offline
"32-bit,elf,mips,Mozi",http[:]//182[.]127[.]31[.]85[:]47759/bin[.]sh,offline
trojan,https[:]//aetherone[.]su/downloads/meta-loader[.]exe,offline
trojan,https[:]//kjjt[.]pages[.]dev/download/001365-Screenshot-Uploader-portable[.]exe,offline
"32-bit,elf,mips,Mozi",http[:]//61[.]53[.]151[.]142[:]41245/i,offline
" rat,IRAHook,stealer",https[:]//www[.]dropbox[.]com/scl/fi/ba93r9ez5c00fap694aa6/bundle[.]zip?rlkey=mpxhfmkb4g2adcermiywlc115&st=8p4van4p&dl=1,offline
"32-bit,arm,elf,mirai,Mozi",http[:]//87[.]15[.]14[.]109[:]59208/i,offline
"exe,rat,RemcosRAT",https[:]//vintageeventos[.]com[.]mx/CHAPO/CHAPO2[.]exe,offline
"rat,RemcosRAT",https[:]//pub-f36b05599c3043ddb16520acf6cc3cce[.]r2[.]dev/core_131541[.]iso,offline
"elf,iot,Mozi",http[:]//221[.]15[.]20[.]208[:]44679/Mozi[.]m,offline
"elf,ua-wget",http[:]//176[.]65[.]139[.]218/bins/sora[.]arc,offline
"elf,ua-wget",http[:]//176[.]65[.]139[.]218/bins/sora[.]mips64,offline
"elf,ua-wget",http[:]//176[.]65[.]139[.]218/bins/sora[.]sparc,offline
"elf,ua-wget",http[:]//176[.]65[.]139[.]218/bins/sora[.]i586,offline
"elf,ua-wget",http[:]//45[.]135[.]193[.]113/m-6[.]8-k[.]ISIS,offline
"elf,ua-wget",http[:]//176[.]65[.]139[.]218/bins/sora[.]x86_64,offline
"ascii,bash,sh,ua-wget",http[:]//haiiiihello[.]top/a/recon[.]sh,offline
"ascii,opendir,powershell,ps1",http[:]//198[.]23[.]144[.]123/doog/crypted[.]ps1,offline
"32-bit,arm,elf,mirai,Mozi",http[:]//196[.]188[.]141[.]17[:]53709/i,offline
"32-bit,arm,elf,mirai,Mozi",http[:]//110[.]139[.]35[.]220[:]38827/i,offline
,http[:]//175[.]173[.]116[.]250[:]57573/bin[.]sh,offline
"dcrat,rat",https[:]//storage[.]bunnycdn[.]com/sdfzf/Miercoles[.]iso?accessKey=3858e0c5-2e43-4342-93f929eb5220-a783-4064&download,offline
"32-bit,arm,elf,mirai,Mozi",http[:]//196[.]188[.]141[.]17[:]53709/bin[.]sh,offline
" ClickFix, fake-Claude, macos, stealer,MacSync",https[:]//fern-plume[.]com/curl/z203ezo8/zbxc4p9j8emx1yoy9x[.]txt,offline
"apk ,mamont",https[:]//abonent-app[.]ru/abonent[.]apk,offline
"malware-download,mirai,telnet",http[:]//118[.]145[.]196[.]225[:]800/yy7atflk/obn2b6lh,offline
"c2-monitor-auto,dropped-by-amadey",http[:]//91[.]92[.]242[.]236/files-129312398/files/file_54a0ab1b1cd5298b[.]exe,offline
"c2-monitor-auto,dropped-by-amadey",http[:]//91[.]92[.]242[.]236/files-129312398/files/file_37b3ca809d232f85[.]exe,offline
" ClickFix, fake-Claude, macos, stealer,MacSync",https[:]//node-slate[.]com/api/metrics/run?event=pasted,offline
" ClickFix, fake-Claude, macos, stealer,MacSync",https[:]//fern-plume[.]com/zyeMb6slon_3VWVlkSkdiJurcyhY5cFNtchnavRnMgU/hiddenfix/update,offline
script,http[:]//176[.]65[.]139[.]206/loader[.]sh,offline
"32-bit,arm,elf,mirai,Mozi",http[:]//110[.]139[.]35[.]220[:]38827/bin[.]sh,offline
"32-bit,elf,mips,Mozi",http[:]//175[.]168[.]197[.]209[:]56392/i,offline
"32-bit,arm,elf,mirai,Mozi",http[:]//196[.]190[.]105[.]170[:]60678/i,offline
mirai,http[:]//105[.]184[.]31[.]171[:]41073/i,offline
"32-bit,arm,elf,mirai,Mozi",http[:]//196[.]190[.]105[.]170[:]60678/bin[.]sh,offline
Mozi,http[:]//115[.]49[.]216[.]36[:]38767/i,offline
,http[:]//42[.]7[.]152[.]135[:]42403/i,offline
"32-bit,arm,elf,mirai,Mozi",http[:]//196[.]190[.]10[.]252[:]46868/bin[.]sh,offline
"32-bit,elf,mips,Mozi",http[:]//222[.]138[.]78[.]232[:]52468/i,offline
"32-bit,elf,mips,Mozi",http[:]//175[.]150[.]74[.]42[:]43235/bin[.]sh,offline
"32-bit,elf,mips,Mozi",http[:]//182[.]126[.]122[.]180[:]45536/i,offline
"32-bit,elf,mips,Mozi",http[:]//119[.]179[.]251[.]19[:]34111/i,offline
"32-bit,elf,mips,Mozi",http[:]//119[.]109[.]212[.]54[:]35441/i,offline
"32-bit,arm,elf,mirai,Mozi",http[:]//196[.]189[.]9[.]27[:]53134/i,offline
"32-bit,elf,mips,Mozi",http[:]//119[.]179[.]251[.]19[:]34111/bin[.]sh,offline
"32-bit,elf,mips,Mozi",http[:]//61[.]144[.]102[.]183[:]42035/i,offline
"32-bit,elf,mips,Mozi",http[:]//119[.]109[.]212[.]54[:]35441/bin[.]sh,offline
mirai,http[:]//180[.]191[.]228[.]111[:]33120/i,offline
"32-bit,arm,elf,mirai,Mozi",http[:]//120[.]28[.]193[.]113[:]56751/i,offline
"32-bit,elf,mips,Mozi",http[:]//27[.]215[.]84[.]25[:]44698/i,offline
mirai,http[:]//180[.]191[.]228[.]111[:]33120/bin[.]sh,offline
mirai,http[:]//122[.]233[.]29[.]62[:]38332/i,offline
"32-bit,arm,elf,mirai,Mozi",http[:]//27[.]12[.]96[.]57[:]58619/i,offline
"32-bit,arm,elf,mirai,Mozi",http[:]//105[.]186[.]83[.]56[:]41911/bin[.]sh,offline
"32-bit,elf,mips,Mozi",http[:]//202[.]163[.]107[.]242[:]56480/i,offline
Mozi,http[:]//115[.]55[.]62[.]144[:]54772/i,offline
"32-bit,elf,mips,Mozi",http[:]//117[.]252[.]240[.]213[:]32809/i,offline
ua-wget,http[:]//153[.]117[.]37[.]210[:]34796/Mozi[.]m,offline
ua-wget,http[:]//223[.]123[.]126[.]197[:]38745/Mozi[.]m,offline
ua-wget,http[:]//198-144-179-82-host[.]colocrossing[.]com/1[.]sh,offline
"32-bit,elf,mips,Mozi",http[:]//115[.]54[.]97[.]201[:]46845/i,offline
"32-bit,elf,mips,Mozi",http[:]//115[.]54[.]97[.]201[:]46845/bin[.]sh,offline
mirai,http[:]//196[.]189[.]98[.]110[:]58835/i,offline
"32-bit,arm,elf,mirai,Mozi",http[:]//191[.]37[.]19[.]74[:]52135/bin[.]sh,offline
Mozi,http[:]//115[.]55[.]62[.]144[:]54772/bin[.]sh,offline
"32-bit,arm,elf,mirai,Mozi",http[:]//124[.]66[.]99[.]102[:]55875/bin[.]sh,offline
"32-bit,elf,mips,Mozi",http[:]//115[.]58[.]80[.]45[:]58927/i,offline
"32-bit,elf,mips,Mozi",http[:]//39[.]74[.]18[.]45[:]57987/bin[.]sh,offline
"32-bit,elf,mips,Mozi",http[:]//96[.]245[.]232[.]83[:]44492/i,offline
"32-bit,elf,mips,Mozi",http[:]//115[.]54[.]104[.]9[:]47974/i,offline
"32-bit,elf,mips,Mozi",http[:]//182[.]118[.]244[.]54[:]49806/bin[.]sh,offline
"9d2ca3,dropped-by-amadey",http[:]//91[.]92[.]242[.]236/files-129312398/files/file_abb7412b78c236e6[.]exe,offline
"32-bit,elf,mips,Mozi",http[:]//182[.]126[.]122[.]180[:]45536/bin[.]sh,offline
Mozi,http[:]//98[.]252[.]87[.]232[:]40235/i,offline
Mozi,http[:]//98[.]252[.]87[.]232[:]40235/bin[.]sh,offline
"32-bit,elf,mips,Mozi",http[:]//220[.]201[.]25[.]49[:]47541/bin[.]sh,offline
"32-bit,arm,elf,mirai,Mozi",http[:]//95[.]9[.]35[.]137[:]43208/i,offline
"32-bit,elf,mips,Mozi",http[:]//163[.]142[.]93[.]157[:]39139/i,offline
mirai,http[:]//183[.]151[.]171[.]156[:]58331/i,offline
"32-bit,arm,elf,mirai,Mozi",http[:]//95[.]9[.]35[.]137[:]43208/bin[.]sh,offline
"32-bit,elf,mips,Mozi",http[:]//60[.]19[.]4[.]185[:]54029/i,offline
mirai,http[:]//183[.]151[.]171[.]156[:]58331/bin[.]sh,offline
"32-bit,elf,mips,Mozi",http[:]//219[.]157[.]63[.]238[:]58386/i,offline
"32-bit,elf,mips,Mozi",http[:]//60[.]19[.]4[.]185[:]54029/bin[.]sh,offline
"32-bit,elf,mips,Mozi",http[:]//219[.]157[.]63[.]238[:]58386/bin[.]sh,offline
"32-bit,elf,mips,Mozi",http[:]//123[.]10[.]225[.]139[:]46476/bin[.]sh,offline
"32-bit,arm,elf,mirai,Mozi",http[:]//196[.]189[.]9[.]27[:]53134/bin[.]sh,offline
,http[:]//60[.]23[.]235[.]89[:]45712/i,offline
mirai,http[:]//105[.]225[.]107[.]183[:]39153/bin[.]sh,offline
"32-bit,elf,mips,Mozi",http[:]//59[.]96[.]141[.]7[:]58981/i,offline
"32-bit,elf,mips,Mozi",http[:]//125[.]43[.]45[.]149[:]33353/i,offline
"32-bit,elf,mips,Mozi",http[:]//202[.]1[.]26[.]13[:]41939/i,offline
"32-bit,elf,mips,Mozi",http[:]//42[.]233[.]107[.]113[:]43544/i,offline
,http[:]//58[.]255[.]40[.]142[:]44835/i,offline
"32-bit,elf,mips,Mozi",http[:]//182[.]121[.]239[.]171[:]36990/i,offline
Mozi,http[:]//27[.]215[.]84[.]127[:]37282/i,offline
"31-56-209-210,elf,ua-wget",http[:]//31[.]56[.]209[.]210/a/b/agent_armv5,offline
"31-56-209-210,elf,ua-wget",http[:]//31[.]56[.]209[.]210/a/b/netlogd_mipsel,offline
"31-56-209-210,elf,Ngioweb,ua-wget",http[:]//31[.]56[.]209[.]210/a/b/netlogd_armv5,offline
"31-56-209-210,elf,ua-wget",http[:]//31[.]56[.]209[.]210/a/b/agent_aarch64,offline
"31-56-209-210,elf,ua-wget",http[:]//31[.]56[.]209[.]210/a/b/agent_armv7hf,offline
"31-56-209-210,elf,ua-wget",http[:]//31[.]56[.]209[.]210/a/b/netlogd_aarch64,offline
"31-56-209-210,elf,ua-wget",http[:]//31[.]56[.]209[.]210/a/b/netlogd_armv7hf,offline
"31-56-209-210,elf,ua-wget",http[:]//31[.]56[.]209[.]210/a/b/agent_mipsbe,offline
"31-56-209-210,elf,ua-wget",http[:]//31[.]56[.]209[.]210/a/b/netlogd_mipsbe,offline
"31-56-209-210,elf,ua-wget",http[:]//31[.]56[.]209[.]210/a/b/netlogd_x86_64,offline
"31-56-209-210,elf,ua-wget",http[:]//31[.]56[.]209[.]210/a/b/agent_mipsel,offline
"31-56-209-210,sh,ua-wget",http[:]//31[.]56[.]209[.]210/multi/wget[.]sh,offline
"31-56-209-210,sh,ua-wget",http[:]//31[.]56[.]209[.]210/a/wget[.]sh,offline
"31-56-209-210,sh,ua-wget",http[:]//31[.]56[.]209[.]210/a/recon[.]sh,offline
Mozi,http[:]//27[.]215[.]84[.]127[:]37282/bin[.]sh,offline
"45-135-193-113,elf,gafgyt,ua-wget",http[:]//45[.]135[.]193[.]113/s-h[.]4-[.]ISIS,offline
"32-bit,elf,mips,Mozi",http[:]//115[.]57[.]254[.]136[:]42278/bin[.]sh,offline
"45-135-193-113,elf,gafgyt,ua-wget",http[:]//45[.]135[.]193[.]113/m-p[.]s-l[.]ISIS,offline
"45-135-193-113,elf,gafgyt,ua-wget",http[:]//45[.]135[.]193[.]113/i-5[.]8-6[.]ISIS,offline
"45-135-193-113,elf,gafgyt,ua-wget",http[:]//45[.]135[.]193[.]113/p-p[.]c-[.]ISIS,offline
"45-135-193-113,elf,gafgyt,ua-wget",http[:]//45[.]135[.]193[.]113/x-8[.]6-[.]ISIS,offline
"45-135-193-113,gafgyt,sh,ua-wget",http[:]//45[.]135[.]193[.]113/ISIS[.]sh,offline
"45-135-193-113,elf,gafgyt,ua-wget",http[:]//45[.]135[.]193[.]113/a-r[.]m-7[.]ISIS,offline
"45-135-193-113,elf,gafgyt,ua-wget",http[:]//45[.]135[.]193[.]113/a-r[.]m-4[.]ISIS,offline
"45-135-193-113,elf,gafgyt,ua-wget",http[:]//45[.]135[.]193[.]113/x-3[.]2-[.]ISIS,offline
"45-135-193-113,elf,gafgyt,ua-wget",http[:]//45[.]135[.]193[.]113/a-r[.]m-6[.]ISIS,offline
"45-135-193-113,elf,gafgyt,ua-wget",http[:]//45[.]135[.]193[.]113/a-r[.]m-5[.]ISIS,offline
"45-135-193-113,elf,gafgyt,ua-wget",http[:]//45[.]135[.]193[.]113/m-i[.]p-s[.]ISIS,offline
"32-bit,arm,elf,mirai,Mozi",http[:]//105[.]225[.]107[.]183[:]39153/i,offline
Mozi,http[:]//42[.]224[.]7[.]191[:]56165/i,offline
"32-bit,elf,mips,Mozi",http[:]//175[.]175[.]22[.]43[:]45156/bin[.]sh,offline
"176-65-139-139,elf,mirai,ua-wget",http[:]//176[.]65[.]139[.]139/reflect/x86,offline
"176-65-139-139,elf,mirai,ua-wget",http[:]//176[.]65[.]139[.]139/reflect/mips,offline
"176-65-139-139,elf,mirai,ua-wget",http[:]//176[.]65[.]139[.]139/reflect/m68k,offline
"176-65-139-139,elf,mirai,ua-wget",http[:]//176[.]65[.]139[.]139/reflect/riscv64,offline
"176-65-139-139,elf,mirai,ua-wget",http[:]//176[.]65[.]139[.]139/reflect/ppc64,offline
"176-65-139-139,elf,mirai,ua-wget",http[:]//176[.]65[.]139[.]139/reflect/x86_64,offline
"176-65-139-139,elf,mirai,ua-wget",http[:]//176[.]65[.]139[.]139/reflect/ppc,offline
"176-65-139-139,elf,mirai,ua-wget",http[:]//176[.]65[.]139[.]139/reflect/mips64,offline
"176-65-139-139,elf,mirai,ua-wget",http[:]//176[.]65[.]139[.]139/reflect/mipsel,offline
"176-65-139-139,elf,mirai,ua-wget",http[:]//176[.]65[.]139[.]139/reflect/s390x,offline
"176-65-139-139,elf,mirai,ua-wget",http[:]//176[.]65[.]139[.]139/hiddenbin/reflect[.]ppc,offline
"176-65-139-139,elf,mirai,ua-wget",http[:]//176[.]65[.]139[.]139/hiddenbin/reflect[.]arm7,offline
"176-65-139-139,elf,mirai,ua-wget",http[:]//176[.]65[.]139[.]139/hiddenbin/reflect[.]arm6,offline
"176-65-139-139,elf,mirai,ua-wget",http[:]//176[.]65[.]139[.]139/hiddenbin/reflect[.]i686,offline
"176-65-139-139,elf,mirai,ua-wget",http[:]//176[.]65[.]139[.]139/hiddenbin/reflect[.]x86,offline
"176-65-139-139,elf,mirai,ua-wget",http[:]//176[.]65[.]139[.]139/hiddenbin/reflect[.]arm,offline
"176-65-139-139,elf,mirai,ua-wget",http[:]//176[.]65[.]139[.]139/hiddenbin/reflect[.]arm5,offline
"176-65-139-139,elf,mirai,ua-wget",http[:]//176[.]65[.]139[.]139/hiddenbin/reflect[.]sh4,offline
"176-65-139-139,elf,mirai,ua-wget",http[:]//176[.]65[.]139[.]139/hiddenbin/reflect[.]mpsl,offline
"176-65-139-139,elf,mirai,ua-wget",http[:]//176[.]65[.]139[.]139/reflect/arm8,offline
"176-65-139-139,elf,mirai,ua-wget",http[:]//176[.]65[.]139[.]139/reflect/riscv32,offline
"176-65-139-139,elf,mirai,ua-wget",http[:]//176[.]65[.]139[.]139/hiddenbin/reflect[.]spc,offline
"176-65-139-139,sh,ua-wget",http[:]//176[.]65[.]139[.]139/reflect/dl[.]sh,offline
"176-65-139-139,elf,mirai,ua-wget",http[:]//176[.]65[.]139[.]139/hiddenbin/reflect[.]mips,offline
"176-65-139-139,elf,mirai,ua-wget",http[:]//176[.]65[.]139[.]139/hiddenbin/reflect[.]arc,offline
"176-65-139-139,elf,mirai,ua-wget",http[:]//176[.]65[.]139[.]139/hiddenbin/reflect[.]m68k,offline
"176-65-139-139,elf,mirai,ua-wget",http[:]//176[.]65[.]139[.]139/hiddenbin/reflect[.]x86_64,offline
"176-65-139-139,ua-wget",http[:]//176[.]65[.]139[.]139/reflect/or1k,offline
"176-65-139-139,elf,mirai,ua-wget",http[:]//176[.]65[.]139[.]139/reflect/android-arm64,offline
"176-65-139-139,elf,mirai,ua-wget",http[:]//176[.]65[.]139[.]139/android-arm,offline
"176-65-139-139,elf,mirai,ua-wget",http[:]//176[.]65[.]139[.]139/android-arm64,offline
"176-65-139-139,elf,mirai,ua-wget",http[:]//176[.]65[.]139[.]139/reflect/arm7,offline
"176-65-139-139,elf,mirai,ua-wget",http[:]//176[.]65[.]139[.]139/reflect/arm,offline
"176-65-139-139,elf,mirai,ua-wget",http[:]//176[.]65[.]139[.]139/reflect/arm6,offline
"176-65-139-139,elf,mirai,ua-wget",http[:]//176[.]65[.]139[.]139/reflect/arm5,offline
"176-65-139-139,elf,mirai,ua-wget",http[:]//176[.]65[.]139[.]139/reflect/android-arm,offline
"176-65-139-139,elf,mirai,ua-wget",http[:]//176[.]65[.]139[.]139/s390x,offline
"176-65-139-139,mirai,ua-wget",http[:]//176[.]65[.]139[.]139/juan[.]apk,offline
"176-65-139-139,ua-wget",http[:]//176[.]65[.]139[.]139/working[.]Services[.]apk,offline
"176-65-139-139,ua-wget",http[:]//176[.]65[.]139[.]139/or1k,offline
"176-65-139-139,elf,mirai,ua-wget",http[:]//176[.]65[.]139[.]139/mipsel,offline
"176-65-139-139,elf,mirai,ua-wget",http[:]//176[.]65[.]139[.]139/mips64,offline
"176-65-139-139,elf,mirai,ua-wget",http[:]//176[.]65[.]139[.]139/ppc64,offline
"176-65-139-139,elf,mirai,ua-wget",http[:]//176[.]65[.]139[.]139/riscv64,offline
"176-65-139-139,mirai,sh,ua-wget",http[:]//176[.]65[.]139[.]139/dl[.]sh,offline
"94-183-174-77,elf,mirai,ua-wget",https[:]//94[.]183[.]174[.]77/mipsel,offline
"94-183-174-77,elf,mirai,ua-wget",https[:]//94[.]183[.]174[.]77/mips,offline
"94-183-174-77,elf,mirai,ua-wget",https[:]//94[.]183[.]174[.]77/flutter[.]mipsel,offline
"94-183-174-77,elf,mirai,ua-wget",https[:]//94[.]183[.]174[.]77/arm7,offline
"94-183-174-77,elf,mirai,ua-wget",https[:]//94[.]183[.]174[.]77/flutter[.]ppc,offline
"94-183-174-77,elf,mirai,ua-wget",https[:]//94[.]183[.]174[.]77/flutter[.]mips,offline
"94-183-174-77,elf,mirai,ua-wget",https[:]//94[.]183[.]174[.]77/flutter[.]ppc64,offline
"94-183-174-77,elf,mirai,ua-wget",https[:]//94[.]183[.]174[.]77/ppc,offline
"94-183-174-77,elf,mirai,ua-wget",https[:]//94[.]183[.]174[.]77/x86,offline
"94-183-174-77,elf,mirai,ua-wget",https[:]//94[.]183[.]174[.]77/flutter[.]arm7,offline
"94-183-174-77,elf,mirai,ua-wget",https[:]//94[.]183[.]174[.]77/x86_64,offline
"94-183-174-77,elf,mirai,ua-wget",https[:]//94[.]183[.]174[.]77/m68k,offline
"94-183-174-77,elf,mirai,ua-wget",https[:]//94[.]183[.]174[.]77/arm5,offline
"94-183-174-77,elf,mirai,ua-wget",https[:]//94[.]183[.]174[.]77/flutter[.]arm5,offline
"94-183-174-77,elf,mirai,ua-wget",https[:]//94[.]183[.]174[.]77/flutter[.]x86,offline
"94-183-174-77,elf,mirai,ua-wget",https[:]//94[.]183[.]174[.]77/flutter[.]x86_64,offline
"94-183-174-77,elf,mirai,ua-wget",https[:]//94[.]183[.]174[.]77/persist[.]arm7,offline
"94-183-174-77,elf,mirai,ua-wget",https[:]//94[.]183[.]174[.]77/flutter[.]m68k,offline
"32-bit,arm,elf,mirai,Mozi",http[:]//87[.]15[.]14[.]109[:]59208/bin[.]sh,offline
"94-183-174-77,elf,mirai,ua-wget",https[:]//94[.]183[.]174[.]77/arm,offline
"94-183-174-77,elf,mirai,ua-wget",https[:]//94[.]183[.]174[.]77/flutter[.]arm8,offline
"94-183-174-77,elf,mirai,ua-wget",https[:]//94[.]183[.]174[.]77/flutter[.]arm6,offline
"94-183-174-77,elf,mirai,ua-wget",https[:]//94[.]183[.]174[.]77/flutter[.]arm,offline
"94-183-174-77,sh,ua-wget",https[:]//94[.]183[.]174[.]77/dl[.]sh,offline
"94-154-43-107,elf,mirai,ua-wget",http[:]//94[.]154[.]43[.]107/amd64,offline
"94-154-43-118,elf,mirai,ua-wget",http[:]//94[.]154[.]43[.]118/MMaaRRiiOisecTanee[.]m68k,offline
"94-154-43-118,elf,mirai,ua-wget",http[:]//94[.]154[.]43[.]118/MMaaRRiiOisecTanee[.]i486,offline
"94-154-43-118,elf,mirai,ua-wget",http[:]//94[.]154[.]43[.]118/MMaaRRiiOisecTanee[.]i686,offline
"94-154-43-107,elf,mirai,ua-wget",http[:]//94[.]154[.]43[.]107/arm5,offline
"32-bit,elf,mips,Mozi",http[:]//182[.]126[.]113[.]144[:]33201/bin[.]sh,offline
"94-154-43-120,elf,mirai,ua-wget",http[:]//94[.]154[.]43[.]120/adbpersist[.]arm7,offline
"176-65-139-247,elf,mirai,ua-wget",http[:]//176[.]65[.]139[.]247/system_mpsl,offline
"176-65-139-218,elf,mirai,ua-wget",http[:]//176[.]65[.]139[.]218/bins/sora[.]mpsl,offline
"94-154-43-118,elf,mirai,ua-wget",http[:]//94[.]154[.]43[.]118/z0l1mxjm4mdl4jjfjf7sb2vdmv/MMaaRRiiOisecTanee[.]arm6,offline
"176-65-139-218,elf,mirai,ua-wget",http[:]//176[.]65[.]139[.]218/bins/sora[.]arm,offline
"94-154-43-118,elf,mirai,ua-wget",http[:]//94[.]154[.]43[.]118/MMaaRRiiOisecTanee[.]arm6,offline
"94-154-43-118,elf,mirai,ua-wget",http[:]//94[.]154[.]43[.]118/z0l1mxjm4mdl4jjfjf7sb2vdmv/MMaaRRiiOisecTanee[.]i686,offline
"176-65-139-247,elf,mirai,ua-wget",http[:]//176[.]65[.]139[.]247/system_sh4,offline
"94-154-43-107,elf,mirai,ua-wget",http[:]//94[.]154[.]43[.]107/arm64,offline
"176-65-139-206,elf,mirai,ua-wget",http[:]//176[.]65[.]139[.]206/bins/spc,offline
"94-154-43-118,sh,ua-wget",http[:]//94[.]154[.]43[.]118/w[.]sh,offline
"176-65-139-218,elf,mirai,ua-wget",http[:]//176[.]65[.]139[.]218/bins/sora[.]spc,offline
"176-65-139-218,elf,mirai,ua-wget",http[:]//176[.]65[.]139[.]218/bins/sora[.]mips,offline
"176-65-139-202,mirai,sh,ua-wget",http[:]//176[.]65[.]139[.]202/wget[.]sh,offline
"176-65-139-218,elf,mirai,ua-wget",http[:]//176[.]65[.]139[.]218/bins/sora[.]m68k,offline
"176-65-139-247,elf,mirai,ua-wget",http[:]//176[.]65[.]139[.]247/system_arm6,offline
"94-154-43-118,elf,mirai,ua-wget",http[:]//94[.]154[.]43[.]118/z0l1mxjm4mdl4jjfjf7sb2vdmv/MMaaRRiiOisecTanee[.]i486,offline
"176-65-139-247,elf,mirai,ua-wget",http[:]//176[.]65[.]139[.]247/system_x86_64,offline
"94-154-43-118,mirai,sh,ua-wget",http[:]//94[.]154[.]43[.]118/wget[.]sh,offline
"94-154-43-118,elf,mirai,ua-wget",http[:]//94[.]154[.]43[.]118/z0l1mxjm4mdl4jjfjf7sb2vdmv/MMaaRRiiOisecTanee[.]x86,offline
"176-65-139-247,elf,mirai,ua-wget",http[:]//176[.]65[.]139[.]247/system_arc,offline
"94-154-43-118,elf,mirai,ua-wget",http[:]//94[.]154[.]43[.]118/z0l1mxjm4mdl4jjfjf7sb2vdmv/MMaaRRiiOisecTanee[.]arm7,offline
"94-154-43-118,elf,mirai,ua-wget",http[:]//94[.]154[.]43[.]118/MMaaRRiiOisecTanee/MMaaRRiiOisecTanee[.]mips,offline
"176-65-139-136,sh,ua-wget",http[:]//176[.]65[.]139[.]136/dl[.]sh,offline
"94-154-43-118,elf,mirai,ua-wget",http[:]//94[.]154[.]43[.]118/MMaaRRiiOisecTanee[.]arm5,offline
"94-154-43-118,elf,mirai,ua-wget",http[:]//94[.]154[.]43[.]118/z0l1mxjm4mdl4jjfjf7sb2vdmv/MMaaRRiiOisecTanee[.]x86_64,offline
"176-65-139-247,elf,mirai,ua-wget",http[:]//176[.]65[.]139[.]247/system_arm4,offline
"176-65-139-247,elf,mirai,ua-wget",http[:]//176[.]65[.]139[.]247/system_arm7,offline
"botnetdomain,brightroseax-blog,elf,mirai,ua-wget",http[:]//brightroseax[.]blog/riscv64,offline
"94-154-43-107,elf,mirai,ua-wget",http[:]//94[.]154[.]43[.]107/i386,offline
"176-65-139-218,elf,mirai,ua-wget",http[:]//176[.]65[.]139[.]218/bins/sora[.]arm7,offline
"94-154-43-120,elf,mirai,ua-wget",http[:]//94[.]154[.]43[.]120/nz/nz[.]mips,offline
"176-65-139-247,mirai,sh,ua-wget",http[:]//176[.]65[.]139[.]247/gg[.]sh,offline
"94-154-43-107,elf,mirai,ua-wget",http[:]//94[.]154[.]43[.]107/android_arm64,offline
"94-154-43-118,elf,mirai,ua-wget",http[:]//94[.]154[.]43[.]118/z0l1mxjm4mdl4jjfjf7sb2vdmv/MMaaRRiiOisecTanee[.]mips,offline
"94-154-43-118,mirai,sh,ua-wget",http[:]//94[.]154[.]43[.]118/cache,offline
"176-65-139-247,elf,mirai,ua-wget",http[:]//176[.]65[.]139[.]247/system_ppc,offline
"94-154-43-107,mirai,sh,ua-wget",http[:]//94[.]154[.]43[.]107/bins[.]sh,offline
"94-154-43-118,elf,mirai,ua-wget",http[:]//94[.]154[.]43[.]118/MMaaRRiiOisecTanee[.]sh4,offline
"176-65-139-247,sh,ua-wget",http[:]//176[.]65[.]139[.]247/run[.]sh,offline
"94-154-43-107,elf,mirai,ua-wget",http[:]//94[.]154[.]43[.]107/x86,offline
"94-154-43-107,elf,mirai,ua-wget",http[:]//94[.]154[.]43[.]107/arm6,offline
"94-154-43-107,elf,mirai,ua-wget",http[:]//94[.]154[.]43[.]107/arm,offline
"94-154-43-107,elf,mirai,ua-wget",http[:]//94[.]154[.]43[.]107/armv7l,offline
"botnetdomain,elf,mail-brightroseax-blog,mirai,ua-wget",http[:]//mail[.]brightroseax[.]blog/s390x,offline
"94-154-43-118,elf,mirai,ua-wget",http[:]//94[.]154[.]43[.]118/MMaaRRiiOisecTanee[.]arc,offline
"176-65-139-206,elf,mirai,ua-wget",http[:]//176[.]65[.]139[.]206/bins/i686,offline
"94-154-43-118,elf,mirai,ua-wget",http[:]//94[.]154[.]43[.]118/MMaaRRiiOisecTanee[.]arm,offline
"94-154-43-118,elf,mirai,ua-wget",http[:]//94[.]154[.]43[.]118/z0l1mxjm4mdl4jjfjf7sb2vdmv/MMaaRRiiOisecTanee[.]ppc,offline
"176-65-139-218,elf,mirai,ua-wget",http[:]//176[.]65[.]139[.]218/bins/sora[.]x86,offline
"176-65-139-247,mirai,sh,ua-wget",http[:]//176[.]65[.]139[.]247/running[.]sh,offline
"botnetdomain,brightroseax-blog,elf,mirai,ua-wget",http[:]//brightroseax[.]blog/arm,offline
"94-154-43-118,elf,mirai,ua-wget",http[:]//94[.]154[.]43[.]118/MMaaRRiiOisecTanee[.]ppc,offline
"176-65-139-247,elf,mirai,ua-wget",http[:]//176[.]65[.]139[.]247/system_i486,offline
"94-154-43-118,mirai,sh,ua-wget",http[:]//94[.]154[.]43[.]118/cometome,offline
"94-154-43-118,elf,mirai,ua-wget",http[:]//94[.]154[.]43[.]118/MMaaRRiiOisecTanee[.]x86_64,offline
"176-65-139-206,elf,mirai,ua-wget",http[:]//176[.]65[.]139[.]206/bins/dbg,offline
"94-154-43-118,elf,mirai,ua-wget",http[:]//94[.]154[.]43[.]118/MMaaRRiiOisecTanee[.]mips,offline
"176-65-139-218,mirai,sh,ua-wget",http[:]//176[.]65[.]139[.]218/ohshit[.]sh,online
"94-154-43-118,mirai,sh,ua-wget",http[:]//94[.]154[.]43[.]118/c[.]sh,offline
"176-65-139-218,elf,mirai,ua-wget",http[:]//176[.]65[.]139[.]218/bins/sora[.]arm5,offline
"94-154-43-118,elf,mirai,ua-wget",http[:]//94[.]154[.]43[.]118/z0l1mxjm4mdl4jjfjf7sb2vdmv/MMaaRRiiOisecTanee[.]arm,offline
"94-154-43-118,elf,mirai,ua-wget",http[:]//94[.]154[.]43[.]118/MMaaRRiiOisecTanee[.]x86,offline
"94-154-43-118,elf,mirai,ua-wget",http[:]//94[.]154[.]43[.]118/z0l1mxjm4mdl4jjfjf7sb2vdmv/MMaaRRiiOisecTanee[.]arc,offline
"94-154-43-118,elf,mirai,ua-wget",http[:]//94[.]154[.]43[.]118/z0l1mxjm4mdl4jjfjf7sb2vdmv/MMaaRRiiOisecTanee[.]mpsl,offline
"94-154-43-118,elf,mirai,ua-wget",http[:]//94[.]154[.]43[.]118/MMaaRRiiOisecTanee[.]spc,offline
"94-154-43-118,elf,mirai,ua-wget",http[:]//94[.]154[.]43[.]118/z0l1mxjm4mdl4jjfjf7sb2vdmv/MMaaRRiiOisecTanee[.]m68k,offline
"94-154-43-118,elf,mirai,ua-wget",http[:]//94[.]154[.]43[.]118/z0l1mxjm4mdl4jjfjf7sb2vdmv/MMaaRRiiOisecTanee[.]arm5,offline
"176-65-139-218,elf,mirai,ua-wget",http[:]//176[.]65[.]139[.]218/bins/sora[.]sh4,offline
"176-65-139-218,elf,mirai,ua-wget",http[:]//176[.]65[.]139[.]218/bins/sora[.]ppc,offline
"176-65-139-247,elf,mirai,ua-wget",http[:]//176[.]65[.]139[.]247/system_i686,offline
"176-65-139-247,elf,mirai,ua-wget",http[:]//176[.]65[.]139[.]247/system_arm5,offline
"94-154-43-118,elf,mirai,ua-wget",http[:]//94[.]154[.]43[.]118/MMaaRRiiOisecTanee[.]arm7,offline
"94-154-43-118,elf,mirai,ua-wget",http[:]//94[.]154[.]43[.]118/MMaaRRiiOisecTanee[.]mpsl,offline
"176-65-139-247,elf,mirai,ua-wget",http[:]//176[.]65[.]139[.]247/system_mips,offline
"176-65-139-247,elf,mirai,ua-wget",http[:]//176[.]65[.]139[.]247/system_x86,offline
"176-65-139-218,elf,mirai,ua-wget",http[:]//176[.]65[.]139[.]218/bins/sora[.]arm6,offline
"94-154-43-120,elf,mirai,ua-wget",http[:]//94[.]154[.]43[.]120/nz/nz[.]arm7,offline
"94-154-43-118,elf,mirai,ua-wget",http[:]//94[.]154[.]43[.]118/z0l1mxjm4mdl4jjfjf7sb2vdmv/MMaaRRiiOisecTanee[.]sh4,offline
"94-154-43-118,elf,mirai,ua-wget",http[:]//94[.]154[.]43[.]118/z0l1mxjm4mdl4jjfjf7sb2vdmv/MMaaRRiiOisecTanee[.]spc,offline
"94-154-43-120,elf,mirai,ua-wget",http[:]//94[.]154[.]43[.]120/nz/nz[.]mpsl,offline
"94-154-43-107,exe,ua-wget",http[:]//94[.]154[.]43[.]107/bot[.]exe,offline
"d52f85,dropped-by-amadey",http[:]//62[.]60[.]226[.]140/files/1372270670/HP8Wfoi[.]exe,offline
"botnetdomain,brightroseax-blog,elf,mirai,ua-wget",http[:]//brightroseax[.]blog/s390x,offline
"94-154-43-69,elf,mirai,ua-wget",http[:]//94[.]154[.]43[.]69/x86,offline
"94-154-43-69,elf,mirai,ua-wget",http[:]//94[.]154[.]43[.]69/m68k,offline
"94-154-43-69,elf,mirai,ua-wget",http[:]//94[.]154[.]43[.]69/arm7,offline
"botnetdomain,brightroseax-blog,elf,mirai,ua-wget",http[:]//brightroseax[.]blog/arm6,offline
"94-154-43-69,elf,mirai,ua-wget",http[:]//94[.]154[.]43[.]69/s390x,offline
"94-154-43-69,elf,mirai,ua-wget",http[:]//94[.]154[.]43[.]69/arm5,offline
"94-154-43-69,elf,mirai,ua-wget",http[:]//94[.]154[.]43[.]69/mips,offline
"94-154-43-69,elf,mirai,ua-wget",http[:]//94[.]154[.]43[.]69/x86_64,offline
"94-154-43-69,elf,mirai,ua-wget",http[:]//94[.]154[.]43[.]69/mipsel,offline
"94-154-43-69,elf,mirai,ua-wget",http[:]//94[.]154[.]43[.]69/ppc,offline
"94-154-43-69,elf,mirai,ua-wget",http[:]//94[.]154[.]43[.]69/arm6,offline
"94-154-43-69,elf,mirai,ua-wget",http[:]//94[.]154[.]43[.]69/riscv64,offline
"94-154-43-69,elf,mirai,ua-wget",http[:]//94[.]154[.]43[.]69/arm,offline
"94-154-43-69,elf,mirai,ua-wget",http[:]//94[.]154[.]43[.]69/mips64,offline
"94-154-43-69,elf,mirai,ua-wget",http[:]//94[.]154[.]43[.]69/ppc64,offline
"94-154-43-69,sh,ua-wget",http[:]//94[.]154[.]43[.]69/dl[.]sh,offline
"botnetdomain,elf,mail-brightroseax-blog,mirai,ua-wget",http[:]//mail[.]brightroseax[.]blog/mipsel,offline
"botnetdomain,elf,mail-brightroseax-blog,mirai,ua-wget",http[:]//mail[.]brightroseax[.]blog/x86,offline
"botnetdomain,elf,mail-brightroseax-blog,mirai,ua-wget",http[:]//mail[.]brightroseax[.]blog/ppc64,offline
"botnetdomain,elf,mail-brightroseax-blog,mirai,ua-wget",http[:]//mail[.]brightroseax[.]blog/m68k,offline
"botnetdomain,elf,mail-brightroseax-blog,mirai,ua-wget",http[:]//mail[.]brightroseax[.]blog/x86_64,offline
"botnetdomain,elf,mail-brightroseax-blog,mirai,ua-wget",http[:]//mail[.]brightroseax[.]blog/mips64,offline
"botnetdomain,elf,mail-brightroseax-blog,mirai,ua-wget",http[:]//mail[.]brightroseax[.]blog/ppc,offline
"botnetdomain,elf,mail-brightroseax-blog,mirai,ua-wget",http[:]//mail[.]brightroseax[.]blog/arm7,offline
"botnetdomain,brightroseax-blog,elf,mirai,ua-wget",http[:]//brightroseax[.]blog/ppc,offline
"botnetdomain,brightroseax-blog,elf,mirai,ua-wget",http[:]//brightroseax[.]blog/mips,offline
"botnetdomain,elf,mail-brightroseax-blog,mirai,ua-wget",http[:]//mail[.]brightroseax[.]blog/arm5,offline
"botnetdomain,elf,mail-brightroseax-blog,mirai,ua-wget",http[:]//mail[.]brightroseax[.]blog/arm,offline
"botnetdomain,elf,mail-brightroseax-blog,mirai,ua-wget",http[:]//mail[.]brightroseax[.]blog/riscv64,offline
"botnetdomain,brightroseax-blog,elf,mirai,ua-wget",http[:]//brightroseax[.]blog/ppc64,offline
"botnetdomain,brightroseax-blog,elf,mirai,ua-wget",http[:]//brightroseax[.]blog/m68k,offline
"botnetdomain,brightroseax-blog,elf,mirai,ua-wget",http[:]//brightroseax[.]blog/x86_64,offline
"botnetdomain,elf,mail-brightroseax-blog,mirai,ua-wget",http[:]//mail[.]brightroseax[.]blog/arm6,offline
"botnetdomain,brightroseax-blog,elf,mirai,ua-wget",http[:]//brightroseax[.]blog/mipsel,offline
"botnetdomain,brightroseax-blog,elf,mirai,ua-wget",http[:]//brightroseax[.]blog/x86,offline
"botnetdomain,brightroseax-blog,elf,mirai,ua-wget",http[:]//brightroseax[.]blog/mips64,offline
"botnetdomain,elf,mail-brightroseax-blog,mirai,ua-wget",http[:]//mail[.]brightroseax[.]blog/mips,offline
"botnetdomain,brightroseax-blog,sh,ua-wget",http[:]//brightroseax[.]blog/dl[.]sh,offline
"botnetdomain,mail-brightroseax-blog,sh,ua-wget",http[:]//mail[.]brightroseax[.]blog/dl[.]sh,offline
"botnetdomain,brightroseax-blog,elf,mirai,ua-wget",http[:]//brightroseax[.]blog/arm7,offline
"botnetdomain,brightroseax-blog,elf,mirai,ua-wget",http[:]//brightroseax[.]blog/arm5,offline
"32-bit,elf,mips,Mozi",http[:]//119[.]187[.]178[.]244[:]57710/i,offline
"botnetdomain,elf,emeraldstonegc-blog,mirai,ua-wget",http[:]//emeraldstonegc[.]blog/flutter[.]m68k,offline
mirai,http[:]//196[.]189[.]3[.]1[:]56849/i,offline
"botnetdomain,elf,mail-emeraldstonegc-blog,mirai,ua-wget",http[:]//mail[.]emeraldstonegc[.]blog/flutter[.]ppc,offline
"botnetdomain,elf,emeraldstonegc-blog,mirai,ua-wget",http[:]//emeraldstonegc[.]blog/flutter[.]x86_64,offline
"botnetdomain,elf,emeraldstonegc-blog,mirai,ua-wget",http[:]//emeraldstonegc[.]blog/flutter[.]mips,offline
"94-154-43-66,elf,mirai,ua-wget",http[:]//94[.]154[.]43[.]66/flutter[.]arm,offline
"botnetdomain,elf,mirai,ua-wget,vps-atlas101-us-kg",http[:]//vps[.]atlas101[.]us[.]kg/flutter[.]arm5,offline
"botnetdomain,elf,mirai,ua-wget,vps-atlas101-us-kg",http[:]//vps[.]atlas101[.]us[.]kg/flutter[.]arm6,offline
"botnetdomain,elf,mirai,ua-wget,vps-atlas101-us-kg",http[:]//vps[.]atlas101[.]us[.]kg/flutter[.]arm8,offline
"botnetdomain,elf,emeraldstonegc-blog,mirai,ua-wget",http[:]//emeraldstonegc[.]blog/flutter[.]arm8,offline
"botnetdomain,elf,mirai,ua-wget,vps-atlas101-us-kg",http[:]//vps[.]atlas101[.]us[.]kg/flutter[.]mips,offline
"botnetdomain,elf,mirai,ua-wget,vps-atlas101-us-kg",http[:]//vps[.]atlas101[.]us[.]kg/flutter[.]m68k,offline
"botnetdomain,elf,emeraldstonegc-blog,mirai,ua-wget",http[:]//emeraldstonegc[.]blog/flutter[.]ppc64,offline
"botnetdomain,elf,mirai,ua-wget,vps-atlas101-us-kg",http[:]//vps[.]atlas101[.]us[.]kg/flutter[.]arm7,offline
"botnetdomain,elf,emeraldstonegc-blog,mirai,ua-wget",http[:]//emeraldstonegc[.]blog/flutter[.]mipsel,offline
"botnetdomain,elf,mail-emeraldstonegc-blog,mirai,ua-wget",http[:]//mail[.]emeraldstonegc[.]blog/flutter[.]arm7,offline
"botnetdomain,elf,emeraldstonegc-blog,mirai,ua-wget",http[:]//emeraldstonegc[.]blog/flutter[.]ppc,offline
"botnetdomain,elf,mirai,ua-wget,vps-atlas101-us-kg",http[:]//vps[.]atlas101[.]us[.]kg/flutter[.]x86_64,offline
"botnetdomain,elf,emeraldstonegc-blog,mirai,ua-wget",http[:]//emeraldstonegc[.]blog/flutter[.]x86,offline
"botnetdomain,elf,emeraldstonegc-blog,mirai,ua-wget",http[:]//emeraldstonegc[.]blog/flutter[.]arm,offline
"botnetdomain,elf,mail-emeraldstonegc-blog,mirai,ua-wget",http[:]//mail[.]emeraldstonegc[.]blog/flutter[.]mips,offline
"botnetdomain,elf,mail-emeraldstonegc-blog,mirai,ua-wget",http[:]//mail[.]emeraldstonegc[.]blog/flutter[.]x86,offline
"botnetdomain,elf,mirai,ua-wget,vps-atlas101-us-kg",http[:]//vps[.]atlas101[.]us[.]kg/flutter[.]arm,offline
"botnetdomain,elf,mirai,ua-wget,vps-atlas101-us-kg",http[:]//vps[.]atlas101[.]us[.]kg/flutter[.]x86,offline
"botnetdomain,elf,emeraldstonegc-blog,mirai,ua-wget",http[:]//emeraldstonegc[.]blog/flutter[.]arm6,offline
"botnetdomain,elf,mail-emeraldstonegc-blog,mirai,ua-wget",http[:]//mail[.]emeraldstonegc[.]blog/flutter[.]ppc64,offline
"botnetdomain,elf,emeraldstonegc-blog,mirai,ua-wget",http[:]//emeraldstonegc[.]blog/flutter[.]arm5,offline
"botnetdomain,elf,emeraldstonegc-blog,mirai,ua-wget",http[:]//emeraldstonegc[.]blog/flutter[.]arm7,offline
"botnetdomain,emeraldstonegc-blog,sh,ua-wget",http[:]//emeraldstonegc[.]blog/dl[.]sh,offline
"botnetdomain,sh,ua-wget,vps-atlas101-us-kg",http[:]//vps[.]atlas101[.]us[.]kg/dl[.]sh,offline
"botnetdomain,elf,mirai,ua-wget,vps-atlas101-us-kg",http[:]//vps[.]atlas101[.]us[.]kg/flutter[.]mipsel,offline
"botnetdomain,elf,mirai,ua-wget,vps-atlas101-us-kg",http[:]//vps[.]atlas101[.]us[.]kg/flutter[.]ppc,offline
"botnetdomain,elf,mirai,ua-wget,vps-atlas101-us-kg",http[:]//vps[.]atlas101[.]us[.]kg/flutter[.]ppc64,offline
"94-154-43-66,elf,mirai,ua-wget",http[:]//94[.]154[.]43[.]66/flutter[.]arm8,offline
"94-154-43-66,elf,mirai,ua-wget",http[:]//94[.]154[.]43[.]66/flutter[.]arm6,offline
"94-154-43-66,elf,mirai,ua-wget",http[:]//94[.]154[.]43[.]66/flutter[.]x86_64,offline
"94-154-43-66,elf,mirai,ua-wget",http[:]//94[.]154[.]43[.]66/flutter[.]ppc64,offline
"94-154-43-66,elf,mirai,ua-wget",http[:]//94[.]154[.]43[.]66/flutter[.]mips,offline
"94-154-43-66,elf,mirai,ua-wget",http[:]//94[.]154[.]43[.]66/flutter[.]x86,offline
"botnetdomain,elf,mail-emeraldstonegc-blog,mirai,ua-wget",http[:]//mail[.]emeraldstonegc[.]blog/flutter[.]arm,offline
"botnetdomain,elf,mail-emeraldstonegc-blog,mirai,ua-wget",http[:]//mail[.]emeraldstonegc[.]blog/flutter[.]m68k,offline
"botnetdomain,elf,mail-emeraldstonegc-blog,mirai,ua-wget",http[:]//mail[.]emeraldstonegc[.]blog/flutter[.]arm5,offline
"botnetdomain,elf,mail-emeraldstonegc-blog,mirai,ua-wget",http[:]//mail[.]emeraldstonegc[.]blog/flutter[.]mipsel,offline
"botnetdomain,elf,mail-emeraldstonegc-blog,mirai,ua-wget",http[:]//mail[.]emeraldstonegc[.]blog/flutter[.]x86_64,offline
"botnetdomain,elf,mail-emeraldstonegc-blog,mirai,ua-wget",http[:]//mail[.]emeraldstonegc[.]blog/flutter[.]arm8,offline
"botnetdomain,elf,mail-emeraldstonegc-blog,mirai,ua-wget",http[:]//mail[.]emeraldstonegc[.]blog/flutter[.]arm6,offline
"94-154-43-66,sh,ua-wget",http[:]//94[.]154[.]43[.]66/dl[.]sh,offline
"botnetdomain,mail-emeraldstonegc-blog,sh,ua-wget",http[:]//mail[.]emeraldstonegc[.]blog/dl[.]sh,offline
"94-154-43-66,elf,mirai,ua-wget",http[:]//94[.]154[.]43[.]66/flutter[.]ppc,offline
"94-154-43-66,elf,mirai,ua-wget",http[:]//94[.]154[.]43[.]66/flutter[.]arm5,offline
"94-154-43-66,elf,mirai,ua-wget",http[:]//94[.]154[.]43[.]66/flutter[.]m68k,offline
"94-154-43-66,elf,mirai,ua-wget",http[:]//94[.]154[.]43[.]66/flutter[.]arm7,offline
"94-154-43-66,elf,mirai,ua-wget",http[:]//94[.]154[.]43[.]66/flutter[.]mipsel,offline
"32-bit,elf,mips,Mozi",http[:]//119[.]187[.]178[.]244[:]57710/bin[.]sh,offline
"32-bit,arm,elf,mirai,Mozi",http[:]//110[.]139[.]34[.]83[:]51597/bin[.]sh,offline
mirai,http[:]//196[.]189[.]3[.]1[:]56849/bin[.]sh,offline
"32-bit,elf,mips,Mozi",http[:]//42[.]86[.]133[.]153[:]34836/i,offline
"32-bit,elf,mips,Mozi",http[:]//112[.]242[.]152[.]173[:]55406/bin[.]sh,offline
"32-bit,elf,mips,Mozi",http[:]//112[.]242[.]152[.]173[:]55406/i,offline
"32-bit,elf,mips,Mozi",http[:]//182[.]124[.]20[.]96[:]57190/i,offline
"32-bit,elf,mips,Mozi",http[:]//42[.]224[.]174[.]102[:]33440/i,offline
"32-bit,arm,elf,mirai,Mozi",http[:]//103[.]80[.]57[.]126[:]57047/i,offline
"exe,opendir",http[:]//168[.]222[.]254[.]23[:]889/loco_win[.]exe,offline
"opendir,ps1",http[:]//168[.]222[.]254[.]23[:]889/loco[.]ps1,offline
"elf,mirai,opendir,ua-wget",http[:]//168[.]222[.]254[.]23[:]889/vegeta777,offline
opendir,http[:]//168[.]222[.]254[.]23[:]889/[.]bash_history,offline
"elf,gafgyt,opendir,ua-wget",http[:]//168[.]222[.]254[.]23[:]889/vegeta888,offline
"opendir,sh,ua-wget",http[:]//168[.]222[.]254[.]23[:]889/clean[.]sh,offline
"32-bit,arm,elf,mirai,Mozi",http[:]//103[.]80[.]57[.]126[:]57047/bin[.]sh,offline
"32-bit,elf,mips,Mozi",http[:]//37[.]52[.]132[.]186[:]43314/bin[.]sh,offline
"CoinMiner,elf,ua-wget",http[:]//46[.]8[.]228[.]191/nuts/poop,offline
"CoinMiner,sh,ua-wget",http[:]//46[.]8[.]228[.]191/nuts/bolts,offline
"32-bit,elf,mips,Mozi",http[:]//42[.]224[.]174[.]102[:]33440/bin[.]sh,offline
"rat,RemcosRAT,stego",https[:]//taskerempresascol[.]co/MSI[.]png,offline
mirai,http[:]//105[.]184[.]31[.]171[:]41073/bin[.]sh,offline
"32-bit,arm,elf,mirai,Mozi",http[:]//117[.]131[.]92[.]150[:]59473/i,offline
"d52f85,dropped-by-amadey",http[:]//62[.]60[.]226[.]140/files/1372270670/R0DFXXB[.]exe,offline
".jar malware,hypixel,minecraft,trojan",https[:]//odinclient[.]dev/api/download,offline
,http[:]//180[.]93[.]111[.]142/AGbot[.]x86_64,offline
,http[:]//180[.]93[.]111[.]142/AGbot[.]armv6l,offline
,http[:]//180[.]93[.]111[.]142/AGbot[.]mips,offline
mirai,http[:]//180[.]93[.]111[.]142/all[.]sh,online
,http[:]//180[.]93[.]111[.]142/AGbot[.]armv7l,offline
,http[:]//180[.]93[.]111[.]142/AGbot[.]i686,offline
,http[:]//180[.]93[.]111[.]142/AGbot[.]i486,offline
,http[:]//180[.]93[.]111[.]142/AGbot[.]armv4l,offline
,http[:]//180[.]93[.]111[.]142/AGbot[.]i586,offline
,http[:]//180[.]93[.]111[.]142/AGbot[.]powerpc,offline
,http[:]//180[.]93[.]111[.]142/AGbot[.]mipsel,offline
,http[:]//180[.]93[.]111[.]142/AGbot[.]armv5l,offline
,http[:]//113[.]239[.]211[.]197[:]60107/i,offline
"32-bit,arm,elf,mirai,Mozi",http[:]//110[.]138[.]3[.]140[:]53454/i,offline
"c2-monitor-auto,dropped-by-amadey,Vidar",http[:]//91[.]92[.]242[.]236/files-129312398/files/file_3357265371188090[.]exe,offline
"32-bit,elf,mips,Mozi",http[:]//125[.]42[.]14[.]164[:]53770/i,offline
"32-bit,elf,mips,Mozi",http[:]//61[.]53[.]122[.]56[:]42123/i,offline
"32-bit,arm,elf,mirai,Mozi",http[:]//185[.]39[.]181[.]103[:]50375/i,offline
"32-bit,arm,elf,mirai,Mozi",http[:]//45[.]171[.]177[.]193[:]36258/bin[.]sh,offline
,https[:]//dreemix[.]com/daemonx,offline
mirai,http[:]//118[.]145[.]196[.]225[:]800/i686,offline
,http[:]//8[.]134[.]166[.]209[:]8084/slt,offline
mirai,http[:]//104[.]168[.]4[.]206/mass,online
mirai,http[:]//118[.]145[.]196[.]225[:]800/i586,offline
"32-bit,elf,mips,Mozi",http[:]//61[.]53[.]122[.]56[:]42123/bin[.]sh,offline
"32-bit,elf,mips,Mozi",http[:]//113[.]237[.]108[.]77[:]48836/i,offline
"jbt,malware-download,web",http[:]//94[.]249[.]230[.]216/rondo[.]jbt,offline
"malware-download,web",http[:]//94[.]249[.]230[.]216/rondo,offline
"dropped-by-Phorpiex,phorpiex",http[:]//178[.]16[.]54[.]109/spmm[.]exe,online
stego,https[:]//munihuacho[.]gob[.]pe/documentos/newMSI_PRO[.]png,offline
stego,https[:]//munihuacho[.]gob[.]pe/documentos/niceimg_092217[.]png,offline
Mozi,http[:]//182[.]126[.]84[.]3[:]60500/i,offline
"32-bit,elf,mips,Mozi",http[:]//115[.]49[.]73[.]224[:]59218/bin[.]sh,offline
Mozi,http[:]//182[.]126[.]84[.]3[:]60500/bin[.]sh,offline
"BoratRAT,rat",http[:]//out-agent[.]duckdns[.]org[:]49094/bp[.]txt,offline
"32-bit,elf,mips,Mozi",http[:]//125[.]41[.]211[.]58[:]48188/i,offline
,http[:]//220[.]192[.]250[.]202[:]38666/i,offline
"32-bit,elf,mips,Mozi",http[:]//39[.]86[.]115[.]129[:]43919/bin[.]sh,offline
"32-bit,elf,mips,Mozi",http[:]//42[.]53[.]25[.]46[:]44115/bin[.]sh,offline
mirai,http[:]//104[.]168[.]4[.]206/kkk[.]arm5k,online
mirai,http[:]//104[.]168[.]4[.]206/kkk[.]arm4k,online
mirai,http[:]//104[.]168[.]4[.]206/chromek,online
mirai,http[:]//104[.]168[.]4[.]206/giggappck,online
mirai,http[:]//104[.]168[.]4[.]206/dipsk,online
mirai,http[:]//104[.]168[.]4[.]206/arch[.]figga,online
mirai,http[:]//104[.]168[.]4[.]206/kkk[.]arm6k,online
mirai,http[:]//104[.]168[.]4[.]206/i686[.]doom,online
"c2-monitor-auto,dropped-by-amadey,Stealc",http[:]//91[.]92[.]242[.]236/files-129312398/files/file_785424af55f8958c[.]exe,offline
Mozi,http[:]//115[.]55[.]221[.]28[:]43660/i,offline
"dropped-by-Phorpiex,Phorphiex",http[:]//178[.]16[.]54[.]109/main[.]exe,offline
"dropped-by-Phorpiex,Phorphiex",http[:]//178[.]16[.]54[.]109/nm[.]exe,online
"dropped-by-Phorpiex,Phorphiex",http[:]//178[.]16[.]54[.]109/spm[.]exe,online
,http[:]//220[.]192[.]250[.]202[:]38666/bin[.]sh,offline
"dropped-by-Phorpiex,Phorphiex",http[:]//178[.]16[.]54[.]109/c[.]exe,offline
"dropped-by-Phorpiex,phorpiex",http[:]//178[.]16[.]54[.]109/ot[.]exe,online
"dropped-by-Phorpiex,Phorphiex",http[:]//178[.]16[.]54[.]109/nmm[.]exe,offline
"32-bit,arm,elf,mirai,Mozi",http[:]//222[.]246[.]41[.]226[:]44313/i,offline
"32-bit,elf,mips,Mozi",http[:]//222[.]141[.]117[.]155[:]41936/bin[.]sh,offline
mirai,http[:]//105[.]186[.]83[.]56[:]41911/i,offline
,http[:]//112[.]239[.]122[.]120[:]56039/i,offline
mirai,http[:]//183[.]158[.]162[.]161[:]47195/i,offline
mirai,http[:]//113[.]221[.]47[.]202[:]40057/bin[.]sh,offline
,http[:]//58[.]255[.]40[.]142[:]44835/bin[.]sh,offline
mirai,http[:]//122[.]99[.]60[.]138[:]56774/i,offline
mirai,http[:]//103[.]28[.]35[.]195/x86_64,offline
mirai,http[:]//58[.]22[.]18[.]152[:]33899/Mozi[.]m,offline
,http[:]//115[.]49[.]73[.]224[:]59218/i,offline
,http[:]//42[.]85[.]203[.]26[:]39846/i,offline
,http[:]//175[.]175[.]22[.]43[:]45156/i,offline
mirai,http[:]//183[.]150[.]141[.]1[:]57127/bin[.]sh,offline
,http[:]//77[.]39[.]107[.]229[:]31816/bin[.]sh,offline
,http[:]//123[.]14[.]123[.]154[:]33340/bin[.]sh,offline
,http[:]//42[.]52[.]200[.]244[:]35103/i,offline
mirai,http[:]//119[.]116[.]121[.]152[:]35357/i,offline
mirai,http[:]//45[.]171[.]177[.]193[:]36258/i,offline
,http[:]//220[.]192[.]240[.]230[:]47099/bin[.]sh,offline
mirai,http[:]//167[.]250[.]158[.]32[:]46664/i,offline
mirai,http[:]//222[.]246[.]42[.]116[:]33992/bin[.]sh,offline
Mozi,http[:]//115[.]58[.]80[.]45[:]58927/bin[.]sh,offline
,http[:]//60[.]22[.]28[.]34[:]57366/i,offline
Mozi,http[:]//42[.]228[.]239[.]154[:]34448/i,offline
Mozi,http[:]//45[.]194[.]25[.]221[:]48483/bin[.]sh,offline
,http[:]//103[.]18[.]13[.]107[:]44599/bin[.]sh,offline
,http[:]//108[.]170[.]136[.]155[:]44910/i,offline
mirai,http[:]//122[.]99[.]60[.]138[:]56774/bin[.]sh,offline
,http[:]//85[.]15[.]119[.]255[:]37936/bin[.]sh,offline
,http[:]//42[.]180[.]152[.]31[:]56247/bin[.]sh,offline
Mozi,http[:]//115[.]49[.]228[.]172[:]50146/i,offline
mirai,http[:]//180[.]191[.]22[.]170[:]52866/bin[.]sh,offline
,http[:]//117[.]146[.]92[.]46[:]59281/i,offline
Mozi,http[:]//115[.]52[.]111[.]131[:]47075/i,offline
Mozi,http[:]//182[.]119[.]250[.]57[:]49635/bin[.]sh,offline
mirai,http[:]//180[.]191[.]34[.]236[:]57057/bin[.]sh,offline
Mozi,http[:]//45[.]194[.]25[.]221[:]48483/i,offline
,http[:]//219[.]157[.]16[.]109[:]59560/i,offline
Mozi,http[:]//125[.]45[.]9[.]243[:]58985/bin[.]sh,offline
Mozi,http[:]//221[.]15[.]190[.]37[:]39478/i,offline
mirai,http[:]//124[.]234[.]200[.]151[:]54858/i,offline
,http[:]//175[.]173[.]81[.]57[:]42157/i,offline
Mozi,http[:]//222[.]138[.]213[.]176[:]34984/i,offline
Mozi,http[:]//115[.]48[.]40[.]92[:]49547/i,offline
,http[:]//163[.]142[.]94[.]124[:]50458/i,offline
Mozi,http[:]//115[.]57[.]69[.]54[:]54406/bin[.]sh,offline
,http[:]//115[.]49[.]202[.]131[:]50297/i,offline
Mozi,http[:]//115[.]57[.]69[.]54[:]54406/i,offline
mirai,http[:]//176[.]65[.]139[.]206/bins/x86_64,offline
mirai,http[:]//183[.]158[.]162[.]161[:]47195/bin[.]sh,offline
Mozi,http[:]//115[.]48[.]40[.]92[:]49547/bin[.]sh,offline
mirai,http[:]//182[.]123[.]91[.]68[:]60059/i,offline
mirai,http[:]//180[.]191[.]22[.]170[:]52866/i,offline
Mozi,http[:]//112[.]240[.]165[.]27[:]60898/bin[.]sh,offline
mirai,http[:]//123[.]8[.]80[.]73[:]57686/bin[.]sh,offline
Mozi,http[:]//222[.]137[.]208[.]37[:]35853/i,offline
mirai,http[:]//210[.]208[.]111[.]74[:]59088/i,offline
mirai,http[:]//103[.]44[.]137[.]13[:]40064/bin[.]sh,offline
Mozi,http[:]//125[.]47[.]249[.]24[:]50285/i,offline
,http[:]//27[.]44[.]145[.]189[:]50864/i,offline
Mozi,http[:]//219[.]155[.]204[.]136[:]50484/bin[.]sh,offline
Mozi,http[:]//115[.]55[.]207[.]5[:]48069/i,offline
,http[:]//42[.]5[.]16[.]145[:]34929/bin[.]sh,offline
Mozi,http[:]//43[.]252[.]159[.]78[:]60961/i,offline
,http[:]//119[.]116[.]93[.]73[:]48737/i,offline
Mozi,http[:]//42[.]224[.]115[.]189[:]57237/i,offline
Mozi,http[:]//222[.]134[.]173[.]235[:]41659/bin[.]sh,offline
Mozi,http[:]//182[.]119[.]191[.]143[:]41594/i,offline
,http[:]//115[.]49[.]202[.]131[:]50297/bin[.]sh,offline
mirai,http[:]//124[.]66[.]99[.]102[:]55875/i,offline
,http[:]//175[.]151[.]123[.]5[:]60738/i,offline
,http[:]//202[.]110[.]2[.]191[:]50033/i,offline
mirai,http[:]//210[.]208[.]116[.]107[:]34736/bin[.]sh,offline
,http[:]//116[.]139[.]32[.]60[:]57947/i,offline
Mozi,http[:]//125[.]45[.]9[.]243[:]58985/i,offline
,http[:]//77[.]39[.]107[.]229[:]31816/i,offline
Mozi,http[:]//42[.]224[.]115[.]189[:]57237/bin[.]sh,offline
,http[:]//119[.]116[.]93[.]73[:]48737/bin[.]sh,offline
Mozi,http[:]//221[.]15[.]190[.]100[:]57151/i,offline
mirai,http[:]//113[.]221[.]47[.]202[:]40057/i,offline
Mozi,http[:]//182[.]127[.]113[.]69[:]57854/i,offline
Mozi,http[:]//182[.]119[.]68[.]47[:]43814/i,offline
,http[:]//45[.]232[.]72[.]245[:]57091/i,offline
Mozi,http[:]//123[.]13[.]27[.]188[:]58344/bin[.]sh,offline
mirai,http[:]//183[.]153[.]114[.]172[:]58343/i,offline
Mozi,http[:]//115[.]55[.]253[.]18[:]51853/bin[.]sh,offline
,http[:]//188[.]234[.]93[.]168[:]42722/i,offline
,http[:]//42[.]225[.]200[.]135[:]46893/bin[.]sh,offline
Mozi,http[:]//27[.]215[.]80[.]198[:]58347/i,offline
,http[:]//120[.]84[.]213[.]157[:]35378/bin[.]sh,offline
,http[:]//42[.]53[.]25[.]46[:]44115/i,offline
Mozi,http[:]//125[.]40[.]74[.]144[:]60027/i,offline
Mozi,http[:]//182[.]119[.]250[.]57[:]49635/i,offline
mirai,http[:]//105[.]186[.]112[.]68[:]48101/i,offline
,http[:]//175[.]151[.]123[.]5[:]60738/bin[.]sh,offline
Mozi,http[:]//61[.]53[.]120[.]105[:]45884/bin[.]sh,offline
,http[:]//83[.]241[.]231[.]18[:]33593/i,offline
,http[:]//103[.]31[.]103[.]204[:]41474/bin[.]sh,offline
,http[:]//39[.]86[.]115[.]129[:]43919/i,offline
Mozi,http[:]//219[.]157[.]63[.]126[:]54018/bin[.]sh,offline
,http[:]//108[.]168[.]0[.]60[:]43228/bin[.]sh,offline
mirai,http[:]//210[.]208[.]110[.]4[:]43380/bin[.]sh,offline
mirai,http[:]//125[.]106[.]109[.]205[:]53911/bin[.]sh,offline
,http[:]//108[.]168[.]0[.]60[:]43228/i,offline
Mozi,http[:]//115[.]49[.]228[.]172[:]50146/bin[.]sh,offline
Mozi,http[:]//103[.]164[.]128[.]184[:]47430/i,offline
,http[:]//188[.]129[.]184[.]210[:]40019/i,offline
Mozi,http[:]//221[.]15[.]190[.]100[:]57151/bin[.]sh,offline
Mozi,http[:]//42[.]226[.]79[.]45[:]41444/i,offline
Mozi,http[:]//222[.]134[.]172[.]157[:]35193/bin[.]sh,offline
,http[:]//46[.]236[.]65[.]145[:]52584/bin[.]sh,offline
mirai,http[:]//185[.]9[.]139[.]117[:]58178/i,offline
,http[:]//175[.]166[.]4[.]43[:]41537/bin[.]sh,offline
Mozi,http[:]//115[.]55[.]253[.]18[:]51853/i,offline
,http[:]//123[.]189[.]134[.]98[:]40664/i,offline
mirai,http[:]//183[.]150[.]141[.]1[:]57127/i,offline
,http[:]//175[.]166[.]4[.]43[:]41537/i,offline
,http[:]//125[.]41[.]7[.]153[:]37461/i,offline
Mozi,http[:]//219[.]155[.]204[.]136[:]50484/i,offline
,http[:]//60[.]23[.]235[.]118[:]52127/i,offline
,http[:]//120[.]84[.]214[.]205[:]39378/bin[.]sh,offline
mirai,http[:]//210[.]208[.]111[.]74[:]59088/bin[.]sh,offline
Mozi,http[:]//39[.]87[.]50[.]123[:]44919/i,offline
,http[:]//113[.]236[.]147[.]89[:]44416/bin[.]sh,offline
,http[:]//113[.]236[.]147[.]89[:]44416/i,offline
,http[:]//42[.]5[.]16[.]145[:]34929/i,offline
Mozi,http[:]//115[.]55[.]207[.]5[:]48069/bin[.]sh,offline
Mozi,http[:]//42[.]232[.]229[.]148[:]41075/i,offline
mirai,http[:]//110[.]136[.]99[.]36[:]46081/i,offline
,http[:]//125[.]41[.]7[.]153[:]37461/bin[.]sh,offline
Mozi,http[:]//182[.]119[.]191[.]143[:]41594/bin[.]sh,offline
mirai,http[:]//125[.]106[.]109[.]205[:]53911/i,offline
Mozi,http[:]//61[.]53[.]120[.]105[:]45884/i,offline
,http[:]//178[.]176[.]107[.]122[:]56618/i,offline
Mozi,http[:]//125[.]47[.]249[.]24[:]50285/bin[.]sh,offline
Mozi,http[:]//42[.]226[.]79[.]45[:]41444/bin[.]sh,offline
,http[:]//108[.]170[.]136[.]155[:]44910/bin[.]sh,offline
,http[:]//103[.]31[.]103[.]204[:]41474/i,offline
Mozi,http[:]//125[.]40[.]74[.]144[:]60027/bin[.]sh,offline
mirai,http[:]//27[.]218[.]236[.]119[:]47733/bin[.]sh,offline
mirai,http[:]//210[.]208[.]110[.]4[:]43380/i,offline
mirai,http[:]//103[.]44[.]137[.]13[:]40064/i,offline
mirai,http[:]//42[.]233[.]210[.]159[:]59519/bin[.]sh,offline
Mozi,http[:]//182[.]122[.]232[.]225[:]45123/bin[.]sh,offline
mirai,http[:]//124[.]235[.]130[.]21[:]59252/i,offline
Mozi,http[:]//61[.]54[.]167[.]178[:]52114/bin[.]sh,offline
,http[:]//42[.]225[.]200[.]135[:]46893/i,offline
mirai,http[:]//185[.]9[.]139[.]117[:]58178/bin[.]sh,offline
,http[:]//46[.]236[.]65[.]145[:]52584/i,offline
,http[:]//38[.]52[.]142[.]194[:]52060/i,offline
"32-bit,elf,mips,Mozi",http[:]//182[.]116[.]112[.]64[:]57996/bin[.]sh,offline
"32-bit,elf,mips,Mozi",http[:]//96[.]245[.]232[.]154[:]44492/i,offline
mirai,http[:]//115[.]51[.]180[.]51[:]37431/i,offline
"32-bit,elf,mips,Mozi",http[:]//42[.]224[.]4[.]46[:]45846/i,offline
mirai,http[:]//115[.]51[.]180[.]51[:]37431/bin[.]sh,offline
"elf,ua-wget",http[:]//43[.]228[.]157[.]130/main_mips,offline
"elf,ua-wget",http[:]//43[.]228[.]157[.]130/main_i486,offline
"elf,ua-wget",http[:]//43[.]228[.]157[.]130/main_m68k,offline
"elf,ua-wget",http[:]//43[.]228[.]157[.]130/main_mpsl,offline
"elf,ua-wget",http[:]//43[.]228[.]157[.]130/main_arm6,offline
"elf,ua-wget",http[:]//43[.]228[.]157[.]130/main_x86,offline
"elf,ua-wget",http[:]//43[.]228[.]157[.]130/main_arm,offline
"elf,ua-wget",http[:]//43[.]228[.]157[.]130/main_aarch64,offline
"elf,ua-wget",http[:]//43[.]228[.]157[.]130/main_i686,offline
"elf,ua-wget",http[:]//43[.]228[.]157[.]130/main_mips64,offline
"elf,ua-wget",http[:]//43[.]228[.]157[.]130/main_arm5,offline
"elf,ua-wget",http[:]//43[.]228[.]157[.]130/main_sh4,offline
"elf,ua-wget",http[:]//43[.]228[.]157[.]130/main_arm7,offline
"elf,ua-wget",http[:]//43[.]228[.]157[.]130/main_ppc,offline
Mozi,http[:]//222[.]137[.]132[.]141[:]37017/i,offline
"32-bit,arm,elf,mirai,Mozi",http[:]//42[.]177[.]122[.]244[:]34345/i,offline
"32-bit,elf,mips,Mozi",http[:]//113[.]231[.]219[.]14[:]48431/i,offline
"PureLogsStealer,stego",https[:]//res[.]cloudinary[.]com/dqeusemd/image/upload/v1788331463/img_084254[.]jpg,offline
"PureLogsStealer,stego",https[:]//lively-fog-af49[.]pablosoftwareplus[.]workers[.]dev/odOdv,offline
Mozi,http[:]//125[.]47[.]218[.]93[:]33294/bin[.]sh,offline
"32-bit,elf,mips,Mozi",http[:]//182[.]118[.]244[.]54[:]49806/i,offline
"32-bit,elf,mips,Mozi",http[:]//42[.]224[.]4[.]46[:]45846/bin[.]sh,offline
"9d2ca3,dropped-by-amadey,RemcosRAT",http[:]//91[.]92[.]242[.]236/files-129312398/files/file_14ff2f15194a832e[.]exe,offline
"32-bit,elf,mips,Mozi",http[:]//182[.]126[.]116[.]9[:]40413/bin[.]sh,offline
"32-bit,arm,elf,mirai,Mozi",http[:]//42[.]177[.]122[.]244[:]34345/bin[.]sh,offline
"exe,PureLogsStealer",https[:]//theservice4u[.]com/install/sarafina[.]exe,offline
"ascii,AsyncRAT,BoratRAT,powershell,ps1,rat",http[:]//out-agent[.]duckdns[.]org[:]49094/client[.]ps1,offline
"32-bit,arm,elf,mirai,Mozi",http[:]//105[.]187[.]26[.]237[:]37077/i,offline
"32-bit,elf,mips,Mozi",http[:]//123[.]12[.]158[.]240[:]43156/i,offline
"32-bit,elf,mips,Mozi",http[:]//175[.]146[.]156[.]32[:]52728/i,offline
"32-bit,elf,mips,Mozi",http[:]//123[.]12[.]158[.]240[:]43156/bin[.]sh,offline
"32-bit,arm,elf,mirai,Mozi",http[:]//105[.]187[.]26[.]237[:]37077/bin[.]sh,offline
Mozi,http[:]//125[.]47[.]218[.]93[:]33294/i,offline
Mozi,http[:]//115[.]62[.]185[.]99[:]41114/i,offline
Mozi,http[:]//115[.]62[.]185[.]99[:]41114/bin[.]sh,offline
"32-bit,elf,mips,Mozi",http[:]//42[.]234[.]119[.]117[:]33571/i,offline
"32-bit,elf,mips,Mozi",http[:]//182[.]127[.]165[.]77[:]43661/i,offline
"32-bit,elf,mips,Mozi",http[:]//175[.]146[.]156[.]32[:]52728/bin[.]sh,offline
"32-bit,elf,mips,Mozi",http[:]//115[.]48[.]138[.]178[:]58694/i,offline
"32-bit,elf,mips,Mozi",http[:]//182[.]127[.]165[.]77[:]43661/bin[.]sh,offline
"32-bit,elf,mips,Mozi",http[:]//45[.]194[.]88[.]27[:]37081/i,offline
"32-bit,elf,mips,Mozi",http[:]//115[.]48[.]138[.]178[:]58694/bin[.]sh,offline
"32-bit,elf,mips,Mozi",http[:]//119[.]116[.]141[.]41[:]39074/bin[.]sh,offline
"elf,iot,mirai",http[:]//130[.]12[.]46[.]45[:]8234/s1[.]armv7l,offline
"elf,mirai,ua-wget",http[:]//160[.]250[.]181[.]124/iran[.]armv4l,offline
"elf,mirai,ua-wget",http[:]//160[.]250[.]181[.]124/iran[.]armv6l,offline
"elf,mirai,ua-wget",http[:]//160[.]250[.]181[.]124/iran[.]armv7l,offline
"32-bit,arm,elf,mirai,Mozi",http[:]//105[.]186[.]146[.]124[:]45849/i,offline
"elf,mirai,ua-wget",http[:]//160[.]250[.]181[.]124/iran[.]m68k,offline
ClickFix,https[:]//verification-process[.]com/psdllll,offline
"elf,mirai,ua-wget",http[:]//160[.]250[.]181[.]124/iran[.]i486,offline
"elf,mirai,ua-wget",http[:]//160[.]250[.]181[.]124/iran[.]mips,offline
"elf,mirai,ua-wget",http[:]//160[.]250[.]181[.]124/iran[.]arc,offline
"elf,mirai,ua-wget",http[:]//160[.]250[.]181[.]124/iran[.]x86_64,offline
"elf,mirai,ua-wget",http[:]//160[.]250[.]181[.]124/iran[.]aarch64,offline
"elf,mirai,ua-wget",http[:]//160[.]250[.]181[.]124/iran[.]armv5l,offline
"elf,mirai,ua-wget",http[:]//160[.]250[.]181[.]124/iran[.]sparc,offline
"elf,mirai,ua-wget",http[:]//160[.]250[.]181[.]124/iran[.]mipsel,offline
"elf,mirai,ua-wget",http[:]//160[.]250[.]181[.]124/iran[.]sh4,offline
"c2-monitor-auto,dropped-by-amadey,Vidar",http[:]//91[.]92[.]242[.]236/files-129312398/files/file_8eb65d0dcf9d4880[.]exe,online
"elf,mirai,ua-wget",http[:]//160[.]250[.]181[.]124/iran[.]powerpc,offline
"elf,iot",http[:]//103[.]28[.]35[.]195/cat[.]sh,offline
"c2-monitor-auto,dropped-by-amadey",http[:]//91[.]92[.]242[.]236/files-129312398/files/file_ca3e6bba79929490[.]exe,offline
"c2-monitor-auto,dropped-by-amadey",http[:]//91[.]92[.]242[.]236/files-129312398/files/file_30391bd0ced7aa24[.]exe,online
"ClickFix,FakeCaptcha,FakeCloudflare,Loader,powershell,zip",https[:]//benotrobot[.]online/get_verify?i=5696&a=test&b=False,offline
"c2-monitor-auto,dropped-by-amadey",http[:]//91[.]92[.]242[.]236/files-129312398/files/file_99ca2fbc6ab75394[.]exe,offline
"c2-monitor-auto,dropped-by-amadey",http[:]//91[.]92[.]242[.]236/files-129312398/files/file_c6efa638173b6442[.]exe,offline
"adb,malware-download,mirai,shell-script",http[:]//160[.]250[.]181[.]124/cat[.]sh,offline
"ascii,ClickFix,powershell,ps1",https[:]//raw[.]githubusercontent[.]com/snowplow-byte/ceramics/refs/heads/main/rubdown,offline
"ascii,ClickFix,powershell,ps1,Spambot.Kelihos",https[:]//raw[.]githubusercontent[.]com/snowplow-byte/coronawins/refs/heads/main/ladywin,offline
"ascii,ClickFix,powershell,ps1",https[:]//raw[.]githubusercontent[.]com/snowplow-byte/implicate/refs/heads/main/lilac,offline
"ascii,ClickFix,powershell,ps1",https[:]//raw[.]githubusercontent[.]com/snowplow-byte/elective/refs/heads/main/unwieldy,offline
"ascii,ClickFix,powershell,ps1",https[:]//raw[.]githubusercontent[.]com/snowplow-byte/washroom/refs/heads/main/remnant,offline
"32-bit,arm,elf,mirai,Mozi",http[:]//105[.]186[.]146[.]124[:]45849/bin[.]sh,offline
"32-bit,elf,mips,Mozi",http[:]//115[.]60[.]253[.]104[:]42814/bin[.]sh,offline
"32-bit,elf,mips,Mozi",http[:]//175[.]150[.]74[.]114[:]60411/i,offline
"32-bit,elf,mips,Mozi",http[:]//175[.]150[.]74[.]114[:]60411/bin[.]sh,offline
"32-bit,elf,mips,Mozi",http[:]//120[.]84[.]212[.]75[:]39974/bin[.]sh,offline
"32-bit,elf,mips,Mozi",http[:]//115[.]99[.]192[.]255[:]51244/i,offline
"32-bit,elf,mips,Mozi",http[:]//175[.]149[.]67[.]64[:]36715/i,offline
"32-bit,arm,elf,mirai,Mozi",http[:]//210[.]208[.]110[.]221[:]40213/i,offline
"32-bit,elf,mips,Mozi",http[:]//182[.]117[.]107[.]119[:]60480/i,offline
Mozi,http[:]//115[.]57[.]254[.]136[:]42278/i,offline
mirai,http[:]//196[.]189[.]198[.]173[:]54690/i,offline
"32-bit,elf,mips,Mozi",http[:]//115[.]99[.]192[.]255[:]51244/bin[.]sh,offline
"32-bit,elf,mips,Mozi",http[:]//175[.]149[.]67[.]64[:]36715/bin[.]sh,offline
"32-bit,elf,mips,Mozi",http[:]//182[.]117[.]107[.]119[:]60480/bin[.]sh,offline
"32-bit,arm,elf,mirai,Mozi",http[:]//210[.]208[.]110[.]221[:]40213/bin[.]sh,offline
"32-bit,elf,mips,Mozi",http[:]//221[.]203[.]86[.]144[:]41208/i,offline
"32-bit,elf,mips,Mozi",http[:]//42[.]225[.]230[.]137[:]40226/i,offline
Mozi,http[:]//39[.]79[.]47[.]37[:]48491/i,offline
Mozi,http[:]//39[.]79[.]47[.]37[:]48491/bin[.]sh,offline
"32-bit,elf,mips,Mozi",http[:]//42[.]225[.]230[.]137[:]40226/bin[.]sh,offline
"32-bit,elf,mips,Mozi",http[:]//115[.]60[.]221[.]175[:]41921/i,offline
"32-bit,elf,mips,Mozi",http[:]//115[.]60[.]221[.]175[:]41921/bin[.]sh,offline
Mozi,http[:]//42[.]231[.]70[.]134[:]33566/bin[.]sh,offline
Mozi,http[:]//42[.]231[.]70[.]134[:]33566/i,offline
"32-bit,elf,mips,Mozi",http[:]//219[.]155[.]104[.]50[:]48910/i,offline
"32-bit,elf,mips,Mozi",http[:]//219[.]155[.]104[.]50[:]48910/bin[.]sh,offline
"32-bit,arm,elf,mirai,Mozi",http[:]//105[.]225[.]86[.]238[:]41431/i,offline
mirai,http[:]//105[.]186[.]165[.]243[:]34131/i,offline
"32-bit,elf,mips,Mozi",http[:]//115[.]59[.]37[.]238[:]56506/bin[.]sh,offline
"32-bit,arm,elf,mirai,Mozi",http[:]//105[.]225[.]86[.]238[:]41431/bin[.]sh,offline
"32-bit,elf,mips,Mozi",http[:]//222[.]113[.]196[.]55[:]39794/bin[.]sh,offline
"32-bit,elf,mips,Mozi",http[:]//115[.]55[.]190[.]64[:]35735/i,offline
"32-bit,elf,mips,Mozi",http[:]//115[.]55[.]190[.]64[:]35735/bin[.]sh,offline
"32-bit,elf,mips,Mozi",http[:]//182[.]122[.]232[.]225[:]45123/i,offline
mirai,http[:]//210[.]208[.]110[.]147[:]49159/bin[.]sh,offline
"32-bit,elf,mips,Mozi",http[:]//182[.]126[.]113[.]144[:]33201/i,offline
"32-bit,arm,elf,mirai,Mozi",http[:]//120[.]28[.]199[.]24[:]36535/i,offline
"32-bit,elf,mips,Mozi",http[:]//60[.]22[.]29[.]230[:]41723/i,offline
Mozi,http[:]//39[.]74[.]18[.]45[:]57987/i,offline
"32-bit,elf,mips,Mozi",http[:]//222[.]141[.]117[.]155[:]41936/i,offline
"32-bit,elf,mips,Mozi",http[:]//42[.]228[.]124[.]66[:]38416/i,offline
"32-bit,arm,elf,mirai,Mozi",http[:]//105[.]184[.]68[.]41[:]40227/i,offline
"32-bit,arm,elf,mirai,Mozi",http[:]//105[.]184[.]68[.]41[:]40227/bin[.]sh,offline
"32-bit,arm,elf,mirai,Mozi",http[:]//105[.]184[.]239[.]231[:]44767/i,offline
mirai,http[:]//60[.]215[.]197[.]174[:]38401/i,offline
mirai,http[:]//196[.]188[.]135[.]20[:]46139/i,offline
"32-bit,elf,mips,Mozi",http[:]//42[.]228[.]124[.]66[:]38416/bin[.]sh,offline
Mozi,http[:]//182[.]126[.]116[.]9[:]40413/i,offline
Mozi,http[:]//219[.]157[.]63[.]126[:]54018/i,offline
"32-bit,elf,mips,Mozi",http[:]//112[.]248[.]184[.]44[:]32848/bin[.]sh,offline
"54e64e,dropped-by-amadey",http[:]//91[.]92[.]242[.]236/files-129312398/files/file_018d7b156998810c[.]exe,online
"32-bit,arm,elf,mirai,Mozi",http[:]//120[.]28[.]189[.]248[:]42675/i,offline
"32-bit,arm,elf,mirai,Mozi",http[:]//105[.]184[.]239[.]231[:]44767/bin[.]sh,offline
"54e64e,dropped-by-amadey",http[:]//91[.]92[.]242[.]236/files-129312398/files/file_97731072ae19a660[.]exe,offline
"32-bit,elf,mips,Mozi",http[:]//219[.]155[.]200[.]86[:]54365/i,offline
"32-bit,elf,mips,Mozi",http[:]//219[.]155[.]200[.]86[:]54365/bin[.]sh,offline
"32-bit,arm,elf,mirai,Mozi",http[:]//125[.]43[.]8[.]244[:]34827/i,offline
"32-bit,elf,mips,Mozi",http[:]//115[.]50[.]21[.]177[:]55998/bin[.]sh,offline
"32-bit,elf,mips,Mozi",http[:]//123[.]13[.]27[.]188[:]58344/i,offline
"32-bit,elf,mips,Mozi",http[:]//219[.]157[.]16[.]109[:]59560/bin[.]sh,offline
"32-bit,arm,elf,mirai,Mozi",http[:]//196[.]190[.]10[.]252[:]52578/i,offline
"32-bit,arm,elf,mirai,Mozi",http[:]//123[.]8[.]80[.]73[:]57686/i,offline
"32-bit,elf,mips,Mozi",http[:]//27[.]44[.]147[.]176[:]51284/i,offline
"32-bit,elf,mips,Mozi",http[:]//112[.]248[.]184[.]44[:]32848/i,offline
"32-bit,elf,mips,Mozi",http[:]//115[.]59[.]37[.]238[:]56506/i,offline
"32-bit,elf,mips,Mozi",http[:]//42[.]233[.]91[.]171[:]56278/i,offline
"32-bit,arm,elf,mirai,Mozi",http[:]//105[.]224[.]39[.]134[:]50787/i,offline
"32-bit,arm,elf,mirai,Mozi",http[:]//105[.]224[.]39[.]134[:]50787/bin[.]sh,offline
"32-bit,elf,mips,Mozi",http[:]//42[.]178[.]153[.]144[:]51307/bin[.]sh,offline
"32-bit,elf,mips,Mozi",http[:]//146[.]66[.]248[.]182[:]48109/i,offline
"32-bit,elf,mips,Mozi",http[:]//123[.]14[.]123[.]154[:]33340/i,offline
"32-bit,elf,mips,Mozi",http[:]//61[.]54[.]167[.]178[:]52114/i,offline
"32-bit,elf,mips,Mozi",http[:]//146[.]66[.]248[.]182[:]48109/bin[.]sh,offline
"32-bit,elf,mips,Mozi",http[:]//103[.]18[.]13[.]107[:]44599/i,offline
"32-bit,elf,mips,Mozi",http[:]//115[.]55[.]235[.]183[:]35287/i,offline
"32-bit,arm,elf,mirai,Mozi",http[:]//95[.]56[.]232[.]109[:]45950/i,online
"32-bit,elf,mips,Mozi",http[:]//115[.]55[.]235[.]183[:]35287/bin[.]sh,offline
"32-bit,elf,mips,Mozi",http[:]//222[.]137[.]145[.]114[:]43346/bin[.]sh,offline
"32-bit,arm,elf,mirai,Mozi",http[:]//180[.]245[.]43[.]93[:]37596/i,offline
"32-bit,elf,mips,Mozi",http[:]//45[.]194[.]88[.]27[:]44517/i,offline
"32-bit,elf,mips,Mozi",http[:]//160[.]176[.]145[.]10[:]61000/i,offline
"32-bit,arm,elf,mirai,Mozi",http[:]//180[.]245[.]43[.]93[:]37596/bin[.]sh,offline
"31-42-176-91-5001,connectwise,exe,ua-wget",http[:]//31[.]42[.]176[.]91[:]5001/Bin/ScreenConnect[.]ClientSetup[.]exe,offline
"31-42-176-91-5001,connectwise,exe,ua-wget",http[:]//31[.]42[.]176[.]91[:]5001/bin/support[.]client[.]exe,offline
"32-bit,elf,mips,Mozi",http[:]//42[.]59[.]89[.]223[:]55257/i,offline
"32-bit,elf,mips,Mozi",http[:]//113[.]94[.]58[.]6[:]51014/i,offline
"32-bit,arm,elf,mirai,Mozi",http[:]//130[.]12[.]209[.]153[:]42397/bin[.]sh,offline
"141-98-11-207,elf,ua-wget",http[:]//141[.]98[.]11[.]207/dl/bot_linux_x86_32,offline
"141-98-11-207,elf,ua-wget",http[:]//141[.]98[.]11[.]207/dl/bot_linux_x86_64,offline
"32-bit,elf,mips,Mozi",http[:]//113[.]94[.]58[.]6[:]51014/bin[.]sh,offline
"32-bit,elf,mips,Mozi",http[:]//42[.]59[.]89[.]223[:]55257/bin[.]sh,offline
"150-241-100-243,exe,ua-wget",http[:]//150[.]241[.]100[.]243/185[.]exe,offline
"185-113-223-93,elf,mirai,ua-wget",http[:]//185[.]113[.]223[.]93/kushnet[.]x64-test,online
"185-113-223-93,elf,mirai,ua-wget",http[:]//185[.]113[.]223[.]93/kushnet[.]ppc,online
"185-113-223-93,elf,mirai,ua-wget",http[:]//185[.]113[.]223[.]93/kushnet[.]arm5,online
"185-113-223-93,elf,mirai,ua-wget",http[:]//185[.]113[.]223[.]93/kushnet[.]mips,online
"185-113-223-93,elf,mirai,ua-wget",http[:]//185[.]113[.]223[.]93/kushnet[.]x32,online
"185-113-223-93,elf,mirai,ua-wget",http[:]//185[.]113[.]223[.]93/kushnet[.]ppc440,online
"185-113-223-93,elf,mirai,ua-wget",http[:]//185[.]113[.]223[.]93/kushnet[.]arm6,online
"185-113-223-93,elf,mirai,ua-wget",http[:]//185[.]113[.]223[.]93/kushnet[.]arm4l,online
"185-113-223-93,elf,mirai,ua-wget",http[:]//185[.]113[.]223[.]93/kushnet[.]m68k,online
"185-113-223-93,elf,mirai,ua-wget",http[:]//185[.]113[.]223[.]93/kushnet[.]arm4tl,online
"185-113-223-93,elf,mirai,ua-wget",http[:]//185[.]113[.]223[.]93/kushnet[.]sh4,online
"185-113-223-93,elf,mirai,ua-wget",http[:]//185[.]113[.]223[.]93/kushnet[.]arm7,online
"185-113-223-93,elf,mirai,ua-wget",http[:]//185[.]113[.]223[.]93/kushnet[.]mipsel,online
"217-60-102-12,elf,ua-wget",http[:]//217[.]60[.]102[.]12/ntb[.]armv4,online
"botnetdomain,DDoSAgent,elf,ua-wget,www-93-152-221-234-plesk-page",http[:]//www[.]93-152-221-234[.]plesk[.]page/arm64,offline
"botnetdomain,sh,ua-wget,www-93-152-221-234-plesk-page",http[:]//www[.]93-152-221-234[.]plesk[.]page/run[.]sh,offline
"botnetdomain,DDoSAgent,elf,ua-wget,www-93-152-221-234-plesk-page",http[:]//www[.]93-152-221-234[.]plesk[.]page/x86,offline
"botnetdomain,DDoSAgent,elf,ua-wget,www-93-152-221-234-plesk-page",http[:]//www[.]93-152-221-234[.]plesk[.]page/mips,offline
"botnetdomain,DDoSAgent,elf,ua-wget,www-93-152-221-234-plesk-page",http[:]//www[.]93-152-221-234[.]plesk[.]page/mips64le,offline
"botnetdomain,elf,ua-wget,www-93-152-221-234-plesk-page",http[:]//www[.]93-152-221-234[.]plesk[.]page/aarch64,offline
"botnetdomain,DDoSAgent,elf,ua-wget,www-93-152-221-234-plesk-page",http[:]//www[.]93-152-221-234[.]plesk[.]page/ppc64,offline
"botnetdomain,DDoSAgent,elf,ua-wget,www-93-152-221-234-plesk-page",http[:]//www[.]93-152-221-234[.]plesk[.]page/armv6l,offline
"botnetdomain,DDoSAgent,elf,ua-wget,www-93-152-221-234-plesk-page",http[:]//www[.]93-152-221-234[.]plesk[.]page/i686,offline
"botnetdomain,DDoSAgent,elf,ua-wget,www-93-152-221-234-plesk-page",http[:]//www[.]93-152-221-234[.]plesk[.]page/x86_64,offline
"botnetdomain,elf,ua-wget,www-93-152-221-234-plesk-page",http[:]//www[.]93-152-221-234[.]plesk[.]page/armv7l,offline
"botnetdomain,elf,ua-wget,www-93-152-221-234-plesk-page",http[:]//www[.]93-152-221-234[.]plesk[.]page/armv5l,offline
"botnetdomain,DDoSAgent,elf,ua-wget,www-93-152-221-234-plesk-page",http[:]//www[.]93-152-221-234[.]plesk[.]page/mips64,offline
"botnetdomain,DDoSAgent,elf,ua-wget,www-93-152-221-234-plesk-page",http[:]//www[.]93-152-221-234[.]plesk[.]page/mipsel,offline
"botnetdomain,pingu-ltd,sh,ua-wget",http[:]//pingu[.]ltd/run[.]sh,offline
"botnetdomain,DDoSAgent,elf,ua-wget,www-93-152-221-234-plesk-page",http[:]//www[.]93-152-221-234[.]plesk[.]page/amd64,offline
"botnetdomain,DDoSAgent,elf,ua-wget,www-93-152-221-234-plesk-page",http[:]//www[.]93-152-221-234[.]plesk[.]page/ppc64le,offline
"botnetdomain,DDoSAgent,elf,pingu-ltd,ua-wget",http[:]//pingu[.]ltd/ppc64,offline
"botnetdomain,DDoSAgent,delii-icu,elf,ua-wget",http[:]//delii[.]icu/ppc64le,offline
"botnetdomain,DDoSAgent,elf,trusting-golick-93-152-221-234-plesk-page,ua-wget",http[:]//trusting-golick[.]93-152-221-234[.]plesk[.]page/i686,offline
"botnetdomain,elf,pingu-ltd,ua-wget",http[:]//pingu[.]ltd/armv5l,offline
"botnetdomain,delii-icu,elf,ua-wget",http[:]//delii[.]icu/arm64,offline
"botnetdomain,elf,trusting-golick-93-152-221-234-plesk-page,ua-wget",http[:]//trusting-golick[.]93-152-221-234[.]plesk[.]page/arm64,offline
"botnetdomain,DDoSAgent,elf,pingu-ltd,ua-wget",http[:]//pingu[.]ltd/ppc64le,offline
"botnetdomain,delii-icu,elf,ua-wget",http[:]//delii[.]icu/armv5l,offline
"botnetdomain,DDoSAgent,elf,pingu-ltd,ua-wget",http[:]//pingu[.]ltd/i686,offline
"botnetdomain,DDoSAgent,elf,trusting-golick-93-152-221-234-plesk-page,ua-wget",http[:]//trusting-golick[.]93-152-221-234[.]plesk[.]page/mips,offline
"botnetdomain,DDoSAgent,elf,pingu-ltd,ua-wget",http[:]//pingu[.]ltd/amd64,offline
"botnetdomain,DDoSAgent,elf,trusting-golick-93-152-221-234-plesk-page,ua-wget",http[:]//trusting-golick[.]93-152-221-234[.]plesk[.]page/armv7l,offline
"botnetdomain,DDoSAgent,delii-icu,elf,ua-wget",http[:]//delii[.]icu/x86,offline
"botnetdomain,elf,pingu-ltd,ua-wget",http[:]//pingu[.]ltd/aarch64,offline
"botnetdomain,DDoSAgent,delii-icu,elf,ua-wget",http[:]//delii[.]icu/amd64,offline
"botnetdomain,DDoSAgent,elf,trusting-golick-93-152-221-234-plesk-page,ua-wget",http[:]//trusting-golick[.]93-152-221-234[.]plesk[.]page/amd64,offline
"botnetdomain,DDoSAgent,delii-icu,elf,ua-wget",http[:]//delii[.]icu/mips64,offline
"botnetdomain,DDoSAgent,delii-icu,elf,ua-wget",http[:]//delii[.]icu/ppc64,offline
"botnetdomain,DDoSAgent,elf,trusting-golick-93-152-221-234-plesk-page,ua-wget",http[:]//trusting-golick[.]93-152-221-234[.]plesk[.]page/ppc64,offline
"botnetdomain,DDoSAgent,delii-icu,elf,ua-wget",http[:]//delii[.]icu/mips64le,offline
"botnetdomain,DDoSAgent,elf,trusting-golick-93-152-221-234-plesk-page,ua-wget",http[:]//trusting-golick[.]93-152-221-234[.]plesk[.]page/x86,offline
"botnetdomain,DDoSAgent,elf,pingu-ltd,ua-wget",http[:]//pingu[.]ltd/mips,offline
"botnetdomain,DDoSAgent,elf,pingu-ltd,ua-wget",http[:]//pingu[.]ltd/x86,offline
"botnetdomain,delii-icu,sh,ua-wget",http[:]//delii[.]icu/run[.]sh,offline
"botnetdomain,DDoSAgent,elf,pingu-ltd,ua-wget",http[:]//pingu[.]ltd/mips64,offline
"botnetdomain,elf,pingu-ltd,ua-wget",http[:]//pingu[.]ltd/armv6l,offline
"botnetdomain,elf,pingu-ltd,ua-wget",http[:]//pingu[.]ltd/arm64,offline
"botnetdomain,delii-icu,elf,ua-wget",http[:]//delii[.]icu/aarch64,offline
"botnetdomain,DDoSAgent,elf,trusting-golick-93-152-221-234-plesk-page,ua-wget",http[:]//trusting-golick[.]93-152-221-234[.]plesk[.]page/mips64,offline
"botnetdomain,DDoSAgent,elf,pingu-ltd,ua-wget",http[:]//pingu[.]ltd/x86_64,offline
"botnetdomain,DDoSAgent,delii-icu,elf,ua-wget",http[:]//delii[.]icu/x86_64,offline
"botnetdomain,delii-icu,elf,ua-wget",http[:]//delii[.]icu/armv6l,offline
"botnetdomain,DDoSAgent,delii-icu,elf,ua-wget",http[:]//delii[.]icu/mips,offline
"botnetdomain,elf,trusting-golick-93-152-221-234-plesk-page,ua-wget",http[:]//trusting-golick[.]93-152-221-234[.]plesk[.]page/armv5l,offline
"botnetdomain,DDoSAgent,elf,trusting-golick-93-152-221-234-plesk-page,ua-wget",http[:]//trusting-golick[.]93-152-221-234[.]plesk[.]page/x86_64,offline
"botnetdomain,DDoSAgent,elf,pingu-ltd,ua-wget",http[:]//pingu[.]ltd/mips64le,offline
"botnetdomain,elf,pingu-ltd,ua-wget",http[:]//pingu[.]ltd/armv7l,offline
"botnetdomain,DDoSAgent,delii-icu,elf,ua-wget",http[:]//delii[.]icu/i686,offline
"botnetdomain,DDoSAgent,elf,trusting-golick-93-152-221-234-plesk-page,ua-wget",http[:]//trusting-golick[.]93-152-221-234[.]plesk[.]page/armv6l,offline
"botnetdomain,DDoSAgent,elf,trusting-golick-93-152-221-234-plesk-page,ua-wget",http[:]//trusting-golick[.]93-152-221-234[.]plesk[.]page/aarch64,offline
"botnetdomain,DDoSAgent,elf,pingu-ltd,ua-wget",http[:]//pingu[.]ltd/mipsel,offline
"botnetdomain,DDoSAgent,elf,trusting-golick-93-152-221-234-plesk-page,ua-wget",http[:]//trusting-golick[.]93-152-221-234[.]plesk[.]page/mips64le,offline
"botnetdomain,DDoSAgent,delii-icu,elf,ua-wget",http[:]//delii[.]icu/mipsel,offline
"botnetdomain,delii-icu,elf,ua-wget",http[:]//delii[.]icu/armv7l,offline
"botnetdomain,DDoSAgent,elf,trusting-golick-93-152-221-234-plesk-page,ua-wget",http[:]//trusting-golick[.]93-152-221-234[.]plesk[.]page/ppc64le,offline
"botnetdomain,DDoSAgent,elf,trusting-golick-93-152-221-234-plesk-page,ua-wget",http[:]//trusting-golick[.]93-152-221-234[.]plesk[.]page/mipsel,offline
"botnetdomain,sh,trusting-golick-93-152-221-234-plesk-page,ua-wget",http[:]//trusting-golick[.]93-152-221-234[.]plesk[.]page/run[.]sh,offline
"93-152-221-234,DDoSAgent,elf,ua-wget",http[:]//93[.]152[.]221[.]234/x86,offline
"93-152-221-234,DDoSAgent,elf,ua-wget",http[:]//93[.]152[.]221[.]234/ppc64le,offline
"93-152-221-234,DDoSAgent,elf,ua-wget",http[:]//93[.]152[.]221[.]234/mipsel,offline
"93-152-221-234,DDoSAgent,elf,ua-wget",http[:]//93[.]152[.]221[.]234/x86_64,offline
"93-152-221-234,DDoSAgent,elf,ua-wget",http[:]//93[.]152[.]221[.]234/mips64,offline
"93-152-221-234,DDoSAgent,elf,ua-wget",http[:]//93[.]152[.]221[.]234/armv7l,offline
"93-152-221-234,DDoSAgent,elf,ua-wget",http[:]//93[.]152[.]221[.]234/armv5l,offline
"93-152-221-234,DDoSAgent,elf,ua-wget",http[:]//93[.]152[.]221[.]234/i686,offline
"93-152-221-234,DDoSAgent,elf,ua-wget",http[:]//93[.]152[.]221[.]234/mips,offline
"93-152-221-234,DDoSAgent,elf,ua-wget",http[:]//93[.]152[.]221[.]234/ppc64,offline
"93-152-221-234,DDoSAgent,elf,ua-wget",http[:]//93[.]152[.]221[.]234/amd64,offline
"93-152-221-234,DDoSAgent,elf,ua-wget",http[:]//93[.]152[.]221[.]234/mips64le,offline
"93-152-221-234,DDoSAgent,elf,ua-wget",http[:]//93[.]152[.]221[.]234/armv6l,offline
"93-152-221-234,DDoSAgent,elf,ua-wget",http[:]//93[.]152[.]221[.]234/arm64,offline
"93-152-221-234,elf,ua-wget",http[:]//93[.]152[.]221[.]234/aarch64,offline
"93-152-221-234,sh,ua-wget",http[:]//93[.]152[.]221[.]234/run[.]sh,offline
"94-26-106-206,elf,mirai,ua-wget",http[:]//94[.]26[.]106[.]206/main_arm,offline
"94-26-106-206,elf,mirai,ua-wget",http[:]//94[.]26[.]106[.]206/main_x86,offline
"94-26-106-206,elf,mirai,ua-wget",http[:]//94[.]26[.]106[.]206/main_i486,offline
"94-26-106-206,elf,mirai,ua-wget",http[:]//94[.]26[.]106[.]206/main_ppc,offline
"94-26-106-206,elf,mirai,ua-wget",http[:]//94[.]26[.]106[.]206/main_i686,offline
"94-26-106-206,elf,mirai,ua-wget",http[:]//94[.]26[.]106[.]206/main_m68k,offline
"94-26-106-206,elf,mirai,ua-wget",http[:]//94[.]26[.]106[.]206/main_mips,offline
"94-26-106-206,elf,mirai,ua-wget",http[:]//94[.]26[.]106[.]206/main_arm6,offline
"94-26-106-206,elf,mirai,ua-wget",http[:]//94[.]26[.]106[.]206/main_mpsl,offline
"94-26-106-206,elf,mirai,ua-wget",http[:]//94[.]26[.]106[.]206/main_aarch64,offline
"94-26-106-206,elf,mirai,ua-wget",http[:]//94[.]26[.]106[.]206/main_arm5,offline
"94-26-106-206,elf,mirai,ua-wget",http[:]//94[.]26[.]106[.]206/main_sh4,offline
"94-26-106-206,elf,mirai,ua-wget",http[:]//94[.]26[.]106[.]206/main_arm7,offline
"94-26-106-206,elf,mirai,ua-wget",http[:]//94[.]26[.]106[.]206/main_mips64,offline
"94-26-106-206,sh,ua-wget",http[:]//94[.]26[.]106[.]206/w[.]sh,offline
"94-26-106-206,sh,ua-wget",http[:]//94[.]26[.]106[.]206/c[.]sh,offline
"94-26-106-206,sh,ua-wget",http[:]//94[.]26[.]106[.]206/cat[.]sh,offline
"botnetdomain,elf,mirai,ua-wget,www-pingu-surf",http[:]//www[.]pingu[.]surf/main_mips,offline
"botnetdomain,elf,mirai,ua-wget,www-pingu-surf",http[:]//www[.]pingu[.]surf/main_arm5,offline
"botnetdomain,elf,mirai,ua-wget,www-pingu-surf",http[:]//www[.]pingu[.]surf/main_x86,offline
"botnetdomain,elf,mirai,ua-wget,www-pingu-surf",http[:]//www[.]pingu[.]surf/main_x86_64,offline
"botnetdomain,elf,mirai,ua-wget,www-pingu-surf",http[:]//www[.]pingu[.]surf/main_arm7,offline
"botnetdomain,elf,mirai,ua-wget,www-pingu-surf",http[:]//www[.]pingu[.]surf/main_m68k,offline
"botnetdomain,elf,mirai,ua-wget,www-pingu-surf",http[:]//www[.]pingu[.]surf/main_arm,offline
"botnetdomain,elf,mirai,ua-wget,www-pingu-surf",http[:]//www[.]pingu[.]surf/main_sh4,offline
"botnetdomain,elf,mirai,ua-wget,www-pingu-surf",http[:]//www[.]pingu[.]surf/main_mpsl,offline
"botnetdomain,elf,mirai,ua-wget,www-pingu-surf",http[:]//www[.]pingu[.]surf/main_ppc,offline
"botnetdomain,elf,mirai,ua-wget,www-pingu-surf",http[:]//www[.]pingu[.]surf/main_arm6,offline
"botnetdomain,sh,ua-wget,www-pingu-surf",http[:]//www[.]pingu[.]surf/run[.]sh,offline
"botnetdomain,elf,mirai,pingu-business,ua-wget",http[:]//pingu[.]business/main_sh4,offline
"botnetdomain,elf,mirai,pingu-business,ua-wget",http[:]//pingu[.]business/main_mips,offline
"botnetdomain,elf,mirai,pingu-business,ua-wget",http[:]//pingu[.]business/main_mpsl,offline
"botnetdomain,elf,mirai,pingu-business,ua-wget",http[:]//pingu[.]business/main_arm7,offline
"botnetdomain,elf,mirai,pingu-business,ua-wget",http[:]//pingu[.]business/main_arm,offline
"botnetdomain,elf,mirai,pingu-business,ua-wget",http[:]//pingu[.]business/main_x86,offline
"botnetdomain,elf,mirai,pingu-business,ua-wget",http[:]//pingu[.]business/main_m68k,offline
"botnetdomain,elf,mirai,pingu-business,ua-wget",http[:]//pingu[.]business/main_ppc,offline
"botnetdomain,pingu-business,sh,ua-wget",http[:]//pingu[.]business/run[.]sh,offline
"botnetdomain,elf,mirai,pingu-business,ua-wget",http[:]//pingu[.]business/main_arm6,offline
"botnetdomain,elf,mirai,pingu-business,ua-wget",http[:]//pingu[.]business/main_arm5,offline
"botnetdomain,elf,mirai,pingu-business,ua-wget",http[:]//pingu[.]business/main_x86_64,offline
"94-26-106-80,elf,mirai,ua-wget",http[:]//94[.]26[.]106[.]80/main_mpsl,offline
"94-26-106-80,elf,mirai,ua-wget",http[:]//94[.]26[.]106[.]80/main_arm,offline
"94-26-106-80,elf,mirai,ua-wget",http[:]//94[.]26[.]106[.]80/main_x86_64,offline
"94-26-106-80,elf,mirai,ua-wget",http[:]//94[.]26[.]106[.]80/main_arm5,offline
"94-26-106-80,elf,mirai,ua-wget",http[:]//94[.]26[.]106[.]80/main_arm6,offline
"94-26-106-80,elf,mirai,ua-wget",http[:]//94[.]26[.]106[.]80/main_x86,offline
"94-26-106-80,elf,mirai,ua-wget",http[:]//94[.]26[.]106[.]80/main_ppc,offline
"94-26-106-80,elf,mirai,ua-wget",http[:]//94[.]26[.]106[.]80/main_arm7,offline
"94-26-106-80,elf,mirai,ua-wget",http[:]//94[.]26[.]106[.]80/main_mips,offline
"94-26-106-80,elf,mirai,ua-wget",http[:]//94[.]26[.]106[.]80/main_m68k,offline
"94-26-106-80,elf,mirai,ua-wget",http[:]//94[.]26[.]106[.]80/main_sh4,offline
"94-26-106-80,sh,ua-wget",http[:]//94[.]26[.]106[.]80/run[.]sh,offline
"93-152-221-193,connectwise,exe,ua-wget",https[:]//93[.]152[.]221[.]193/bin/support[.]client[.]exe,offline
"93-152-221-193,connectwise,exe,ua-wget",https[:]//93[.]152[.]221[.]193/Bin/ScreenConnect[.]ClientSetup[.]exe,offline
"93-152-221-186,exe,ua-wget",https[:]//93[.]152[.]221[.]186/Bin/ScreenConnect[.]ClientSetup[.]exe,offline
"32-bit,elf,mips,Mozi",http[:]//115[.]59[.]232[.]175[:]50169/i,offline
"193-32-162-236,elf,ua-wget",http[:]//193[.]32[.]162[.]236/miner,online
"193-32-162-236,elf,ua-wget",http[:]//193[.]32[.]162[.]236/mig,online
"32-bit,elf,mips,Mozi",http[:]//115[.]59[.]232[.]175[:]50169/bin[.]sh,offline
"23-146-240-17,connectwise,exe,ua-wget",http[:]//23[.]146[.]240[.]17/Bin/ScreenConnect[.]ClientSetup[.]exe,offline
"23-146-240-17,connectwise,exe,ua-wget",http[:]//23[.]146[.]240[.]17/bin/support[.]client[.]exe,offline
"102-220-160-223,connectwise,exe,ua-wget",https[:]//102[.]220[.]160[.]223/Bin/ScreenConnect[.]ClientSetup[.]exe,offline
"102-220-160-223,connectwise,exe,ua-wget",https[:]//102[.]220[.]160[.]223/bin/support[.]client[.]exe,offline
"102-220-160-142,exe,ua-wget",https[:]//102[.]220[.]160[.]142/Bin/ScreenConnect[.]ClientSetup[.]exe,online
"102-220-160-93,connectwise,exe,ua-wget",https[:]//102[.]220[.]160[.]93/Bin/ScreenConnect[.]ClientSetup[.]exe,online
"102-220-160-93,connectwise,exe,ua-wget",https[:]//102[.]220[.]160[.]93/bin/support[.]client[.]exe,online
"32-bit,arm,elf,mirai,Mozi",http[:]//122[.]241[.]140[.]43[:]44321/i,offline
"31-57-184-249,exe,ua-wget",https[:]//31[.]57[.]184[.]249/Bin/ScreenConnect[.]ClientSetup[.]exe,online
"5-230-201-18,connectwise,exe,ua-wget",http[:]//5[.]230[.]201[.]18/bin/support[.]client[.]exe,offline
"5-230-201-18,connectwise,exe,ua-wget",http[:]//5[.]230[.]201[.]18/Bin/ScreenConnect[.]ClientSetup[.]exe,offline
"32-bit,elf,mips,Mozi",http[:]//220[.]192[.]240[.]230[:]47099/i,offline
"130-12-182-128,powershell,ua-wget",http[:]//130[.]12[.]182[.]128/api/payload/ps_Q4huLTcs[.]ps1,offline
"2-27-62-90,connectwise,exe,ua-wget",https[:]//2[.]27[.]62[.]90/Bin/ScreenConnect[.]ClientSetup[.]exe,offline
"2-27-62-118,connectwise,exe,ua-wget",https[:]//2[.]27[.]62[.]118/Bin/ScreenConnect[.]ClientSetup[.]exe,offline
"92-118-39-62,elf,ua-wget",http[:]//92[.]118[.]39[.]62/pearl-miner,online
"103-83-87-122,elf,mirai,ua-wget",http[:]//103[.]83[.]87[.]122/adbpersist[.]arm7,offline
"103-83-87-122,elf,mirai,ua-wget",http[:]//103[.]83[.]87[.]122/iran[.]mipsrouter,offline
msi,http[:]//37[.]77[.]150[.]214[:]8080/msi/setup_cf4cb3a3[.]msi,offline
"32-bit,elf,mips,Mozi",http[:]//113[.]229[.]36[.]102[:]33311/i,offline
"32-bit,arm,elf,mirai,Mozi",http[:]//123[.]185[.]64[.]34[:]36989/i,offline
"elf,iot,mirai",http[:]//163[.]61[.]183[.]48/AGbot[.]armv7l,offline
"malware-download,web",http[:]//118[.]145[.]196[.]225[:]800/wg,offline
"CouchDB,malware-download,xmrig",http[:]//beacon[.]ltdglobal[.]co[.]uk/dl/xmrig[.]tgz,offline
"32-bit,elf,mips,Mozi",http[:]//115[.]62[.]189[.]156[:]46079/i,offline
"32-bit,elf,mips,Mozi",http[:]//125[.]45[.]25[.]114[:]44399/i,offline
"32-bit,elf,mips,Mozi",http[:]//115[.]56[.]163[.]153[:]51027/i,offline
"32-bit,elf,mips,Mozi",http[:]//60[.]19[.]217[.]253[:]46181/i,offline
"32-bit,elf,mips,Mozi",http[:]//125[.]45[.]25[.]114[:]44399/bin[.]sh,offline
"32-bit,elf,mips,Mozi",http[:]//115[.]56[.]163[.]153[:]51027/bin[.]sh,offline
ClickFix,https[:]//www[.]movy[.]bz/scripts/xyz[.]js,offline
"32-bit,elf,mips,Mozi",http[:]//115[.]50[.]4[.]162[:]52152/i,offline
"32-bit,elf,mips,Mozi",http[:]//175[.]147[.]155[.]33[:]55049/bin[.]sh,offline
"32-bit,elf,mips,Mozi",http[:]//115[.]50[.]4[.]162[:]52152/bin[.]sh,offline
"32-bit,elf,mips,Mozi",http[:]//115[.]60[.]253[.]104[:]42814/i,offline
"32-bit,elf,mips,Mozi",http[:]//221[.]203[.]95[.]195[:]35892/bin[.]sh,offline
Mozi,http[:]//112[.]240[.]165[.]27[:]60898/i,offline
mirai,http[:]//114[.]226[.]119[.]232[:]44763/i,offline
,http[:]//37[.]28[.]177[.]69[:]52989/bin[.]sh,offline
mirai,http[:]//105[.]225[.]115[.]56[:]60839/bin[.]sh,offline
mirai,http[:]//222[.]127[.]170[.]84[:]56094/bin[.]sh,offline
Mozi,http[:]//61[.]52[.]177[.]113[:]45125/i,offline
Mozi,http[:]//115[.]51[.]37[.]116[:]49531/i,offline
,http[:]//125[.]45[.]19[.]215[:]39692/i,offline
,http[:]//42[.]54[.]157[.]172[:]42338/bin[.]sh,offline
Mozi,http[:]//115[.]51[.]37[.]116[:]49531/bin[.]sh,offline
,http[:]//119[.]116[.]166[.]106[:]47726/i,offline
Mozi,http[:]//123[.]11[.]7[.]143[:]37624/i,offline
,http[:]//60[.]18[.]10[.]146[:]45922/i,offline
Mozi,http[:]//115[.]50[.]21[.]177[:]55998/i,offline
mirai,http[:]//193[.]163[.]187[.]75[:]50459/bin[.]sh,offline
Mozi,http[:]//219[.]156[.]16[.]146[:]36742/bin[.]sh,offline
Mozi,http[:]//27[.]207[.]173[.]107[:]48001/i,offline
,http[:]//175[.]168[.]197[.]209[:]56392/bin[.]sh,offline
Mozi,http[:]//221[.]15[.]12[.]42[:]44703/i,offline
mirai,http[:]//115[.]57[.]48[.]5[:]33777/bin[.]sh,offline
Mozi,http[:]//222[.]141[.]81[.]83[:]56681/i,offline
mirai,http[:]//105[.]184[.]91[.]101[:]41339/bin[.]sh,offline
mirai,http[:]//115[.]57[.]48[.]5[:]33777/i,offline
Mozi,http[:]//222[.]137[.]145[.]114[:]43346/i,offline
mirai,http[:]//138[.]204[.]196[.]254[:]45562/i,offline
Mozi,http[:]//115[.]50[.]31[.]109[:]50819/bin[.]sh,offline
,http[:]//175[.]146[.]155[.]188[:]45523/bin[.]sh,offline
mirai,http[:]//210[.]208[.]110[.]172[:]36904/bin[.]sh,offline
mirai,http[:]//119[.]73[.]125[.]98[:]46590/i,offline
Mozi,http[:]//194[.]54[.]160[.]220[:]58319/i,offline
Mozi,http[:]//182[.]126[.]93[.]152[:]58339/i,offline
,http[:]//42[.]54[.]157[.]172[:]42338/i,offline
,http[:]//182[.]116[.]23[.]138[:]58254/bin[.]sh,offline
mirai,http[:]//123[.]161[.]90[.]221[:]49111/bin[.]sh,offline
,http[:]//61[.]137[.]234[.]158[:]39756/i,offline
Mozi,http[:]//125[.]47[.]111[.]196[:]33277/i,offline
mirai,http[:]//114[.]226[.]119[.]232[:]44763/bin[.]sh,offline
,http[:]//120[.]84[.]215[.]7[:]53887/i,offline
,http[:]//116[.]139[.]233[.]102[:]54765/i,offline
Mozi,http[:]//182[.]119[.]196[.]83[:]32951/bin[.]sh,offline
mirai,http[:]//45[.]177[.]33[.]169[:]55300/Mozi[.]a,offline
Mozi,http[:]//119[.]179[.]251[.]207[:]57785/bin[.]sh,offline
mirai,http[:]//210[.]208[.]111[.]234[:]42818/bin[.]sh,offline
mirai,http[:]//180[.]191[.]36[.]99[:]55946/i,offline
Mozi,http[:]//125[.]45[.]146[.]56[:]43372/bin[.]sh,offline
Mozi,http[:]//115[.]58[.]95[.]71[:]41245/i,offline
Mozi,http[:]//39[.]91[.]91[.]144[:]57023/bin[.]sh,offline
Mozi,http[:]//27[.]207[.]173[.]107[:]48001/bin[.]sh,offline
Mozi,http[:]//123[.]4[.]246[.]229[:]37737/bin[.]sh,offline
mirai,http[:]//210[.]208[.]111[.]2[:]48376/bin[.]sh,offline
mirai,http[:]//123[.]161[.]90[.]221[:]49111/i,offline
,http[:]//113[.]231[.]227[.]45[:]50944/i,offline
,http[:]//221[.]202[.]182[.]36[:]33943/i,offline
mirai,http[:]//39[.]65[.]202[.]109[:]51237/i,offline
Mozi,http[:]//42[.]231[.]95[.]183[:]39082/i,offline
,http[:]//120[.]84[.]213[.]157[:]35378/i,offline
Mozi,http[:]//125[.]44[.]218[.]192[:]43263/i,offline
mirai,http[:]//27[.]152[.]10[.]10[:]45145/bin[.]sh,offline
Mozi,http[:]//42[.]231[.]89[.]50[:]46000/bin[.]sh,offline
,http[:]//116[.]138[.]96[.]149[:]59939/bin[.]sh,offline
Mozi,http[:]//182[.]127[.]123[.]182[:]45947/i,offline
mirai,http[:]//130[.]12[.]209[.]153[:]42397/i,offline
,http[:]//120[.]26[.]66[.]176[:]8796/linux,offline
,http[:]//113[.]229[.]36[.]102[:]33311/bin[.]sh,offline
Mozi,http[:]//112[.]248[.]188[.]60[:]37160/bin[.]sh,offline
,http[:]//119[.]117[.]74[.]66[:]43858/i,offline
Mozi,http[:]//123[.]4[.]246[.]229[:]37737/i,offline
,http[:]//116[.]138[.]96[.]149[:]59939/i,offline
mirai,http[:]//119[.]73[.]125[.]98[:]46590/bin[.]sh,offline
,http[:]//42[.]179[.]15[.]176[:]45480/i,offline
Mozi,http[:]//221[.]14[.]174[.]131[:]54946/i,offline
mirai,http[:]//110[.]186[.]228[.]150[:]48917/bin[.]sh,offline
,http[:]//120[.]84[.]214[.]107[:]32896/bin[.]sh,offline
Mozi,http[:]//115[.]58[.]95[.]71[:]41245/bin[.]sh,offline
,http[:]//188[.]56[.]204[.]166[:]46431/i,offline
,http[:]//27[.]44[.]146[.]47[:]35485/i,offline
,http[:]//116[.]139[.]233[.]102[:]54765/bin[.]sh,offline
,http[:]//42[.]55[.]189[.]81[:]44742/i,offline
,http[:]//119[.]116[.]166[.]106[:]47726/bin[.]sh,offline
mirai,http[:]//106[.]57[.]6[.]80[:]53331/bin[.]sh,offline
Mozi,http[:]//27[.]215[.]86[.]118[:]50148/i,offline
mirai,http[:]//46[.]151[.]182[.]200/ruckus[.]sh,offline
,http[:]//178[.]206[.]213[.]222[:]7336/i,offline
,http[:]//175[.]167[.]230[.]83[:]55986/bin[.]sh,offline
,http[:]//82[.]114[.]178[.]6[:]44008/i,offline
mirai,http[:]//27[.]218[.]236[.]119[:]47733/i,offline
,http[:]//175[.]147[.]155[.]33[:]55049/i,offline
,http[:]//221[.]203[.]95[.]195[:]35892/i,offline
Mozi,http[:]//42[.]231[.]95[.]183[:]39082/bin[.]sh,offline
Mozi,http[:]//222[.]134[.]172[.]157[:]35193/i,offline
,http[:]//120[.]84[.]214[.]107[:]32896/i,offline
,http[:]//42[.]178[.]153[.]144[:]51307/i,offline
,http[:]//124[.]94[.]223[.]135[:]51466/bin[.]sh,offline
Mozi,http[:]//219[.]155[.]225[.]210[:]54860/bin[.]sh,offline
mirai,http[:]//180[.]191[.]34[.]236[:]57057/i,offline
,http[:]//42[.]226[.]71[.]146[:]57422/i,offline
mirai,http[:]//182[.]120[.]41[.]188[:]47591/bin[.]sh,offline
,http[:]//178[.]206[.]213[.]222[:]7336/bin[.]sh,offline
Mozi,http[:]//119[.]179[.]251[.]207[:]57785/i,offline
Mozi,http[:]//37[.]52[.]132[.]186[:]43314/i,offline
mirai,http[:]//196[.]188[.]141[.]17[:]33158/i,offline
Mozi,http[:]//219[.]155[.]225[.]210[:]54860/i,offline
Mozi,http[:]//85[.]162[.]170[.]211[:]39462/i,offline
,http[:]//113[.]236[.]67[.]209[:]54189/i,offline
mirai,http[:]//180[.]180[.]232[.]87[:]34289/i,offline
Mozi,http[:]//115[.]49[.]211[.]162[:]48058/i,offline
mirai,http[:]//105[.]184[.]91[.]101[:]41339/i,offline
Mozi,http[:]//123[.]4[.]196[.]23[:]46235/bin[.]sh,offline
Mozi,http[:]//123[.]4[.]196[.]23[:]46235/i,offline
mirai,http[:]//46[.]158[.]168[.]35[:]50492/bin[.]sh,offline
,http[:]//42[.]55[.]189[.]81[:]44742/bin[.]sh,offline
Mozi,http[:]//198[.]58[.]186[.]53[:]52290/i,offline
mirai,http[:]//46[.]158[.]168[.]35[:]50492/i,offline
Mozi,http[:]//182[.]127[.]123[.]182[:]45947/bin[.]sh,offline
,http[:]//42[.]226[.]71[.]146[:]57422/bin[.]sh,offline
mirai,http[:]//42[.]233[.]210[.]159[:]59519/i,offline
mirai,http[:]//125[.]65[.]146[.]164[:]50215/i,offline
Mozi,http[:]//115[.]52[.]251[.]82[:]40573/i,offline
mirai,http[:]//182[.]120[.]41[.]188[:]47591/i,offline
Mozi,http[:]//125[.]44[.]39[.]235[:]49107/i,offline
,http[:]//116[.]139[.]106[.]9[:]42583/bin[.]sh,offline
Mozi,http[:]//182[.]119[.]196[.]83[:]32951/i,offline
Mozi,http[:]//222[.]141[.]75[.]2[:]39880/bin[.]sh,offline
Mozi,http[:]//182[.]121[.]14[.]155[:]45423/i,offline
,http[:]//119[.]115[.]36[.]109[:]51030/bin[.]sh,offline
,http[:]//42[.]54[.]169[.]50[:]37885/bin[.]sh,offline
,http[:]//42[.]54[.]169[.]50[:]37885/i,offline
mirai,http[:]//210[.]208[.]110[.]51[:]41738/bin[.]sh,offline
mirai,http[:]//210[.]208[.]111[.]234[:]42818/i,offline
Mozi,http[:]//222[.]134[.]173[.]235[:]41659/i,offline
mirai,http[:]//180[.]191[.]36[.]99[:]55946/bin[.]sh,offline
mirai,http[:]//36[.]64[.]184[.]26[:]46609/i,offline
mirai,http[:]//210[.]208[.]110[.]51[:]41738/i,offline
Mozi,http[:]//125[.]45[.]146[.]56[:]43372/i,offline
mirai,http[:]//39[.]84[.]95[.]142[:]46029/i,offline
,http[:]//175[.]148[.]148[.]111[:]50980/bin[.]sh,offline
Mozi,http[:]//61[.]52[.]197[.]17[:]55749/bin[.]sh,offline
,http[:]//119[.]118[.]55[.]26[:]41691/i,offline
,http[:]//46[.]148[.]52[.]93[:]46446/i,offline
"32-bit,elf,mips,Mozi",http[:]//42[.]231[.]89[.]50[:]46000/i,offline
"32-bit,elf,mips,Mozi",http[:]//42[.]234[.]149[.]61[:]57190/i,offline
"32-bit,arm,elf,mirai,Mozi",http[:]//123[.]185[.]64[.]34[:]36989/bin[.]sh,offline
"32-bit,elf,mips,Mozi",http[:]//27[.]215[.]210[.]163[:]49181/bin[.]sh,offline
"32-bit,elf,mips,Mozi",http[:]//42[.]234[.]149[.]61[:]57190/bin[.]sh,offline
"32-bit,elf,mips,Mozi",http[:]//61[.]52[.]37[.]73[:]50491/i,offline
"32-bit,elf,mips,Mozi",http[:]//61[.]52[.]37[.]73[:]50491/bin[.]sh,offline
"32-bit,elf,mips,Mozi",http[:]//219[.]157[.]18[.]29[:]33756/i,offline
"32-bit,elf,mips,Mozi",http[:]//219[.]157[.]18[.]29[:]33756/bin[.]sh,offline
"32-bit,elf,mips,Mozi",http[:]//112[.]248[.]111[.]26[:]51657/i,offline
"32-bit,elf,mips,Mozi",http[:]//112[.]248[.]111[.]26[:]51657/bin[.]sh,offline
"rat,RemcosRAT,stego",https[:]//pub-0216fa08b2b94e129cb9e002cf7cb1f4[.]r2[.]dev/img_022323[.]png,offline
"exe,rat,RemcosRAT",https[:]//geoxsecurity[.]ro/images/xxwealthnow[.]exe,online
"rat,RemcosRAT,stego",https[:]//res[.]cloudinary[.]com/kmy8ktuk/image/upload/v1788229143/img_221847[.]jpg,offline
"AgentTesla,stego",https[:]//lively-fog-af49[.]pablosoftwareplus[.]workers[.]dev/ZECCR,offline
PureLogsStealer,https[:]//gaiadeqi[.]com/fires[.]png,offline
,https[:]//i[.]ibb[.]co/9mT2gxDZ/MSI-PRO[.]jpg,offline
"AgentTesla,stego",https[:]//pub-2731c5c84ec94bb78b02c025b7b3f6c4[.]r2[.]dev/vtoladyh[.]png,offline
"AgentTesla,stego",https[:]//pub-cbeeb81b1c2d40df823a412f702451a3[.]r2[.]dev/tanmxsw[.]png,offline
,https[:]//i[.]ibb[.]co/5gLS6W6K/img-114649[.]jpg,offline
"32-bit,elf,mips,Mozi",http[:]//27[.]194[.]74[.]205[:]60061/i,offline
"32-bit,elf,mips,Mozi",http[:]//119[.]116[.]141[.]41[:]39074/i,offline
"elf,ua-wget",http[:]//41[.]216[.]189[.]34/assailant[.]x86,offline
"elf,ua-wget",http[:]//41[.]216[.]189[.]34/assailant[.]arm7,offline
"elf,ua-wget",http[:]//41[.]216[.]189[.]34/assailant[.]mips,offline
"elf,ua-wget",http[:]//41[.]216[.]189[.]34/assailant[.]i586,offline
"elf,ua-wget",http[:]//41[.]216[.]189[.]34/assailant[.]mpsl,offline
"elf,ua-wget",http[:]//41[.]216[.]189[.]34/assailant[.]ppc,offline
"elf,ua-wget",http[:]//41[.]216[.]189[.]34/assailant[.]sparc,offline
"elf,ua-wget",http[:]//41[.]216[.]189[.]34/assailant[.]i686,offline
"elf,ua-wget",http[:]//41[.]216[.]189[.]34/assailant[.]arm5,offline
"elf,ua-wget",http[:]//41[.]216[.]189[.]34/assailant[.]sh4,offline
"elf,ua-wget",http[:]//41[.]216[.]189[.]34/assailant[.]ppc440fp,offline
"elf,ua-wget",http[:]//41[.]216[.]189[.]34/assailant[.]arm6,offline
"elf,ua-wget",http[:]//41[.]216[.]189[.]34/assailant[.]arm4,offline
"elf,ua-wget",http[:]//41[.]216[.]189[.]34/assailant[.]m68k,offline
ascii,https[:]//raw[.]githubusercontent[.]com/Christa6547/fling/refs/heads/main/scoop,offline
"ascii,ClickFix",https[:]//raw[.]githubusercontent[.]com/Christa6547/davidrun/refs/heads/main/pull2395,offline
"32-bit,elf,mips,Mozi",http[:]//61[.]53[.]88[.]48[:]39814/bin[.]sh,offline
Mozi,http[:]//222[.]138[.]117[.]209[:]35533/i,offline
"CoinMiner,dropped-by-remus",https[:]//rabbitfuns[.]su/encrypted/1[.]zip,offline
HijackLoader,http[:]//94[.]26[.]90[.]118/webdav/EXEENMLP[.]msi,offline
PureRAT,http[:]//94[.]26[.]90[.]118/webdav/LWXTSWIR[.]msi,offline
"elf,iot,mirai",http[:]//176[.]65[.]139[.]206/bins/wget[.]sh,offline
"Amos,AtomicStealer,ClickFix,fake-update,macOS,shell,stealer,zsh",https[:]//satinmaple4[.]com/curl/tzrq2tzeg/ajl7t96d8lnk002d3uueapv[.]txt,offline
"Amos,AtomicStealer,ClickFix,fake-update,macOS,shell,stealer,zsh",https[:]//satinmaple4[.]com/N_8qoQC3gmx9CFmwN9nMJ4QoUZtKZ1ua1TThNulPR4kU/brew/update,offline
"Amos,AtomicStealer,ClickFix,fake-update,macOS,shell,stealer,zsh",https[:]//flint-32[.]com/api/metrics/run?event=pasted,offline
"32-bit,elf,mips,Mozi",http[:]//222[.]142[.]244[.]43[:]36726/i,offline
"32-bit,elf,mips,Mozi",http[:]//222[.]142[.]244[.]43[:]36726/bin[.]sh,offline
Mozi,http[:]//42[.]237[.]82[.]123[:]49531/i,offline
Mozi,http[:]//42[.]237[.]82[.]123[:]49531/bin[.]sh,offline
Mozi,http[:]//61[.]52[.]197[.]17[:]55749/i,offline
"32-bit,arm,elf,mirai,Mozi",http[:]//210[.]208[.]110[.]172[:]36904/i,offline
"32-bit,arm,elf,mirai,Mozi",http[:]//210[.]208[.]110[.]130[:]35632/i,offline
Mozi,http[:]//72[.]255[.]30[.]244[:]49959/bin[.]sh,offline
"32-bit,elf,mips,Mozi",http[:]//60[.]23[.]233[.]7[:]34490/i,offline
Mozi,http[:]//27[.]202[.]187[.]254[:]59777/i,offline
"32-bit,arm,elf,mirai,Mozi",http[:]//196[.]191[.]231[.]12[:]36775/i,offline
"32-bit,elf,mips,Mozi",http[:]//219[.]155[.]2[.]177[:]42906/bin[.]sh,offline
"32-bit,elf,mips,Mozi",http[:]//115[.]59[.]19[.]222[:]47416/bin[.]sh,offline
"32-bit,arm,elf,mirai,Mozi",http[:]//196[.]190[.]0[.]118[:]54710/i,offline
"32-bit,arm,elf,mirai,Mozi",http[:]//222[.]127[.]68[.]115[:]42552/i,offline
"32-bit,arm,elf,mirai,Mozi",http[:]//103[.]249[.]199[.]1[:]35620/i,offline
"32-bit,elf,mips,Mozi",http[:]//27[.]215[.]210[.]163[:]49181/i,offline
"32-bit,elf,mips,Mozi",http[:]//182[.]116[.]112[.]64[:]57996/i,offline
"32-bit,arm,elf,mirai,Mozi",http[:]//72[.]255[.]48[.]145[:]59530/bin[.]sh,offline
"32-bit,arm,elf,mirai,Mozi",http[:]//72[.]255[.]48[.]145[:]59530/i,offline
"32-bit,arm,elf,mirai,Mozi",http[:]//103[.]249[.]199[.]1[:]35620/bin[.]sh,offline
"32-bit,elf,mips,Mozi",http[:]//222[.]141[.]75[.]2[:]39880/i,offline
"32-bit,arm,elf,mirai,Mozi",http[:]//196[.]189[.]9[.]27[:]45275/i,offline
mirai,http[:]//105[.]225[.]115[.]56[:]60839/i,offline
"connectwise,d52f85,dropped-by-amadey",https[:]//usertunelaccount1[.]royalbnkmail[.]com/Bin/ScreenConnect[.]ClientSetup[.]msi,offline
"32-bit,elf,mips,Mozi",http[:]//218[.]28[.]151[.]239[:]60344/i,offline
"32-bit,arm,elf,mirai,Mozi",http[:]//196[.]189[.]9[.]27[:]45275/bin[.]sh,offline
mirai,http[:]//189[.]127[.]169[.]20[:]55533/i,offline
"32-bit,elf,mips,Mozi",http[:]//218[.]28[.]151[.]239[:]60344/bin[.]sh,offline
"32-bit,arm,elf,mirai,Mozi",http[:]//123[.]245[.]99[.]52[:]39875/i,offline
mirai,http[:]//189[.]127[.]169[.]20[:]55533/bin[.]sh,offline
"32-bit,elf,mips,Mozi",http[:]//42[.]177[.]58[.]99[:]47553/i,offline
"32-bit,arm,elf,mirai,Mozi",http[:]//123[.]245[.]99[.]52[:]39875/bin[.]sh,offline
mirai,http[:]//45[.]172[.]218[.]181[:]45337/i,offline
"32-bit,arm,elf,mirai,Mozi",http[:]//36[.]251[.]0[.]14[:]33623/i,offline
"32-bit,arm,elf,mirai,Mozi",http[:]//36[.]251[.]0[.]14[:]33623/bin[.]sh,offline
"32-bit,elf,mips,Mozi",http[:]//42[.]224[.]123[.]140[:]48397/bin[.]sh,offline
"32-bit,arm,elf,mirai,Mozi",http[:]//110[.]186[.]228[.]150[:]48917/i,offline
"32-bit,elf,mips,Mozi",http[:]//42[.]224[.]148[.]91[:]42007/i,offline
"32-bit,elf,mips,Mozi",http[:]//119[.]115[.]36[.]109[:]51030/i,offline
"32-bit,elf,mips,Mozi",http[:]//59[.]97[.]253[.]172[:]56845/i,offline
"38-54-37-216,exe,ua-wget",https[:]//38[.]54[.]37[.]216/main[.]exe,online
"elf,Mettle",http[:]//64[.]89[.]163[.]22/test[.]elf,online
"c2-monitor-auto,dropped-by-amadey",http[:]//91[.]92[.]242[.]236/files-129312398/files/file_37d17c54c9f9f26a[.]exe,offline
"32-bit,elf,mips,Mozi",http[:]//60[.]18[.]56[.]204[:]38296/i,offline
"32-bit,elf,mips,Mozi",http[:]//59[.]97[.]253[.]172[:]56845/bin[.]sh,offline
"192-253-248-52,NetSupport,ua-wget",https[:]//192[.]253[.]248[.]52/dl,offline
"192-253-248-52,NetSupport,ua-wget",https[:]//192[.]253[.]248[.]52/get,offline
"185-242-3-87,sh,ua-wget",http[:]//185[.]242[.]3[.]87/w3[.]sh,online
"185-242-3-87,sh,ua-wget",http[:]//185[.]242[.]3[.]87/run[.]sh,online
"185-242-3-87,sh,ua-wget",http[:]//185[.]242[.]3[.]87/check3[.]sh,online
"185-242-3-87,elf,mirai,ua-wget",http[:]//185[.]242[.]3[.]87/softwaretech,online
"64-89-163-22,elf,Mettle,ua-wget",http[:]//64[.]89[.]163[.]22/9c[.]elf,online
"64-89-163-22,Mettle,sh,ua-wget",http[:]//64[.]89[.]163[.]22/auto[.]sh,online
"64-89-163-22,Mettle,sh,ua-wget",http[:]//64[.]89[.]163[.]22/test[.]sh,online
"193-37-71-230,ua-wget",http[:]//193[.]37[.]71[.]230/x,offline
"138-124-60-116,sh,ua-wget",http[:]//138[.]124[.]60[.]116/s,online
sh,https[:]//198348[.]gl/collect,online
"dropped-by-Phorpiex,phorpiex",http[:]//178[.]16[.]54[.]109/s[.]exe,online
"dropped-by-Phorpiex,phorpiex",http[:]//178[.]16[.]54[.]109/b[.]exe,offline
"206-206-78-39,DEU,geofenced,powershell,ua-wget",http[:]//206[.]206[.]78[.]39/index[.]ps1,offline
"194-150-166-178,connectwise,exe,ua-wget",http[:]//194[.]150[.]166[.]178/Bin/ScreenConnect[.]ClientSetup[.]exe,online
"194-150-166-178,connectwise,exe,ua-wget",http[:]//194[.]150[.]166[.]178/bin/support[.]client[.]exe,online
"77-110-114-53,exe,ua-wget",http[:]//77[.]110[.]114[.]53/run[.]exe,offline
"32-bit,elf,mips,Mozi",http[:]//42[.]180[.]80[.]226[:]58961/i,offline
"32-bit,arm,elf,mirai,Mozi",http[:]//113[.]221[.]24[.]213[:]45414/bin[.]sh,offline
"41-216-189-34,sh,ua-wget",http[:]//41[.]216[.]189[.]34/bins[.]sh,offline
"32-bit,elf,mips,Mozi",http[:]//182[.]127[.]110[.]30[:]43660/bin[.]sh,offline
"32-bit,elf,mips,Mozi",http[:]//42[.]180[.]80[.]226[:]58961/bin[.]sh,offline
"91-92-240-150,connectwise,exe,ua-wget",https[:]//91[.]92[.]240[.]150/Bin/ScreenConnect[.]ClientSetup[.]exe,offline
"91-92-240-150,connectwise,exe,ua-wget",https[:]//91[.]92[.]240[.]150/bin/support[.]client[.]exe,offline
"217-60-241-32,connectwise,exe,ua-wget",http[:]//217[.]60[.]241[.]32/Bin/ScreenConnect[.]ClientSetup[.]exe,offline
"217-60-241-32,connectwise,exe,ua-wget",http[:]//217[.]60[.]241[.]32/bin/support[.]client[.]exe,offline
"77-83-39-20,connectwise,exe,ua-wget",https[:]//77[.]83[.]39[.]20/Bin/ScreenConnect[.]ClientSetup[.]exe,offline
"77-83-39-20,connectwise,exe,ua-wget",https[:]//77[.]83[.]39[.]20/bin/support[.]client[.]exe,offline
"32-bit,elf,mips,Mozi",http[:]//125[.]47[.]219[.]69[:]32844/bin[.]sh,offline
"192-162-199-186,exe,SVCStealer,ua-wget",http[:]//192[.]162[.]199[.]186/2[.]exe,online
"192-162-199-186,exe,ua-wget",http[:]//192[.]162[.]199[.]186/4[.]exe,offline
"192-162-199-186,exe,ua-wget",http[:]//192[.]162[.]199[.]186/3[.]exe,offline
"192-162-199-186,exe,SVCStealer,ua-wget",http[:]//192[.]162[.]199[.]186/1[.]exe,online
"192-162-199-186,exe,ua-wget",http[:]//192[.]162[.]199[.]186/bot[.]exe,offline
"36-255-97-23,elf,mirai,ua-wget",http[:]//36[.]255[.]97[.]23/iran[.]i486,offline
"36-255-97-23,elf,mirai,ua-wget",http[:]//36[.]255[.]97[.]23/iran[.]armv4l,offline
"36-255-97-23,mirai,sh,ua-wget",http[:]//36[.]255[.]97[.]23/telnet[.]sh,offline
"36-255-97-23,elf,mirai,ua-wget",http[:]//36[.]255[.]97[.]23/iran[.]armv6l,offline
"36-255-97-23,elf,mirai,ua-wget",http[:]//36[.]255[.]97[.]23/iran[.]armv7l,offline
"36-255-97-23,elf,mirai,ua-wget",http[:]//36[.]255[.]97[.]23/iran[.]x86_64,offline
"36-255-97-23,elf,mirai,ua-wget",http[:]//36[.]255[.]97[.]23/iran[.]powerpc,offline
"36-255-97-23,elf,mirai,ua-wget",http[:]//36[.]255[.]97[.]23/iran[.]arc,offline
"36-255-97-23,mirai,sh,ua-wget",http[:]//36[.]255[.]97[.]23/cat[.]sh,offline
"36-255-97-23,elf,mirai,ua-wget",http[:]//36[.]255[.]97[.]23/iran[.]m68k,offline
"36-255-97-23,elf,mirai,ua-wget",http[:]//36[.]255[.]97[.]23/iran[.]sh4,offline
"36-255-97-23,elf,mirai,ua-wget",http[:]//36[.]255[.]97[.]23/iran[.]armv5l,offline
"36-255-97-23,elf,mirai,ua-wget",http[:]//36[.]255[.]97[.]23/iran[.]mipsel,offline
"36-255-97-23,elf,mirai,ua-wget",http[:]//36[.]255[.]97[.]23/iran[.]mipsrouter,offline
"36-255-97-23,elf,mirai,ua-wget",http[:]//36[.]255[.]97[.]23/iran[.]sparc,offline
"36-255-97-23,elf,mirai,ua-wget",http[:]//36[.]255[.]97[.]23/iran[.]mips,offline
"46-151-182-200,elf,ua-wget",http[:]//46[.]151[.]182[.]200/dlr[.]arm5,offline
"46-151-182-200,mirai,sh,ua-wget",http[:]//46[.]151[.]182[.]200/lll,offline
"46-151-182-200,mirai,sh,ua-wget",http[:]//46[.]151[.]182[.]200/li,offline
"46-151-182-200,mirai,sh,ua-wget",http[:]//46[.]151[.]182[.]200/sdt,offline
"46-151-182-200,mirai,sh,ua-wget",http[:]//46[.]151[.]182[.]200/ruck,offline
"46-151-182-200,mirai,sh,ua-wget",http[:]//46[.]151[.]182[.]200/k[.]sh,offline
"46-151-182-200,mirai,sh,ua-wget",http[:]//46[.]151[.]182[.]200/gocl,offline
"46-151-182-200,mirai,sh,ua-wget",http[:]//46[.]151[.]182[.]200/av[.]sh,offline
"46-151-182-200,elf,mirai,ua-wget",http[:]//46[.]151[.]182[.]200/dlr[.]arm6,offline
"32-bit,elf,mips,Mozi",http[:]//112[.]242[.]12[.]244[:]37332/i,offline
"32-bit,elf,mips,Mozi",http[:]//112[.]242[.]12[.]244[:]37332/bin[.]sh,offline
"32-bit,elf,mips,Mozi",http[:]//39[.]90[.]185[.]198[:]50020/i,offline
"32-bit,elf,mips,Mozi",http[:]//42[.]226[.]65[.]211[:]45778/i,offline
"32-bit,elf,mips,Mozi",http[:]//60[.]214[.]60[.]167[:]37714/i,offline
"32-bit,elf,mips,Mozi",http[:]//42[.]226[.]65[.]211[:]45778/bin[.]sh,offline
"32-bit,elf,mips,Mozi",http[:]//95[.]106[.]223[.]168[:]60471/i,offline
"32-bit,elf,mips,Mozi",http[:]//39[.]90[.]185[.]198[:]50020/bin[.]sh,offline
"32-bit,elf,mips,Mozi",http[:]//112[.]239[.]123[.]248[:]55419/bin[.]sh,offline
"32-bit,arm,elf,mirai,Mozi",http[:]//153[.]36[.]11[.]139[:]38015/i,offline
stego,https[:]//hindustancargologistic[.]com/stego_fd28mpphmh[.]png,offline
,https[:]//porterneuman[.]mx/wp-content/plugins/Team/crypted[.]ps1,offline
stego,https[:]//res[.]cloudinary[.]com/z59k52bl/image/upload/v1788133965/img_195215[.]jpg,offline
"rat,RemcosRAT",https[:]//web[.]opendrive[.]com/api/v1/download/file[.]json/MjlfNjU3MDI5NTdfNlNTNEQ?temp_key=%8Ah4%F7%7D%F4%DE%99%E0&inline=0,offline
"rat,RemcosRAT,stego",https[:]//lively-fog-af49[.]pablosoftwareplus[.]workers[.]dev/ZwdOQ,offline
"rat,RemcosRAT,stego",https[:]//alphapicaficagency[.]com/stego_88zloq9er8[.]png,offline
"ascii,Encoded,GuLoader",https[:]//sportssurgeon[.]org[.]pk/Aksemagtens[.]qxd,offline
"32-bit,elf,mips,Mozi",http[:]//112[.]239[.]123[.]248[:]55419/i,offline
"32-bit,elf,mips,Mozi",http[:]//123[.]129[.]134[.]33[:]47336/i,offline
"32-bit,arm,elf,mirai,Mozi",http[:]//196[.]189[.]98[.]77[:]58560/i,offline
"32-bit,arm,elf,mirai,Mozi",http[:]//196[.]189[.]98[.]77[:]58560/bin[.]sh,offline
"32-bit,elf,mips,Mozi",http[:]//123[.]129[.]134[.]33[:]47336/bin[.]sh,offline
"elf,iot,Mozi",http[:]//124[.]94[.]244[.]212[:]33038/Mozi[.]a,offline
"32-bit,arm,elf,mirai,Mozi",http[:]//196[.]188[.]135[.]20[:]48063/i,offline
"32-bit,elf,mips,Mozi",http[:]//103[.]203[.]210[.]102[:]46614/i,offline
"32-bit,arm,elf,mirai,Mozi",http[:]//196[.]188[.]135[.]20[:]48063/bin[.]sh,offline
"32-bit,elf,mips,Mozi",http[:]//175[.]148[.]87[.]144[:]40832/i,offline
"32-bit,elf,mips,Mozi",http[:]//175[.]148[.]87[.]144[:]40832/bin[.]sh,offline
Mozi,http[:]//115[.]49[.]248[.]199[:]52384/i,offline
"32-bit,elf,mips,Mozi",http[:]//42[.]7[.]222[.]97[:]33110/bin[.]sh,offline
"apk ,mirai",http[:]//94[.]183[.]174[.]77/juan[.]apk,offline
"32-bit,elf,mips,Mozi",http[:]//119[.]114[.]107[.]134[:]40959/i,offline
"32-bit,elf,mips,Mozi",http[:]//222[.]137[.]22[.]49[:]45468/bin[.]sh,offline
"32-bit,elf,mips,Mozi",http[:]//182[.]116[.]113[.]244[:]34641/bin[.]sh,offline
"ascii,opendir,powershell,ps1",https[:]//hotelmate[.]asia/wp-includes/theme-compat/xmorule/qapwsbu/nwshuf1/UWcrypted[.]ps1,offline
"c2-monitor-auto,dropped-by-amadey",http[:]//91[.]92[.]242[.]236/files-129312398/files/file_01625d1c89de2be0[.]exe,offline
"ascii,Formbook,opendir,powershell,ps1",https[:]//hotelmate[.]asia/wp-includes/theme-compat/xmorule/qapwsbu/nwshuf1/KMcrypted[.]ps1,offline
"ascii,opendir,powershell,ps1",https[:]//hotelmate[.]asia/wp-includes/theme-compat/xmorule/qapwsbu/nwshuf1/millscrypted[.]ps1,offline
"ascii,Formbook,powershell,ps1",https[:]//hotelmate[.]asia/wp-includes/theme-compat/xmorule/qapwsbu/nwshuf1/crypted[.]ps1,offline
"32-bit,elf,mips,Mozi",http[:]//123[.]14[.]85[.]245[:]47055/bin[.]sh,offline
mirai,http[:]//120[.]28[.]218[.]170[:]57492/bin[.]sh,offline
"32-bit,arm,elf,mirai,Mozi",http[:]//154[.]223[.]128[.]215[:]42469/i,offline
mirai,http[:]//106[.]57[.]6[.]80[:]53331/i,offline
Mozi,http[:]//112[.]248[.]188[.]60[:]37160/i,offline
Mozi,http[:]//42[.]225[.]15[.]168[:]55268/i,offline
,http[:]//163[.]142[.]93[.]157[:]39139/bin[.]sh,offline
,http[:]//60[.]23[.]201[.]182[:]45542/bin[.]sh,offline
mirai,http[:]//113[.]221[.]75[.]174[:]57844/Mozi[.]a,offline
,http[:]//163[.]142[.]77[.]114[:]59459/i,offline
Mozi,http[:]//115[.]50[.]104[.]136[:]55450/bin[.]sh,offline
Mozi,http[:]//219[.]156[.]16[.]146[:]36742/i,offline
Mozi,http[:]//42[.]239[.]149[.]186[:]60566/i,offline
Mozi,http[:]//125[.]47[.]219[.]69[:]32844/i,offline
,http[:]//175[.]173[.]74[.]150[:]46674/bin[.]sh,offline
,http[:]//113[.]229[.]49[.]112[:]38063/bin[.]sh,offline
,http[:]//113[.]229[.]49[.]112[:]38063/i,offline
,http[:]//182[.]120[.]5[.]196[:]55125/i,offline
,http[:]//175[.]146[.]154[.]219[:]43516/i,offline
Mozi,http[:]//219[.]157[.]190[.]80[:]41921/bin[.]sh,offline
Mozi,http[:]//72[.]255[.]30[.]244[:]49959/i,offline
,http[:]//175[.]151[.]122[.]168[:]46830/bin[.]sh,offline
Mozi,http[:]//182[.]117[.]166[.]185[:]51925/bin[.]sh,offline
mirai,http[:]//115[.]61[.]107[.]195[:]57147/bin[.]sh,offline
Mozi,http[:]//119[.]179[.]238[.]192[:]36404/i,offline
Mozi,http[:]//27[.]215[.]86[.]118[:]50148/bin[.]sh,offline
mirai,http[:]//125[.]43[.]117[.]183[:]34827/i,offline
mirai,http[:]//42[.]235[.]235[.]102[:]60059/bin[.]sh,offline
mirai,http[:]//221[.]15[.]173[.]160[:]33401/i,offline
mirai,http[:]//110[.]136[.]53[.]112[:]38704/i,offline
mirai,http[:]//210[.]208[.]110[.]42[:]48170/i,offline
Mozi,http[:]//60[.]160[.]2[.]40[:]34828/i,offline
Mozi,http[:]//221[.]15[.]190[.]217[:]35016/bin[.]sh,offline
,http[:]//113[.]231[.]219[.]14[:]48431/bin[.]sh,offline
mirai,http[:]//120[.]28[.]199[.]24[:]50858/i,offline
mirai,http[:]//112[.]198[.]238[.]30[:]58131/bin[.]sh,offline
mirai,http[:]//1[.]61[.]202[.]234[:]46379/bin[.]sh,offline
Mozi,http[:]//27[.]215[.]126[.]140[:]34111/i,offline
Mozi,http[:]//115[.]50[.]2[.]96[:]55867/bin[.]sh,offline
Mozi,http[:]//125[.]44[.]25[.]215[:]60491/i,offline
mirai,http[:]//101[.]108[.]252[.]112[:]37688/bin[.]sh,offline
mirai,http[:]//42[.]235[.]235[.]102[:]60059/i,offline
mirai,http[:]//27[.]152[.]10[.]10[:]45145/i,offline
,http[:]//42[.]180[.]152[.]31[:]56247/i,offline
,http[:]//193[.]31[.]201[.]20[:]41179/i,offline
Mozi,http[:]//125[.]43[.]104[.]73[:]34984/i,offline
Mozi,http[:]//182[.]121[.]227[.]170[:]42090/i,offline
Mozi,http[:]//27[.]215[.]84[.]215[:]48879/i,offline
mirai,http[:]//42[.]3[.]52[.]2[:]47433/i,offline
mirai,http[:]//210[.]208[.]110[.]130[:]35632/bin[.]sh,offline
mirai,http[:]//210[.]208[.]111[.]36[:]38915/i,offline
,http[:]//123[.]190[.]104[.]168[:]53031/bin[.]sh,offline
Mozi,http[:]//119[.]187[.]248[.]227[:]48838/bin[.]sh,offline
Mozi,http[:]//61[.]53[.]149[.]198[:]48869/i,offline
mirai,http[:]//120[.]28[.]199[.]24[:]50858/bin[.]sh,offline
Mozi,http[:]//123[.]12[.]245[.]172[:]35213/i,offline
Mozi,http[:]//178[.]141[.]28[.]94[:]39235/i,offline
Mozi,http[:]//123[.]129[.]132[.]220[:]47388/bin[.]sh,offline
mirai,http[:]//113[.]221[.]46[.]46[:]40057/i,offline
Mozi,http[:]//59[.]96[.]143[.]28[:]48030/bin[.]sh,offline
,http[:]//31[.]133[.]71[.]222[:]20804/i,offline
mirai,http[:]//182[.]122[.]193[.]170[:]51347/i,offline
,http[:]//61[.]176[.]197[.]31[:]55215/bin[.]sh,offline
,http[:]//182[.]113[.]27[.]187[:]49881/bin[.]sh,offline
Mozi,http[:]//182[.]117[.]166[.]185[:]51925/i,offline
Mozi,http[:]//123[.]11[.]11[.]52[:]48079/i,offline
Mozi,http[:]//125[.]45[.]65[.]77[:]47651/i,offline
Mozi,http[:]//112[.]248[.]108[.]207[:]55469/bin[.]sh,offline
,http[:]//42[.]85[.]1[.]221[:]37353/bin[.]sh,offline
Mozi,http[:]//123[.]5[.]191[.]109[:]33440/bin[.]sh,offline
,http[:]//196[.]190[.]133[.]180[:]53984/bin[.]sh,offline
,http[:]//188[.]17[.]67[.]167[:]36252/bin[.]sh,offline
Mozi,http[:]//61[.]136[.]84[.]114[:]57183/i,offline
mirai,http[:]//114[.]227[.]64[.]129[:]43953/bin[.]sh,offline
mirai,http[:]//164[.]163[.]25[.]149[:]34007/i,offline
Mozi,http[:]//182[.]112[.]98[.]147[:]47075/i,offline
,http[:]//175[.]148[.]148[.]111[:]50980/i,offline
mirai,http[:]//125[.]43[.]117[.]183[:]34827/bin[.]sh,offline
mirai,http[:]//210[.]208[.]116[.]107[:]34736/i,offline
Mozi,http[:]//124[.]131[.]130[.]89[:]50797/i,offline
mirai,http[:]//210[.]208[.]106[.]68[:]47841/bin[.]sh,offline
mirai,http[:]//210[.]208[.]111[.]26[:]49470/i,offline
,http[:]//31[.]133[.]71[.]222[:]20804/bin[.]sh,offline
,http[:]//42[.]87[.]38[.]88[:]55295/i,offline
mirai,http[:]//210[.]208[.]106[.]68[:]47841/i,offline
Mozi,http[:]//59[.]96[.]143[.]28[:]48030/i,offline
mirai,http[:]//109[.]236[.]46[.]215[:]59913/Mozi[.]m,offline
mirai,http[:]//123[.]173[.]101[.]81[:]57489/bin[.]sh,offline
mirai,http[:]//193[.]163[.]187[.]75[:]50459/i,offline
,http[:]//123[.]190[.]104[.]168[:]53031/i,offline
Mozi,http[:]//115[.]63[.]144[.]98[:]56498/i,offline
,http[:]//188[.]17[.]67[.]167[:]36252/i,offline
,http[:]//113[.]229[.]49[.]112[:]38063/Mozi[.]m,offline
,http[:]//5[.]42[.]83[.]87[:]39654/bin[.]sh,offline
mirai,http[:]//210[.]208[.]110[.]20[:]60482/i,offline
mirai,http[:]//114[.]227[.]64[.]129[:]43953/i,offline
mirai,http[:]//210[.]208[.]110[.]20[:]60482/bin[.]sh,offline
Mozi,http[:]//125[.]45[.]65[.]77[:]47651/bin[.]sh,offline
mirai,http[:]//210[.]208[.]110[.]21[:]58400/bin[.]sh,offline
,http[:]//42[.]85[.]1[.]221[:]37353/i,offline
Mozi,http[:]//219[.]155[.]2[.]177[:]42906/i,offline
mirai,http[:]//210[.]208[.]111[.]100[:]46099/bin[.]sh,offline
mirai,http[:]//1[.]61[.]202[.]234[:]46379/i,offline
mirai,http[:]//154[.]223[.]128[.]215[:]42469/bin[.]sh,offline
,http[:]//123[.]188[.]42[.]78[:]47802/bin[.]sh,offline
Mozi,http[:]//123[.]130[.]0[.]213[:]46719/i,offline
,http[:]//60[.]23[.]238[.]92[:]59714/bin[.]sh,offline
Mozi,http[:]//219[.]155[.]202[.]40[:]60427/i,offline
Mozi,http[:]//175[.]107[.]16[.]92[:]53051/i,offline
mirai,http[:]//125[.]161[.]255[.]56[:]51421/i,offline
,http[:]//123[.]188[.]42[.]78[:]47802/i,offline
mirai,http[:]//182[.]122[.]193[.]170[:]51347/bin[.]sh,offline
Mozi,http[:]//188[.]124[.]151[.]9[:]56677/i,online
Mozi,http[:]//123[.]5[.]191[.]109[:]33440/i,offline
mirai,http[:]//110[.]136[.]53[.]112[:]38704/bin[.]sh,offline
Mozi,http[:]//123[.]130[.]0[.]213[:]46719/bin[.]sh,offline
Mozi,http[:]//124[.]131[.]130[.]89[:]50797/bin[.]sh,offline
mirai,http[:]//115[.]51[.]187[.]146[:]37431/i,offline
Mozi,http[:]//115[.]50[.]2[.]96[:]55867/i,offline
Mozi,http[:]//121[.]231[.]77[.]41[:]2322/bin[.]sh,offline
Mozi,http[:]//42[.]226[.]79[.]75[:]41075/i,offline
,http[:]//163[.]142[.]92[.]135[:]46712/bin[.]sh,offline
Mozi,http[:]//121[.]231[.]77[.]41[:]2322/i,offline
mirai,http[:]//221[.]15[.]173[.]160[:]33401/bin[.]sh,offline
Mozi,http[:]//39[.]73[.]206[.]50[:]49985/i,offline
Mozi,http[:]//115[.]56[.]0[.]5[:]48737/bin[.]sh,offline
,http[:]//42[.]86[.]109[.]40[:]34272/bin[.]sh,offline
,http[:]//115[.]63[.]52[.]197[:]49632/i,offline
,http[:]//61[.]176[.]197[.]31[:]55215/i,offline
,http[:]//113[.]233[.]7[.]210[:]52841/bin[.]sh,offline
mirai,http[:]//210[.]208[.]110[.]21[:]58400/i,offline
Mozi,http[:]//115[.]48[.]141[.]171[:]37256/i,offline
,http[:]//113[.]233[.]7[.]210[:]52841/i,offline
,http[:]//175[.]146[.]155[.]188[:]45523/i,offline
,http[:]//42[.]7[.]121[.]38[:]50867/bin[.]sh,offline
Mozi,http[:]//178[.]141[.]28[.]94[:]39235/bin[.]sh,offline
mirai,http[:]//120[.]28[.]218[.]170[:]57492/i,offline
Mozi,http[:]//42[.]238[.]143[.]158[:]39299/bin[.]sh,offline
Mozi,http[:]//38[.]196[.]84[.]42[:]43554/bin[.]sh,offline
mirai,http[:]//210[.]208[.]111[.]220[:]37183/i,offline
mirai,http[:]//210[.]208[.]111[.]26[:]49470/bin[.]sh,offline
,http[:]//175[.]150[.]93[.]234[:]54086/i,offline
,http[:]//115[.]51[.]21[.]120[:]45431/i,offline
Mozi,http[:]//115[.]63[.]206[.]246[:]47417/bin[.]sh,offline
mirai,http[:]//113[.]221[.]37[.]230[:]33058/i,offline
mirai,http[:]//115[.]61[.]107[.]195[:]57147/i,offline
,http[:]//42[.]7[.]121[.]38[:]50867/i,offline
mirai,http[:]//180[.]252[.]221[.]81[:]37596/i,offline
Mozi,http[:]//119[.]187[.]248[.]227[:]48838/i,offline
Mozi,http[:]//182[.]116[.]113[.]244[:]34641/i,offline
Mozi,http[:]//182[.]121[.]227[.]170[:]42090/bin[.]sh,offline
Mozi,http[:]//115[.]55[.]174[.]224[:]59517/bin[.]sh,offline
mirai,http[:]//101[.]108[.]252[.]112[:]37688/i,offline
,http[:]//27[.]37[.]229[.]14[:]49105/i,offline
Mozi,http[:]//42[.]224[.]123[.]140[:]48397/i,offline
mirai,http[:]//113[.]221[.]46[.]46[:]40057/bin[.]sh,offline
Mozi,http[:]//112[.]248[.]108[.]207[:]55469/i,offline
,http[:]//42[.]7[.]200[.]149[:]54830/bin[.]sh,offline
mirai,http[:]//222[.]127[.]170[.]84[:]56094/i,offline
Mozi,http[:]//219[.]157[.]164[.]243[:]33354/i,offline
,http[:]//113[.]231[.]250[.]48[:]34992/bin[.]sh,offline
Mozi,http[:]//42[.]224[.]99[.]30[:]51096/bin[.]sh,offline
mirai,http[:]//42[.]242[.]128[.]179[:]35557/bin[.]sh,offline
Mozi,http[:]//115[.]63[.]206[.]246[:]47417/i,offline
mirai,http[:]//210[.]208[.]110[.]42[:]48170/bin[.]sh,offline
mirai,http[:]//210[.]208[.]111[.]36[:]38915/bin[.]sh,offline
mirai,http[:]//210[.]208[.]111[.]2[:]48376/i,offline
mirai,http[:]//164[.]163[.]25[.]149[:]34007/bin[.]sh,offline
Mozi,http[:]//115[.]55[.]174[.]224[:]59517/i,offline
mirai,http[:]//210[.]208[.]111[.]220[:]37183/bin[.]sh,offline
Mozi,http[:]//42[.]238[.]143[.]158[:]39299/i,offline
Mozi,http[:]//115[.]48[.]141[.]171[:]37256/bin[.]sh,offline
,http[:]//124[.]94[.]223[.]135[:]51466/i,offline
mirai,http[:]//123[.]173[.]101[.]81[:]57489/i,offline
Mozi,http[:]//115[.]49[.]77[.]192[:]40174/bin[.]sh,offline
Mozi,http[:]//42[.]232[.]239[.]29[:]59093/i,offline
,http[:]//115[.]57[.]81[.]202[:]57526/bin[.]sh,offline
Mozi,http[:]//125[.]42[.]11[.]24[:]56576/bin[.]sh,offline
Mozi,http[:]//125[.]42[.]11[.]24[:]56576/i,offline
"32-bit,elf,mips,Mozi",http[:]//222[.]137[.]22[.]49[:]45468/i,offline
"32-bit,elf,mips,Mozi",http[:]//123[.]129[.]132[.]220[:]47388/i,offline
"32-bit,arm,elf,mirai,Mozi",http[:]//210[.]208[.]110[.]147[:]49159/i,offline
"IRAHook,rat,stealer",https[:]//www[.]dropbox[.]com/scl/fi/b7zislagvz1s50bgpeiq2/bundle[.]zip?rlkey=q4dv3sn8vvlnhgl6pwecxyxyk&st=wqptx9k3&dl=1,offline
"32-bit,elf,mips,Mozi",http[:]//182[.]127[.]110[.]30[:]43660/i,offline
"AsyncRAT,opendir,xworm",http[:]//107[.]175[.]88[.]100/img/XWormClient[.]dat,online
"gz,opendir",http[:]//107[.]175[.]88[.]100/img/PO23456[.]GZ,offline
"stego,xworm",https[:]//pub-ce02802067934e0eb072f69bf6427bf6[.]r2[.]dev/Fifa[.]png,offline
"stego,xworm",https[:]//long-wildflower-b4f5[.]gustavosoftware[.]workers[.]dev/mHQSe,offline
"exe,Formbook",http[:]//safeifm[.]com/wp-admin/maint/bin[.]exe,online
"ascii,Formbook,powershell,ps1",https[:]//promnet[.]jp/components/com_media/yrxeqmt/mpzjoiq/udskwfe/cngrce[.]ps1,offline
"ascii,Formbook,powershell,ps1",https[:]//lp[.]afonsonobreadv[.]com[.]br/wp-includes/cryptted[.]ps1,offline
"exe,PureLogsStealer",https[:]//www[.]agcestksa[.]com/sarafina[.]exe,offline
"32-bit,elf,mips,Mozi",http[:]//27[.]216[.]232[.]125[:]43919/i,offline
"32-bit,elf,mips,Mozi",http[:]//115[.]59[.]19[.]222[:]47416/i,offline
"PureLogsStealer,stego",https[:]//res[.]cloudinary[.]com/k3uwjzeq/image/upload/v1788142430/img_041223_zqdcuu[.]jpg,offline
"PureLogsStealer,stego",https[:]//lively-fog-af49[.]pablosoftwareplus[.]workers[.]dev/hMgsg,offline
"32-bit,elf,mips,Mozi",http[:]//61[.]53[.]94[.]239[:]44175/bin[.]sh,offline
"rat,RemcosRAT,stego",https[:]//lively-fog-af49[.]pablosoftwareplus[.]workers[.]dev/ZZYGy,offline
"rat,RemcosRAT,stego",https[:]//od[.]lk/d/NDdfMTEzODkyODAzX2g3anRu/img_212403[.]png,offline
"rat,RemcosRAT,stego",https[:]//res[.]cloudinary[.]com/z59k52bl/image/upload/v1788156254/img_020350[.]jpg,offline
"rat,RemcosRAT,stego",https[:]//res[.]cloudinary[.]com/z59k52bl/image/upload/v1788133445/img_194306[.]jpg,offline
"32-bit,elf,mips,Mozi",http[:]//115[.]42[.]71[.]239[:]60229/i,offline
"32-bit,arm,elf,mirai,Mozi",http[:]//60[.]162[.]48[.]28[:]41782/i,offline
"rat,RemcosRAT",https[:]//files[.]catbox[.]moe/qv1jb7[.]zip,offline
"rat,RemcosRAT,stego",https[:]//lively-fog-af49[.]pablosoftwareplus[.]workers[.]dev/UXfOw,offline
"rat,RemcosRAT,stego",https[:]//pub-0216fa08b2b94e129cb9e002cf7cb1f4[.]r2[.]dev/fmp/img_022118[.]png,offline
Mozi,http[:]//61[.]53[.]88[.]48[:]39814/i,offline
"AgentTesla,ascii,Encoded,GuLoader",https[:]//sportssurgeon[.]org[.]pk/Cnidoblast[.]pcz,offline
"AgentTesla,encrypted",https[:]//sportssurgeon[.]org[.]pk/rVVVuiivzw223[.]bin,offline
"32-bit,elf,mips,Mozi",http[:]//27[.]216[.]232[.]125[:]43919/bin[.]sh,offline
"ascii,opendir,powershell,ps1",http[:]//159[.]203[.]80[.]145/web/7898378456445[.]ps1,offline
"ascii,opendir,powershell,ps1",http[:]//159[.]203[.]80[.]145/web/john/355656444444444444444445[.]ps1,offline
"ascii,opendir,powershell,ps1",http[:]//159[.]203[.]80[.]145/web/2232342455[.]ps1,offline
"54e64e,dropped-by-amadey",http[:]//91[.]92[.]242[.]236/files-129312398/files/file_d558ca7d5eabc298[.]msi,online
"32-bit,arm,elf,mirai,Mozi",http[:]//60[.]162[.]48[.]28[:]41782/bin[.]sh,offline
"exe,rat,RemcosRAT",https[:]//cdn[.]discordapp[.]com/attachments/1416559796815003772/1543776944942743574/kZIYzgXxmUyUPOG[.]exe?ex=6a9619d1&is=6a94c851&hm=470a6b16a3bcc6a3e7bef167ec71673e4ddec20a9bc48a36b55474510a582241&,offline
"exe,rat,RemcosRAT",https[:]//cdn[.]discordapp[.]com/attachments/1416559796815003772/1543870743698219168/Hf9H6D3HegA7i07[.]exe?ex=6a96712d&is=6a951fad&hm=4c03f6e9b82211f2b381f12c8f28354af43285e3b330e4c64a497ec4baf20718&,offline
"9d2ca3,dropped-by-amadey,Stealc",http[:]//91[.]92[.]242[.]236/files-129312398/files/file_c6e14932b6243923[.]exe,offline
"mirai,ua-wget",http[:]//176[.]65[.]139[.]206/bins/sh4,offline
"mirai,ua-wget",http[:]//176[.]65[.]139[.]206/bins/mpsl,offline
"mirai,ua-wget",http[:]//176[.]65[.]139[.]206/bins/arm5,offline
"mirai,ua-wget",http[:]//176[.]65[.]139[.]206/bins/arm6,offline
"mirai,ua-wget",http[:]//176[.]65[.]139[.]206/bins/mips,offline
"mirai,ua-wget",http[:]//176[.]65[.]139[.]206/bins/arm,offline
"mirai,ua-wget",http[:]//176[.]65[.]139[.]206/bins/x86,offline
"mirai,ua-wget",http[:]//176[.]65[.]139[.]206/bins/m68k,offline
"mirai,ua-wget",http[:]//176[.]65[.]139[.]206/bins/ppc,offline
"mirai,ua-wget",http[:]//176[.]65[.]139[.]206/bins/arm7,offline
ua-wget,http[:]//176[.]65[.]139[.]206/bins/x8664,offline
"AokigaharaStealer,exe",http[:]//192[.]162[.]199[.]149/uploads/69c7b08d53c448c283d2f9d244d190cc[.]exe,online
"AokigaharaStealer,exe",http[:]//192[.]162[.]199[.]149/uploads/8323ff95090049d3826616b94eed7cd8[.]exe,online
"exe,Vidar",http[:]//192[.]162[.]199[.]149/uploads/26bd033dff764587836ef1b2e13d79eb[.]exe,online
"exe,Vidar",http[:]//192[.]162[.]199[.]149/uploads/c9df9ff3c2174c4da9300946886142a1[.]exe,online
"exe,Vidar",http[:]//192[.]162[.]199[.]149/uploads/ac67795cbe1f491785c528b3ce7e02f7[.]exe,online
"exe,Vidar",http[:]//192[.]162[.]199[.]149/uploads/e89f8067ad444d60b2ca4bba298d964a[.]exe,online
"AokigaharaStealer,exe",http[:]//192[.]162[.]199[.]149/uploads/0c83aee7a8ad48ecb075c59c5b4957f3[.]exe,online
"exe,Vidar",http[:]//192[.]162[.]199[.]149/uploads/f1fd2b57dfc04e709e0d745afb092693[.]exe,online
"exe,Vidar",http[:]//192[.]162[.]199[.]149/uploads/343aed2fde0e4a64a80edc50ae7d9de6[.]exe,online
"exe,RemusStealer",http[:]//192[.]162[.]199[.]149/uploads/f1c106553ca64defbddc6d82476e8076[.]exe,online
"exe,Vidar",http[:]//192[.]162[.]199[.]149/uploads/64c95144ee7744879dc688f427e12703[.]exe,online
"exe,Vidar",http[:]//192[.]162[.]199[.]149/uploads/141935c46a5c4ff1b84b433e84f36e61[.]exe,online
"exe,RemusStealer",http[:]//192[.]162[.]199[.]149/uploads/f3eeb7dfc18246f7bc40a5704a81d193[.]exe,online
"exe,Vidar",http[:]//192[.]162[.]199[.]149/uploads/785778d19d3a48aabc169c022dd6e4a2[.]exe,online
"exe,Vidar",http[:]//192[.]162[.]199[.]149/uploads/036d684a34404874843f08d695e15695[.]exe,online
"exe,Vidar",http[:]//192[.]162[.]199[.]149/uploads/ca75c0dfaf9540ab96d419f67574927f[.]exe,online
"exe,RemusStealer",http[:]//192[.]162[.]199[.]149/uploads/2d7aaa6d163f48458905a62516fc1390[.]exe,online
"exe,RemusStealer",http[:]//192[.]162[.]199[.]149/uploads/d0d605c01f71464ea16b25c92892dbe0[.]exe,online
"exe,RemusStealer",http[:]//192[.]162[.]199[.]149/uploads/d33ab8c1371c4e1b9f2fdb7007e21df4[.]exe,online
"32-bit,elf,mips,Mozi",http[:]//103[.]160[.]130[.]109[:]60664/i,offline
"adb,malware-download,shell-script",http[:]//160[.]250[.]181[.]124/c8r3nv[.]sh,offline
"SilverFox,ValleyRAT",https[:]//download-sougou[.]com[.]cn/donwnload/sougouExpiorerr_Setup_x64_25537[.]zip,offline
"SilverFox,ValleyRAT",https[:]//www[.]ryzhe[.]com/down88,offline
"ascii,mirai",http[:]//176[.]65[.]139[.]206/bins/w[.]sh,offline
".jar malware,hypixel,minecraft,trojan",https[:]//taunahi[.]st/TaunahiLoader-26[.]2[.]jar,online
"adb,malware-download,shell-script",http[:]//160[.]250[.]181[.]124/b4k9zp[.]sh,offline
"adb,malware-download,shell-script",http[:]//160[.]250[.]181[.]124/a7m2qx[.]sh,offline
perl,http[:]//147[.]182[.]224[.]216/zed,offline
"c2-monitor-auto,dropped-by-amadey",http[:]//91[.]92[.]242[.]236/files-129312398/files/file_09b356d3e83b6e17[.]exe,offline
".jar malware,hypixel,minecraft,SilentNet,trojan",https[:]//taunahi[.]st/TaunahiLoader-1[.]21[.]11-v4[.]2[.]5[.]jar,offline
"elf,iot",http[:]//109[.]107[.]155[.]75/c[.]sh,offline
"elf,iot",http[:]//109[.]107[.]155[.]75/wget[.]sh,offline
"elf,iot",http[:]//109[.]107[.]155[.]75/w[.]sh,offline
"c2-monitor-auto,dropped-by-amadey",http[:]//91[.]92[.]242[.]236/files-129312398/files/file_6c797bbd62211662[.]exe,offline
"c2-monitor-auto,dropped-by-amadey",http[:]//91[.]92[.]242[.]236/files-129312398/files/file_7f00be6bc9c7ba59[.]exe,offline
"32-bit,arm,elf,mirai,Mozi",http[:]//196[.]188[.]141[.]17[:]57516/i,offline
"32-bit,arm,elf,mirai,Mozi",http[:]//115[.]196[.]66[.]157[:]42207/i,offline
"32-bit,arm,elf,mirai,Mozi",http[:]//196[.]188[.]141[.]17[:]57516/bin[.]sh,offline
PureLogsStealer,https[:]//goododeqvip[.]com/Zoom-call[.]zip,offline
"32-bit,elf,mips,Mozi",http[:]//113[.]236[.]123[.]97[:]50884/bin[.]sh,offline
"rat,ValleyRAT",http[:]//156[.]251[.]11[.]121[:]8080/aom[.]jpg,online
"rat,ValleyRAT",http[:]//156[.]251[.]11[.]121[:]8080/aom[.]dat,online
"32-bit,elf,mips,Mozi",http[:]//103[.]160[.]130[.]109[:]60664/bin[.]sh,offline
"32-bit,elf,mips,Mozi",http[:]//61[.]52[.]184[.]169[:]33320/i,offline
"32-bit,arm,elf,mirai,Mozi",http[:]//115[.]196[.]66[.]157[:]42207/bin[.]sh,offline
"32-bit,elf,mips,Mozi",http[:]//61[.]52[.]184[.]169[:]33320/bin[.]sh,offline
"32-bit,elf,mips,Mozi",http[:]//115[.]61[.]115[.]156[:]55493/i,offline
Mozi,http[:]//115[.]51[.]21[.]120[:]45431/bin[.]sh,offline
Mozi,http[:]//222[.]141[.]127[.]225[:]42871/i,offline
"32-bit,arm,elf,mirai,Mozi",http[:]//203[.]204[.]158[.]100[:]48107/i,offline
"32-bit,arm,elf,mirai,Mozi",http[:]//203[.]204[.]158[.]100[:]48107/bin[.]sh,offline
Mozi,http[:]//222[.]141[.]127[.]225[:]42871/bin[.]sh,offline
"32-bit,elf,mips,Mozi",http[:]//115[.]50[.]31[.]109[:]50819/i,offline
Mozi,http[:]//123[.]5[.]127[.]210[:]55188/i,offline
Mozi,http[:]//123[.]5[.]127[.]210[:]55188/bin[.]sh,offline
"32-bit,arm,elf,mirai,Mozi",http[:]//125[.]25[.]105[.]134[:]50943/i,offline
,http[:]//113[.]236[.]123[.]97[:]50884/i,offline
"32-bit,elf,mips,Mozi",http[:]//27[.]207[.]138[.]210[:]50855/bin[.]sh,offline
"32-bit,elf,mips,Mozi",http[:]//103[.]179[.]240[.]227[:]39430/i,offline
"32-bit,elf,mips,Mozi",http[:]//119[.]115[.]250[.]29[:]44519/i,offline
"32-bit,elf,mips,Mozi",http[:]//103[.]179[.]240[.]227[:]39430/bin[.]sh,offline
"32-bit,elf,mips,Mozi",http[:]//61[.]54[.]232[.]47[:]53583/i,offline
"32-bit,arm,elf,mirai,Mozi",http[:]//120[.]28[.]194[.]30[:]41877/i,offline
"32-bit,elf,mips,Mozi",http[:]//119[.]115[.]250[.]29[:]44519/bin[.]sh,offline
"32-bit,elf,mips,Mozi",http[:]//61[.]54[.]232[.]47[:]53583/bin[.]sh,offline
"32-bit,arm,elf,mirai,Mozi",http[:]//120[.]28[.]194[.]30[:]41877/bin[.]sh,offline
"32-bit,elf,mips,Mozi",http[:]//175[.]165[.]121[.]173[:]50270/i,offline
"32-bit,elf,mips,Mozi",http[:]//61[.]53[.]135[.]222[:]43860/i,offline
"32-bit,elf,mips,Mozi",http[:]//61[.]52[.]34[.]151[:]44632/i,offline
"32-bit,elf,mips,Mozi",http[:]//61[.]53[.]135[.]222[:]43860/bin[.]sh,offline
"32-bit,elf,mips,Mozi",http[:]//119[.]118[.]55[.]26[:]41691/bin[.]sh,offline
"32-bit,elf,mips,Mozi",http[:]//39[.]91[.]91[.]144[:]57023/i,offline
Mozi,http[:]//115[.]57[.]212[.]94[:]48467/i,offline
"32-bit,elf,mips,Mozi",http[:]//39[.]87[.]39[.]59[:]57952/i,offline
"32-bit,elf,mips,Mozi",http[:]//115[.]57[.]212[.]94[:]48467/bin[.]sh,offline
"32-bit,arm,elf,mirai,Mozi",http[:]//120[.]28[.]137[.]240[:]39725/bin[.]sh,offline
"32-bit,elf,mips,Mozi",http[:]//119[.]179[.]252[.]154[:]38466/i,offline
"118-107-6-183,AsyncRAT,exe,ua-wget",http[:]//118[.]107[.]6[.]183/cs2[.]exe,offline
"118-107-6-183,AsyncRAT,exe,ua-wget",http[:]//118[.]107[.]6[.]183/132[.]exe,offline
"118-107-6-183,exe,ua-wget",http[:]//118[.]107[.]6[.]183/13[.]exe,offline
"121-127-245-197-8080,exe,ua-wget,ValleyRAT",http[:]//121[.]127[.]245[.]197[:]8080/192[.]exe,offline
"121-127-245-147-8080,exe,ua-wget,ValleyRAT",http[:]//121[.]127[.]245[.]147[:]8080/192[.]exe,offline
"121-127-245-145-8080,exe,ua-wget,ValleyRAT",http[:]//121[.]127[.]245[.]145[:]8080/192[.]exe,offline
"121-127-245-218-8080,exe,ua-wget,ValleyRAT",http[:]//121[.]127[.]245[.]218[:]8080/192[.]exe,offline
"121-127-245-187-8080,exe,ua-wget,ValleyRAT",http[:]//121[.]127[.]245[.]187[:]8080/192[.]exe,offline
"103-45-66-107,AsyncRAT,exe,ua-wget,VenomRAT",http[:]//103[.]45[.]66[.]107/103[.]exe,online
"103-45-66-107,exe,ua-wget,VenomRAT",http[:]//103[.]45[.]66[.]107/192[.]exe,online
"103-45-66-107,AsyncRAT,donutloader,exe,ua-wget",http[:]//103[.]45[.]66[.]107/118[.]exe,online
"192-252-187-26,exe,ua-wget",http[:]//192[.]252[.]187[.]26/s[.]exe,offline
"202-95-15-49,AdaptixC2,exe,ua-wget",http[:]//202[.]95[.]15[.]49/agent[.]x64[.]exe,offline
"85-239-149-196,exe,RemusStealer,ua-wget",http[:]//85[.]239[.]149[.]196/main[.]exe,offline
"32-bit,elf,mips,Mozi",http[:]//119[.]179[.]252[.]154[:]38466/bin[.]sh,offline
"143-92-60-24,elf,supershell,ua-wget",https[:]//143[.]92[.]60[.]24/kworker,offline
"143-92-60-13,elf,supershell,ua-wget",https[:]//143[.]92[.]60[.]13/kworker,offline
"143-92-60-26,elf,supershell,ua-wget",https[:]//143[.]92[.]60[.]26/kworker,offline
"45-148-10-240,elf,ua-wget",http[:]//45[.]148[.]10[.]240/kworker,offline
"151-240-151-7,mirai,sh,ua-wget",http[:]//151[.]240[.]151[.]7/bins[.]sh,online
"151-240-151-7,elf,mirai,ua-wget",http[:]//151[.]240[.]151[.]7/mirai[.]mpsl,online
"151-240-151-7,elf,mirai,ua-wget",http[:]//151[.]240[.]151[.]7/mirai[.]arm,online
"151-240-151-7,elf,mirai,ua-wget",http[:]//151[.]240[.]151[.]7/mirai[.]arm7,online
"151-240-151-7,elf,mirai,ua-wget",http[:]//151[.]240[.]151[.]7/mirai[.]spc,online
"151-240-151-7,elf,mirai,ua-wget",http[:]//151[.]240[.]151[.]7/mirai[.]sh4,online
"151-240-151-7,elf,mirai,ua-wget",http[:]//151[.]240[.]151[.]7/mirai[.]mips,online
"151-240-151-7,elf,mirai,ua-wget",http[:]//151[.]240[.]151[.]7/mirai[.]ppc,online
"45-148-10-133,connectwise,exe,ua-wget",https[:]//45[.]148[.]10[.]133/bin/support[.]client[.]exe,offline
"45-148-10-133,connectwise,exe,ua-wget",https[:]//45[.]148[.]10[.]133/Bin/ScreenConnect[.]ClientSetup[.]exe,offline
Mozi,http[:]//125[.]42[.]33[.]214[:]43715/bin[.]sh,offline
"32-bit,arm,elf,mirai,Mozi",http[:]//124[.]6[.]169[.]46[:]33212/bin[.]sh,offline
"32-bit,elf,mips,Mozi",http[:]//175[.]149[.]67[.]160[:]36060/i,offline
"9d2ca3,dropped-by-amadey",http[:]//91[.]92[.]242[.]236/files-129312398/files/file_d0440b96a87305e5[.]exe,offline
"32-bit,elf,mips,Mozi",http[:]//219[.]154[.]174[.]39[:]60220/i,offline
"32-bit,elf,mips,Mozi",http[:]//182[.]113[.]27[.]187[:]49881/i,offline
"32-bit,elf,mips,Mozi",http[:]//120[.]84[.]213[.]26[:]48371/i,offline
"32-bit,elf,mips,Mozi",http[:]//59[.]97[.]249[.]68[:]48169/i,offline
"32-bit,elf,mips,Mozi",http[:]//182[.]121[.]181[.]105[:]36990/i,offline
"32-bit,elf,mips,Mozi",http[:]//219[.]154[.]174[.]39[:]60220/bin[.]sh,offline
"32-bit,elf,mips,Mozi",http[:]//39[.]74[.]2[.]161[:]45451/i,offline
"d52f85,dropped-by-amadey",http[:]//62[.]60[.]226[.]140/files/7782139129/a3hWq3M[.]exe,offline
"32-bit,elf,mips,Mozi",http[:]//59[.]97[.]249[.]68[:]48169/bin[.]sh,offline
"32-bit,elf,mips,Mozi",http[:]//39[.]74[.]2[.]161[:]45451/bin[.]sh,offline
"32-bit,elf,mips,Mozi",http[:]//27[.]215[.]215[.]75[:]51224/i,offline
Mozi,http[:]//115[.]50[.]95[.]179[:]56165/i,offline
"32-bit,elf,mips,Mozi",http[:]//163[.]142[.]92[.]157[:]40373/i,offline
"32-bit,elf,mips,Mozi",http[:]//163[.]142[.]92[.]157[:]40373/bin[.]sh,offline
Mozi,http[:]//125[.]47[.]228[.]36[:]48346/i,offline
Mozi,http[:]//125[.]47[.]228[.]36[:]48346/bin[.]sh,offline
"32-bit,elf,mips,Mozi",http[:]//182[.]117[.]69[.]14[:]39814/i,offline
"32-bit,elf,mips,Mozi",http[:]//182[.]121[.]41[.]234[:]52522/i,offline
"32-bit,elf,mips,Mozi",http[:]//219[.]157[.]190[.]80[:]41921/i,offline
"32-bit,elf,mips,Mozi",http[:]//182[.]121[.]106[.]206[:]50819/i,offline
mirai,http[:]//160[.]119[.]71[.]134/n2/nw/armv6l,offline
mirai,http[:]//160[.]119[.]71[.]134/n2/nw/armv7l,offline
mirai,http[:]//160[.]119[.]71[.]134/n2/nw/mips64b,offline
mirai,http[:]//160[.]119[.]71[.]134/n2/nw/mips64l,offline
mirai,http[:]//160[.]119[.]71[.]134/n2/nw/mpsl,offline
mirai,http[:]//160[.]119[.]71[.]134/n2/nw/m68k,offline
mirai,http[:]//160[.]119[.]71[.]134/n2/nw/armv5l,offline
mirai,http[:]//160[.]119[.]71[.]134/n2/nw/sh4,offline
mirai,http[:]//160[.]119[.]71[.]134/n2/nw/x86,offline
mirai,http[:]//160[.]119[.]71[.]134/n2/nw/x86_64,offline
mirai,http[:]//160[.]119[.]71[.]134/n2/nw/aarch64,offline
mirai,http[:]//160[.]119[.]71[.]134/n2/nw/mips,offline
mirai,http[:]//160[.]119[.]71[.]134/n2/nw/ppc,offline
mirai,http[:]//160[.]119[.]71[.]134/n2/nw/armv4l,offline
"32-bit,elf,mips,Mozi",http[:]//182[.]121[.]106[.]206[:]50819/bin[.]sh,offline
"32-bit,arm,elf,mirai,Mozi",http[:]//222[.]219[.]25[.]40[:]41597/bin[.]sh,offline
"32-bit,arm,elf,mirai,Mozi",http[:]//115[.]58[.]181[.]180[:]33235/i,offline
"32-bit,arm,elf,mirai,Mozi",http[:]//196[.]190[.]133[.]180[:]53984/i,offline
"32-bit,elf,mips,Mozi",http[:]//175[.]165[.]141[.]12[:]57080/i,offline
"32-bit,elf,mips,Mozi",http[:]//175[.]165[.]141[.]12[:]57080/bin[.]sh,offline
"32-bit,elf,mips,Mozi",http[:]//182[.]120[.]132[.]147[:]50830/bin[.]sh,offline
"32-bit,elf,mips,Mozi",http[:]//113[.]228[.]97[.]87[:]37040/i,offline
"32-bit,elf,mips,Mozi",http[:]//115[.]61[.]100[.]5[:]53706/i,offline
"32-bit,elf,mips,Mozi",http[:]//115[.]49[.]73[.]224[:]46099/bin[.]sh,offline
,http[:]//119[.]185[.]242[.]125[:]51657/i,offline
"32-bit,elf,mips,Mozi",http[:]//115[.]61[.]100[.]5[:]53706/bin[.]sh,offline
mirai,http[:]//165[.]98[.]243[.]83[:]44647/i,offline
,http[:]//119[.]185[.]242[.]125[:]51657/bin[.]sh,offline
"32-bit,elf,mips,Mozi",http[:]//113[.]228[.]97[.]87[:]37040/bin[.]sh,offline
"32-bit,arm,elf,mirai,Mozi",http[:]//36[.]70[.]73[.]226[:]51425/bin[.]sh,offline
"32-bit,elf,mips,Mozi",http[:]//115[.]49[.]77[.]192[:]40174/i,offline
mirai,http[:]//165[.]98[.]243[.]83[:]44647/bin[.]sh,offline
"32-bit,elf,mips,Mozi",http[:]//119[.]114[.]63[.]69[:]50707/i,offline
"32-bit,arm,elf,mirai,Mozi",http[:]//113[.]221[.]76[.]194[:]54955/i,offline
"elf,mirai,ua-wget",http[:]//91[.]184[.]241[.]245/bins/psh4,offline
"elf,mirai,ua-wget",http[:]//91[.]184[.]241[.]245/bins/pmips,offline
"elf,mirai,ua-wget",http[:]//91[.]184[.]241[.]245/bins/parm6,offline
"elf,mirai,ua-wget",http[:]//91[.]184[.]241[.]245/bins/pm68k,offline
"elf,mirai,ua-wget",http[:]//91[.]184[.]241[.]245/bins/px86,offline
"32-bit,arm,elf,mirai,Mozi",http[:]//196[.]189[.]130[.]28[:]40073/i,offline
"32-bit,arm,elf,mirai,Mozi",http[:]//112[.]198[.]193[.]62[:]41416/i,offline
"rat,RemcosRAT,stego",https[:]//coolairesgroup[.]com/img_170820[.]png,online
"c2-monitor-auto,dropped-by-amadey",http[:]//91[.]92[.]242[.]236/files-129312398/files/file_eb000b0d5ab4ad5b[.]exe,offline
"32-bit,elf,mips,Mozi",http[:]//39[.]87[.]219[.]41[:]49431/bin[.]sh,offline
"32-bit,arm,elf,mirai,Mozi",http[:]//112[.]198[.]193[.]62[:]41416/bin[.]sh,offline
"32-bit,arm,elf,mirai,Mozi",http[:]//112[.]198[.]130[.]112[:]42541/i,offline
"elf,ua-wget",http[:]//64[.]89[.]163[.]8/hiddenbin/boatnet[.]x86_64,offline
"elf,ua-wget",http[:]//64[.]89[.]163[.]8/hiddenbin/boatnet[.]sh4,offline
"elf,ua-wget",http[:]//64[.]89[.]163[.]8/hiddenbin/boatnet[.]x86,offline
"elf,ua-wget",http[:]//64[.]89[.]163[.]8/hiddenbin/boatnet[.]spc,offline
"elf,ua-wget",http[:]//64[.]89[.]163[.]8/hiddenbin/boatnet[.]i686,offline
"elf,ua-wget",http[:]//64[.]89[.]163[.]8/hiddenbin/boatnet[.]arm6,offline
"elf,ua-wget",http[:]//64[.]89[.]163[.]8/hiddenbin/boatnet[.]arc,offline
"elf,ua-wget",http[:]//64[.]89[.]163[.]8/hiddenbin/boatnet[.]mips,offline
"elf,ua-wget",http[:]//64[.]89[.]163[.]8/hiddenbin/boatnet[.]mpsl,offline
"elf,ua-wget",http[:]//64[.]89[.]163[.]8/hiddenbin/boatnet[.]m68k,offline
"elf,ua-wget",http[:]//64[.]89[.]163[.]8/hiddenbin/boatnet[.]i468,offline
"elf,ua-wget",http[:]//64[.]89[.]163[.]8/hiddenbin/boatnet[.]arm,offline
"elf,ua-wget",http[:]//64[.]89[.]163[.]8/hiddenbin/boatnet[.]arm5,offline
"elf,ua-wget",http[:]//64[.]89[.]163[.]8/hiddenbin/boatnet[.]ppc,offline
"elf,ua-wget",http[:]//64[.]89[.]163[.]8/hiddenbin/boatnet[.]arm7,offline
"elf,gafgyt,mirai,ua-wget",http[:]//190[.]123[.]46[.]208/Okami[.]sparc,offline
"elf,gafgyt,mirai,ua-wget",http[:]//190[.]123[.]46[.]208/Okami[.]arm4,offline
"elf,gafgyt,mirai,ua-wget",http[:]//190[.]123[.]46[.]208/Okami[.]arm5,offline
"elf,gafgyt,mirai,ua-wget",http[:]//190[.]123[.]46[.]208/Okami[.]ppc,offline
"elf,gafgyt,mirai,ua-wget",http[:]//190[.]123[.]46[.]208/Okami[.]ppc440,offline
"elf,mirai,ua-wget",http[:]//190[.]123[.]46[.]208/Okami[.]sh4,offline
"elf,mirai,ua-wget",http[:]//190[.]123[.]46[.]208/Okami[.]arm7,offline
"elf,gafgyt,mirai,ua-wget",http[:]//190[.]123[.]46[.]208/Okami[.]mpsl,offline
"elf,gafgyt,mirai,ua-wget",http[:]//190[.]123[.]46[.]208/Okami[.]x86,offline
"elf,mirai,ua-wget",http[:]//190[.]123[.]46[.]208/Okami[.]i586,offline
"elf,mirai,ua-wget",http[:]//190[.]123[.]46[.]208/Okami[.]arm6,offline
"elf,gafgyt,mirai,ua-wget",http[:]//190[.]123[.]46[.]208/Okami[.]i686,offline
"elf,gafgyt,mirai,ua-wget",http[:]//190[.]123[.]46[.]208/Okami[.]m68k,offline
d7d7f50ed686001c727dbd987b7fc7e7,https[:]//github-software[.]su/encrypted/1[.]zip,offline
"32-bit,elf,mips,Mozi",http[:]//222[.]140[.]187[.]97[:]57305/bin[.]sh,offline
"32-bit,elf,mips,Mozi",http[:]//182[.]127[.]7[.]128[:]48142/i,offline
"32-bit,arm,elf,mirai,Mozi",http[:]//112[.]198[.]130[.]112[:]42541/bin[.]sh,offline
,http[:]//42[.]59[.]235[.]188[:]51478/i,offline
"dropped-by-Stealc,OverlordRAT,PG",https[:]//dasgems[.]com/prosetup[.]exe,offline
"32-bit,elf,mips,Mozi",http[:]//182[.]127[.]7[.]128[:]48142/bin[.]sh,offline
mirai,http[:]//39[.]89[.]242[.]234[:]38903/i,offline
mirai,http[:]//27[.]206[.]72[.]34[:]42043/i,offline
mirai,http[:]//39[.]89[.]242[.]234[:]38903/bin[.]sh,offline
mirai,http[:]//36[.]249[.]53[.]231[:]42647/bin[.]sh,offline
Mozi,http[:]//42[.]235[.]1[.]70[:]34961/i,offline
mirai,http[:]//42[.]53[.]254[.]96[:]49853/i,offline
mirai,http[:]//27[.]206[.]72[.]34[:]42043/bin[.]sh,offline
Mozi,http[:]//27[.]215[.]215[.]71[:]52264/i,offline
Mozi,http[:]//27[.]209[.]68[.]7[:]53911/bin[.]sh,offline
Mozi,http[:]//222[.]142[.]247[.]254[:]55164/i,offline
Mozi,http[:]//42[.]235[.]1[.]70[:]34961/bin[.]sh,offline
mirai,http[:]//61[.]176[.]123[.]105[:]57323/bin[.]sh,offline
,http[:]//222[.]140[.]186[.]239[:]51029/bin[.]sh,offline
,http[:]//42[.]180[.]220[.]46[:]40804/bin[.]sh,offline
,http[:]//60[.]22[.]62[.]241[:]50802/bin[.]sh,offline
Mozi,http[:]//222[.]139[.]33[.]79[:]42720/i,offline
Mozi,http[:]//42[.]224[.]99[.]30[:]51096/i,offline
Mozi,http[:]//39[.]74[.]85[.]213[:]36540/i,offline
Mozi,http[:]//42[.]238[.]68[.]10[:]52114/bin[.]sh,offline
,http[:]//42[.]235[.]52[.]81[:]46537/bin[.]sh,offline
Mozi,http[:]//61[.]52[.]59[.]159[:]34999/i,offline
Mozi,http[:]//42[.]232[.]181[.]173[:]46898/i,offline
Mozi,http[:]//222[.]138[.]218[.]14[:]32917/i,offline
Mozi,http[:]//61[.]52[.]6[.]170[:]47302/i,offline
,http[:]//42[.]57[.]220[.]37[:]50506/i,offline
Mozi,http[:]//61[.]53[.]94[.]239[:]44175/i,offline
,http[:]//42[.]57[.]220[.]37[:]50506/bin[.]sh,offline
Mozi,http[:]//61[.]52[.]156[.]127[:]34870/i,offline
,http[:]//60[.]22[.]160[.]35[:]40026/i,offline
,http[:]//42[.]235[.]52[.]81[:]46537/i,offline
,http[:]//42[.]180[.]220[.]46[:]40804/i,offline
Mozi,http[:]//27[.]207[.]138[.]210[:]50855/i,offline
Mozi,http[:]//27[.]215[.]215[.]71[:]52264/bin[.]sh,offline
Mozi,http[:]//39[.]87[.]219[.]41[:]49431/i,offline
Mozi,http[:]//27[.]202[.]53[.]216[:]45165/i,offline
mirai,http[:]//36[.]70[.]73[.]226[:]51425/i,offline
,http[:]//42[.]86[.]128[.]27[:]43504/i,offline
,http[:]//42[.]86[.]128[.]27[:]43504/bin[.]sh,offline
,http[:]//60[.]18[.]123[.]60[:]48930/bin[.]sh,offline
mirai,http[:]//66[.]212[.]173[.]225[:]33690/bin[.]sh,offline
Mozi,http[:]//222[.]140[.]187[.]97[:]57305/i,offline
mirai,http[:]//39[.]84[.]95[.]142[:]46029/bin[.]sh,offline
mirai,http[:]//66[.]212[.]186[.]193[:]40691/i,offline
Mozi,http[:]//39[.]81[.]37[.]49[:]36378/i,offline
Mozi,http[:]//39[.]63[.]147[.]103[:]48628/i,offline
mirai,http[:]//37[.]78[.]88[.]163[:]54756/Mozi[.]a,offline
Mozi,http[:]//222[.]139[.]33[.]79[:]42720/bin[.]sh,offline
Mozi,http[:]//42[.]232[.]181[.]173[:]46898/bin[.]sh,offline
mirai,http[:]//223[.]167[.]77[.]219[:]47369/i,offline
,http[:]//42[.]55[.]60[.]82[:]41723/bin[.]sh,offline
mirai,http[:]//45[.]233[.]94[.]135[:]34363/i,offline
mirai,http[:]//222[.]246[.]42[.]116[:]33992/i,offline
mirai,http[:]//31[.]129[.]0[.]57[:]56485/bin[.]sh,offline
Mozi,http[:]//27[.]202[.]32[.]94[:]37037/i,offline
mirai,http[:]//42[.]53[.]254[.]96[:]49853/bin[.]sh,offline
Mozi,http[:]//42[.]237[.]83[.]246[:]49531/bin[.]sh,offline
Mozi,http[:]//61[.]52[.]6[.]170[:]47302/bin[.]sh,offline
,http[:]//5[.]42[.]83[.]87[:]39654/i,offline
Mozi,http[:]//111[.]88[.]7[.]48[:]46913/i,offline
mirai,http[:]//66[.]212[.]173[.]225[:]33690/i,offline
Mozi,http[:]//77[.]53[.]43[.]110[:]51747/bin[.]sh,offline
mirai,http[:]//112[.]242[.]76[.]193[:]50743/i,offline
mirai,http[:]//112[.]242[.]76[.]193[:]50743/bin[.]sh,offline
mirai,http[:]//115[.]58[.]181[.]180[:]33235/bin[.]sh,offline
,http[:]//115[.]57[.]81[.]202[:]57526/i,offline
,http[:]//123[.]188[.]64[.]124[:]51916/i,offline
mirai,http[:]//115[.]49[.]22[.]9[:]54317/bin[.]sh,offline
Mozi,http[:]//221[.]15[.]21[.]138[:]35089/bin[.]sh,offline
,http[:]//113[.]229[.]179[.]183[:]33907/bin[.]sh,offline
,http[:]//175[.]167[.]230[.]83[:]55986/i,offline
Mozi,http[:]//115[.]55[.]239[.]21[:]51874/i,offline
Mozi,http[:]//115[.]55[.]251[.]163[:]34323/i,offline
Mozi,http[:]//125[.]47[.]33[.]81[:]41029/i,offline
Mozi,http[:]//123[.]4[.]238[.]229[:]32795/bin[.]sh,offline
,http[:]//123[.]4[.]238[.]229[:]32795/i,offline
Mozi,http[:]//221[.]15[.]21[.]138[:]35089/i,offline
mirai,http[:]//123[.]132[.]166[.]255[:]41245/Mozi[.]a,online
Mozi,http[:]//125[.]40[.]67[.]57[:]52158/i,offline
Mozi,http[:]//115[.]55[.]251[.]163[:]34323/bin[.]sh,offline
Mozi,http[:]//112[.]248[.]143[.]116[:]58363/i,offline
,http[:]//186[.]208[.]12[.]230[:]54283/bin[.]sh,offline
Mozi,http[:]//115[.]54[.]116[.]178[:]39450/i,offline
Mozi,http[:]//222[.]138[.]218[.]14[:]32917/bin[.]sh,offline
Mozi,http[:]//182[.]121[.]229[.]139[:]56762/i,offline
,http[:]//116[.]140[.]177[.]42[:]34139/bin[.]sh,offline
Mozi,http[:]//112[.]225[.]112[.]61[:]47907/i,offline
Mozi,http[:]//182[.]117[.]79[.]160[:]53358/bin[.]sh,offline
Mozi,http[:]//123[.]13[.]105[.]242[:]36593/i,offline
Mozi,http[:]//124[.]135[.]148[.]40[:]37020/bin[.]sh,offline
Mozi,http[:]//115[.]49[.]232[.]111[:]48058/Mozi[.]m,offline
Mozi,http[:]//221[.]14[.]174[.]131[:]54946/Mozi[.]m,offline
mirai,http[:]//180[.]191[.]42[.]15[:]44577/bin[.]sh,offline
mirai,http[:]//175[.]30[.]114[.]108[:]44656/bin[.]sh,offline
,http[:]//119[.]114[.]224[.]187[:]59568/i,offline
Mozi,http[:]//219[.]156[.]105[.]185[:]60344/i,offline
mirai,http[:]//120[.]28[.]137[.]240[:]39725/i,offline
Mozi,http[:]//182[.]121[.]147[.]100[:]33964/bin[.]sh,offline
Mozi,http[:]//219[.]156[.]105[.]185[:]60344/bin[.]sh,offline
mirai,http[:]//180[.]244[.]13[.]78[:]51597/i,offline
Mozi,http[:]//123[.]14[.]220[.]252[:]55271/bin[.]sh,offline
mirai,http[:]//183[.]23[.]133[.]4[:]54790/bin[.]sh,offline
Mozi,http[:]//125[.]44[.]215[.]3[:]47102/i,offline
,http[:]//175[.]175[.]235[.]48[:]33371/bin[.]sh,offline
Mozi,http[:]//182[.]121[.]67[.]105[:]59916/i,offline
Mozi,http[:]//112[.]248[.]186[.]62[:]45920/i,offline
Mozi,http[:]//112[.]248[.]186[.]62[:]45920/bin[.]sh,offline
Mozi,http[:]//115[.]55[.]254[.]171[:]55743/i,offline
Mozi,http[:]//182[.]116[.]122[.]69[:]57676/i,offline
,http[:]//124[.]244[.]246[.]9[:]48809/i,offline
,http[:]//115[.]49[.]73[.]224[:]46099/i,offline
,http[:]//123[.]189[.]129[.]48[:]46495/bin[.]sh,offline
,http[:]//123[.]188[.]64[.]124[:]51916/bin[.]sh,offline
,http[:]//113[.]231[.]250[.]48[:]34992/i,offline
,http[:]//186[.]208[.]12[.]230[:]54283/i,offline
,http[:]//115[.]54[.]114[.]54[:]43731/bin[.]sh,offline
,http[:]//175[.]146[.]154[.]219[:]43516/bin[.]sh,offline
mirai,http[:]//114[.]227[.]225[.]91[:]34236/i,offline
mirai,http[:]//124[.]6[.]167[.]121[:]45202/bin[.]sh,offline
Mozi,http[:]//125[.]44[.]215[.]3[:]47102/bin[.]sh,offline
Mozi,http[:]//125[.]47[.]248[.]69[:]49385/i,offline
mirai,http[:]//120[.]28[.]214[.]81[:]34338/i,offline
,http[:]//113[.]231[.]84[.]91[:]50140/bin[.]sh,offline
Mozi,http[:]//182[.]121[.]67[.]105[:]59916/bin[.]sh,offline
,http[:]//185[.]141[.]233[.]178[:]52346/i,offline
,http[:]//175[.]107[.]210[.]6[:]44599/i,offline
Mozi,http[:]//123[.]14[.]85[.]245[:]47055/i,offline
,http[:]//175[.]169[.]41[.]106[:]48130/bin[.]sh,offline
,http[:]//221[.]15[.]15[.]3[:]51349/bin[.]sh,offline
Mozi,http[:]//221[.]15[.]15[.]180[:]44703/i,offline
Mozi,http[:]//125[.]40[.]67[.]57[:]52158/bin[.]sh,offline
mirai,http[:]//180[.]180[.]120[.]121[:]39435/i,offline
mirai,http[:]//125[.]106[.]110[.]94[:]37160/i,offline
"gafgyt,mirai",http[:]//213[.]232[.]114[.]14/telnetd,online
Mozi,http[:]//182[.]127[.]113[.]11[:]57854/i,offline
mirai,http[:]//191[.]37[.]19[.]74[:]38307/i,offline
mirai,http[:]//177[.]86[.]229[.]12[:]53455/i,offline
mirai,http[:]//180[.]191[.]42[.]15[:]44577/i,offline
Mozi,http[:]//115[.]55[.]239[.]21[:]51874/bin[.]sh,offline
,http[:]//1[.]196[.]90[.]55[:]59295/i,offline
"gafgyt,mirai",http[:]//213[.]232[.]114[.]14/kworker,online
,http[:]//113[.]236[.]93[.]92[:]58892/bin[.]sh,offline
mirai,http[:]//210[.]208[.]111[.]100[:]46099/i,offline
mirai,http[:]//177[.]86[.]229[.]12[:]53455/bin[.]sh,offline
mirai,http[:]//123[.]172[.]56[.]34[:]44140/bin[.]sh,offline
"gafgyt,mirai",http[:]//213[.]232[.]114[.]14/telnet,online
Mozi,http[:]//125[.]47[.]33[.]81[:]41029/bin[.]sh,offline
,http[:]//123[.]190[.]23[.]212[:]38010/bin[.]sh,offline
Mozi,http[:]//182[.]121[.]229[.]139[:]56762/bin[.]sh,offline
mirai,http[:]//183[.]23[.]132[.]19[:]35951/i,offline
mirai,http[:]//125[.]106[.]110[.]94[:]37160/bin[.]sh,offline
,http[:]//115[.]54[.]114[.]54[:]43731/i,offline
Mozi,http[:]//182[.]120[.]132[.]147[:]50830/i,offline
Mozi,http[:]//124[.]135[.]148[.]40[:]37020/i,offline
mirai,http[:]//180[.]244[.]13[.]78[:]51597/bin[.]sh,offline
Mozi,http[:]//182[.]121[.]147[.]100[:]33964/i,offline
,http[:]//175[.]151[.]122[.]168[:]46830/i,offline
Mozi,http[:]//123[.]14[.]220[.]252[:]55271/i,offline
,http[:]//175[.]173[.]74[.]150[:]46674/i,offline
mirai,http[:]//123[.]172[.]56[.]34[:]44140/i,offline
mirai,http[:]//120[.]33[.]246[.]147[:]56428/bin[.]sh,offline
mirai,http[:]//183[.]23[.]132[.]19[:]35951/bin[.]sh,offline
Mozi,http[:]//123[.]13[.]105[.]242[:]36593/bin[.]sh,offline
,http[:]//120[.]84[.]214[.]221[:]40164/i,offline
,http[:]//175[.]150[.]244[.]110[:]45518/bin[.]sh,offline
mirai,http[:]//183[.]63[.]8[.]194[:]50991/bin[.]sh,offline
,http[:]//221[.]203[.]123[.]95[:]44682/bin[.]sh,offline
mirai,http[:]//105[.]184[.]178[.]250[:]46899/bin[.]sh,offline
mirai,http[:]//105[.]184[.]178[.]250[:]46899/i,offline
Mozi,http[:]//111[.]88[.]7[.]48[:]46913/bin[.]sh,offline
,http[:]//108[.]170[.]136[.]155[:]39483/i,offline
,http[:]//42[.]59[.]235[.]188[:]51478/bin[.]sh,offline
Mozi,http[:]//115[.]50[.]24[.]120[:]40892/i,offline
Mozi,http[:]//125[.]43[.]36[.]61[:]33756/i,offline
"32-bit,elf,mips,Mozi",http[:]//125[.]41[.]205[.]10[:]34951/i,offline
Mozi,http[:]//115[.]50[.]24[.]120[:]40892/bin[.]sh,offline
"32-bit,elf,mips,Mozi",http[:]//182[.]117[.]79[.]160[:]53358/i,offline
"32-bit,elf,mips,Mozi",http[:]//123[.]9[.]69[.]195[:]42280/i,offline
"32-bit,elf,mips,Mozi",http[:]//125[.]41[.]205[.]10[:]34951/bin[.]sh,offline
"32-bit,elf,mips,Mozi",http[:]//123[.]188[.]6[.]56[:]60411/bin[.]sh,offline
Mozi,http[:]//115[.]56[.]0[.]5[:]48737/i,offline
"54e64e,dropped-by-amadey",http[:]//31[.]76[.]100[.]209/d/pizdec[.]exe,offline
"32-bit,elf,mips,Mozi",http[:]//42[.]238[.]68[.]10[:]52114/i,offline
Mozi,http[:]//112[.]225[.]112[.]61[:]47907/bin[.]sh,offline
"32-bit,elf,mips,Mozi",http[:]//123[.]9[.]69[.]195[:]42280/bin[.]sh,offline
"32-bit,elf,mips,Mozi",http[:]//39[.]71[.]13[.]220[:]39751/i,offline
"elf,iot,mirai,Mozi",http[:]//39[.]89[.]242[.]234[:]38903/Mozi[.]m,offline
"elf,iot,mirai,ua-wget",http[:]//168[.]222[.]254[.]23[:]889/agustin51,offline
"cowrie,gafgyt,honeypot,mirai",http[:]//190[.]123[.]46[.]208/bins[.]sh,offline
"c2-monitor-auto,dropped-by-amadey",http[:]//91[.]92[.]242[.]236/files-129312398/files/file_459f852b2ea61fd2[.]exe,offline
,http[:]//61[.]220[.]155[.]123[:]36328/bin[.]sh,offline
"cowrie,honeypot,mirai",http[:]//190[.]123[.]46[.]208/Okami[.]mips,offline
"c2-monitor-auto,dropped-by-amadey",http[:]//91[.]92[.]242[.]236/files-129312398/files/file_7bce60f501d04523[.]exe,offline
"c2-monitor-auto,dropped-by-amadey",http[:]//91[.]92[.]242[.]236/files-129312398/files/file_4c685dc091836067[.]msi,offline
"c2-monitor-auto,dropped-by-amadey",http[:]//91[.]92[.]242[.]236/files-129312398/files/file_6f0c556e64bed100[.]exe,offline
,http[:]//222[.]140[.]186[.]239[:]51029/i,offline
"32-bit,arm,elf,mirai,Mozi",http[:]//42[.]59[.]30[.]80[:]55449/i,offline
"32-bit,elf,mips,Mozi",http[:]//39[.]71[.]13[.]220[:]39751/bin[.]sh,offline
"32-bit,arm,elf,mirai,Mozi",http[:]//42[.]59[.]30[.]80[:]55449/bin[.]sh,offline
"32-bit,arm,elf,mirai,Mozi",http[:]//180[.]115[.]168[.]174[:]34414/bin[.]sh,offline
"32-bit,arm,elf,mirai,Mozi",http[:]//196[.]189[.]96[.]59[:]48801/i,offline
mirai,http[:]//123[.]173[.]73[.]226[:]41793/i,offline
"32-bit,arm,elf,mirai,Mozi",http[:]//196[.]189[.]96[.]59[:]48801/bin[.]sh,offline
"32-bit,elf,mips,Mozi",http[:]//221[.]15[.]7[.]236[:]38122/bin[.]sh,offline
"CoinMiner,d7d7f50ed686001c727dbd987b7fc7e7,dropped-by-remus",https[:]//rabbitfuns[.]su/main/powershell[.]exe,offline
mirai,http[:]//123[.]173[.]73[.]226[:]41793/bin[.]sh,offline
Mozi,http[:]//222[.]142[.]253[.]3[:]58777/bin[.]sh,offline
"32-bit,elf,mips,Mozi",http[:]//125[.]41[.]2[.]240[:]38275/i,offline
Mozi,http[:]//115[.]59[.]226[.]41[:]37592/i,offline
"32-bit,elf,mips,Mozi",http[:]//125[.]41[.]8[.]191[:]33647/bin[.]sh,offline
"32-bit,elf,mips,Mozi",http[:]//202[.]107[.]89[.]51[:]58307/i,offline
"32-bit,elf,mips,Mozi",http[:]//42[.]56[.]161[.]38[:]49976/bin[.]sh,offline
"32-bit,elf,mips,Mozi",http[:]//202[.]107[.]89[.]51[:]58307/bin[.]sh,offline
"32-bit,elf,mips,Mozi",http[:]//115[.]58[.]90[.]255[:]34887/i,offline
Mozi,http[:]//61[.]53[.]153[.]252[:]41456/i,offline
"32-bit,elf,mips,Mozi",http[:]//42[.]224[.]76[.]112[:]39508/i,offline
Mozi,http[:]//222[.]142[.]253[.]3[:]58777/i,offline
"32-bit,elf,mips,Mozi",http[:]//221[.]15[.]7[.]236[:]38122/i,offline
"32-bit,arm,elf,mirai,Mozi",http[:]//105[.]224[.]109[.]136[:]51423/i,offline
Mozi,http[:]//61[.]53[.]153[.]252[:]41456/bin[.]sh,offline
Mozi,http[:]//182[.]126[.]115[.]131[:]48279/i,offline
"32-bit,elf,mips,Mozi",http[:]//125[.]47[.]248[.]69[:]49385/bin[.]sh,offline
mirai,http[:]//36[.]70[.]69[.]233[:]52578/bin[.]sh,offline
"32-bit,arm,elf,mirai,Mozi",http[:]//105[.]224[.]109[.]136[:]51423/bin[.]sh,offline
"32-bit,elf,mips,Mozi",http[:]//115[.]58[.]90[.]255[:]34887/bin[.]sh,offline
"32-bit,elf,mips,Mozi",http[:]//182[.]126[.]115[.]131[:]48279/bin[.]sh,offline
Mozi,http[:]//182[.]112[.]3[.]149[:]53025/i,offline
Mozi,http[:]//182[.]112[.]3[.]149[:]53025/bin[.]sh,offline
"32-bit,elf,mips,Mozi",http[:]//115[.]55[.]191[.]42[:]44132/i,offline
"32-bit,arm,elf,mirai,Mozi",http[:]//109[.]105[.]31[.]25[:]58970/i,offline
"32-bit,elf,mips,Mozi",http[:]//175[.]107[.]229[.]176[:]52461/i,offline
"32-bit,elf,mips,Mozi",http[:]//222[.]141[.]112[.]133[:]41245/bin[.]sh,offline
"32-bit,elf,mips,Mozi",http[:]//115[.]55[.]191[.]42[:]44132/bin[.]sh,offline
"32-bit,arm,elf,mirai,Mozi",http[:]//109[.]105[.]31[.]25[:]58970/bin[.]sh,offline
"32-bit,arm,elf,mirai,Mozi",http[:]//61[.]176[.]123[.]105[:]57323/i,offline
"32-bit,elf,mips,Mozi",http[:]//175[.]107[.]229[.]176[:]52461/bin[.]sh,offline
"32-bit,elf,mips,Mozi",http[:]//113[.]94[.]58[.]157[:]51014/i,offline
"32-bit,elf,mips,Mozi",http[:]//113[.]237[.]246[.]223[:]43199/i,offline
"32-bit,elf,mips,Mozi",http[:]//61[.]53[.]89[.]217[:]48096/i,offline
"elf,ua-wget",http[:]//85[.]11[.]167[.]203/bins/sh4,offline
"elf,ua-wget",http[:]//85[.]11[.]167[.]203/bins/ppc,offline
"elf,ua-wget",http[:]//85[.]11[.]167[.]203/bins/m68k,offline
"elf,ua-wget",http[:]//85[.]11[.]167[.]203/bins/arm6,offline
"elf,ua-wget",http[:]//85[.]11[.]167[.]203/i486,offline
"32-bit,elf,mips,Mozi",http[:]//78[.]181[.]170[.]111[:]46100/i,offline
Mozi,http[:]//115[.]61[.]120[.]220[:]56781/i,offline
"32-bit,elf,mips,Mozi",http[:]//78[.]181[.]170[.]111[:]46100/bin[.]sh,offline
"32-bit,elf,mips,Mozi",http[:]//125[.]47[.]57[.]60[:]60017/i,offline
"32-bit,elf,mips,Mozi",http[:]//42[.]230[.]34[.]241[:]57422/bin[.]sh,offline
"32-bit,elf,mips,Mozi",http[:]//125[.]47[.]57[.]60[:]60017/bin[.]sh,offline
Mozi,http[:]//78[.]187[.]104[.]169[:]43205/i,offline
"32-bit,elf,mips,Mozi",http[:]//42[.]239[.]188[.]14[:]35282/i,offline
"32-bit,elf,mips,Mozi",http[:]//222[.]139[.]42[.]8[:]33981/i,offline
"32-bit,elf,mips,Mozi",http[:]//123[.]4[.]232[.]187[:]60000/i,offline
"32-bit,elf,mips,Mozi",http[:]//222[.]139[.]42[.]8[:]33981/bin[.]sh,offline
"32-bit,elf,mips,Mozi",http[:]//42[.]226[.]76[.]23[:]50496/bin[.]sh,offline
"32-bit,elf,mips,Mozi",http[:]//115[.]61[.]115[.]133[:]57897/bin[.]sh,offline
Mozi,http[:]//78[.]187[.]104[.]169[:]43205/bin[.]sh,offline
,http[:]//175[.]146[.]54[.]164[:]46639/i,offline
"32-bit,elf,mips,Mozi",http[:]//125[.]45[.]8[.]243[:]48382/i,offline
"32-bit,elf,mips,Mozi",http[:]//78[.]165[.]249[.]185[:]50272/i,offline
Mozi,http[:]//182[.]126[.]141[.]140[:]33852/bin[.]sh,offline
"32-bit,elf,mips,Mozi",http[:]//125[.]45[.]8[.]243[:]48382/bin[.]sh,offline
mirai,http[:]//36[.]249[.]53[.]231[:]42647/i,offline
"32-bit,elf,mips,Mozi",http[:]//103[.]203[.]210[.]102[:]39213/bin[.]sh,offline
,http[:]//196[.]189[.]197[.]131[:]43972/i,offline
"32-bit,elf,mips,Mozi",http[:]//42[.]55[.]60[.]82[:]41723/i,offline
,http[:]//182[.]112[.]29[.]80[:]37188/bin[.]sh,offline
"32-bit,arm,elf,mirai,Mozi",http[:]//120[.]28[.]194[.]30[:]58329/bin[.]sh,offline
"32-bit,elf,mips,Mozi",http[:]//42[.]4[.]163[.]42[:]37885/i,offline
mirai,http[:]//196[.]189[.]197[.]131[:]43972/bin[.]sh,offline
"32-bit,elf,mips,Mozi",http[:]//222[.]141[.]75[.]2[:]47007/bin[.]sh,offline
"32-bit,elf,mips,Mozi",http[:]//115[.]55[.]55[.]135[:]35686/i,offline
"54e64e,dropped-by-amadey",http[:]//91[.]92[.]242[.]236/files-129312398/files/file_a05c2a3be36d9998[.]exe,offline
"32-bit,arm,elf,mirai,Mozi",http[:]//223[.]151[.]73[.]208[:]44130/i,offline
"32-bit,elf,mips,Mozi",http[:]//125[.]40[.]86[.]110[:]56835/bin[.]sh,offline
"32-bit,elf,mips,Mozi",http[:]//123[.]12[.]197[.]22[:]40189/i,offline
"32-bit,elf,mips,Mozi",http[:]//115[.]55[.]55[.]135[:]35686/bin[.]sh,offline
"32-bit,elf,mips,Mozi",http[:]//123[.]4[.]199[.]41[:]59229/i,offline
,http[:]//116[.]140[.]176[.]227[:]51466/i,offline
"32-bit,elf,mips,Mozi",http[:]//123[.]12[.]197[.]22[:]40189/bin[.]sh,offline
"32-bit,elf,mips,Mozi",http[:]//222[.]137[.]113[.]232[:]35057/bin[.]sh,offline
"elf,mirai,ua-wget",http[:]//85[.]11[.]167[.]203/bins/x86_64,offline
"elf,mirai,ua-wget",http[:]//85[.]11[.]167[.]203/powerpc-440fp,offline
"32-bit,arm,elf,mirai,Mozi",http[:]//101[.]59[.]79[.]119[:]56651/i,offline
"32-bit,elf,mips,Mozi",http[:]//113[.]229[.]179[.]183[:]33907/i,offline
"32-bit,arm,elf,mirai,Mozi",http[:]//115[.]206[.]180[.]117[:]48491/bin[.]sh,offline
,http[:]//116[.]140[.]176[.]227[:]51466/bin[.]sh,offline
"32-bit,elf,mips,Mozi",http[:]//60[.]19[.]243[.]169[:]55309/i,offline
"32-bit,elf,mips,Mozi",http[:]//123[.]4[.]199[.]41[:]59229/bin[.]sh,offline
"32-bit,elf,mips,Mozi",http[:]//123[.]9[.]244[.]144[:]45903/i,offline
"32-bit,elf,mips,Mozi",http[:]//124[.]131[.]158[.]244[:]55504/bin[.]sh,offline
"32-bit,elf,mips,Mozi",http[:]//78[.]165[.]225[.]182[:]50272/i,offline
"32-bit,elf,mips,Mozi",http[:]//112[.]230[.]173[.]206[:]56336/i,offline
"32-bit,elf,mips,Mozi",http[:]//123[.]9[.]244[.]144[:]45903/bin[.]sh,offline
,http[:]//116[.]138[.]245[.]251[:]44670/bin[.]sh,offline
mirai,http[:]//105[.]225[.]151[.]76[:]48347/i,offline
"32-bit,elf,mips,Mozi",http[:]//42[.]55[.]8[.]85[:]43235/bin[.]sh,offline
mirai,http[:]//105[.]184[.]15[.]32[:]34941/bin[.]sh,offline
"32-bit,arm,elf,mirai,Mozi",http[:]//140[.]237[.]7[.]57[:]41787/i,offline
"c2-monitor-auto,dropped-by-amadey",http[:]//91[.]92[.]242[.]236/files-129312398/files/file_5f93378efbf927ff[.]exe,offline
"c2-monitor-auto,dropped-by-amadey",http[:]//91[.]92[.]242[.]236/files-129312398/files/file_fe068c2e35dc5fe2[.]exe,offline
"32-bit,elf,mips,Mozi",http[:]//42[.]231[.]115[.]67[:]50146/i,offline
"32-bit,arm,elf,mirai,Mozi",http[:]//140[.]237[.]7[.]57[:]41787/bin[.]sh,offline
"32-bit,arm,elf,mirai,Mozi",http[:]//101[.]59[.]79[.]119[:]56651/bin[.]sh,offline
"32-bit,elf,mips,Mozi",http[:]//42[.]231[.]115[.]67[:]50146/bin[.]sh,offline
"32-bit,elf,mips,Mozi",http[:]//222[.]138[.]151[.]125[:]34037/bin[.]sh,offline
"237e829e51990f5f4919048e2c840f8d,dropped-by-remus",https[:]//mon-xxx-02[.]cfd/FirertjuDispatcher[.]exe,offline
"85-121-176-140,exe,ua-wget",https[:]//85[.]121[.]176[.]140/Bin/ScreenConnect[.]ClientSetup[.]exe,offline
"32-bit,elf,mips,Mozi",http[:]//125[.]41[.]2[.]240[:]38275/bin[.]sh,offline
"5-181-0-129,connectwise,exe,ua-wget",https[:]//5[.]181[.]0[.]129/Bin/ScreenConnect[.]ClientSetup[.]exe,offline
"176-123-9-22,connectwise,exe,ua-wget,Unknown-RAT",https[:]//176[.]123[.]9[.]22/Bin/ScreenConnect[.]ClientSetup[.]exe,offline
"176-123-9-22,connectwise,exe,ua-wget,Unknown-RAT",https[:]//176[.]123[.]9[.]22/bin/support[.]client[.]exe,offline
"91-208-197-218,elf,hajime,ua-wget",http[:]//91[.]208[.]197[.]218/kaf[.]ppc,offline
"91-208-197-218,elf,hajime,ua-wget",http[:]//91[.]208[.]197[.]218/kaf[.]x86,offline
"91-208-197-218,elf,hajime,ua-wget",http[:]//91[.]208[.]197[.]218/kaf[.]mpsl,offline
"91-208-197-218,elf,hajime,ua-wget",http[:]//91[.]208[.]197[.]218/kaf[.]arm5,offline
"91-208-197-218,elf,mirai,ua-wget",http[:]//91[.]208[.]197[.]218/bins/kworkerd-crypto,offline
"91-208-197-218,elf,hajime,ua-wget",http[:]//91[.]208[.]197[.]218/kaf[.]arm7,offline
"91-208-197-218,elf,ua-wget",http[:]//91[.]208[.]197[.]218/bins/kworkerd-netns,offline
"91-208-197-218,elf,mirai,ua-wget",http[:]//91[.]208[.]197[.]218/bins/kworkerd-irq,offline
"91-208-197-218,elf,ua-wget",http[:]//91[.]208[.]197[.]218/bins/kworkerd-netns-rt,offline
"91-208-197-218,elf,mirai,ua-wget",http[:]//91[.]208[.]197[.]218/bins/kworkerd-events,offline
"91-208-197-218,elf,mirai,ua-wget",http[:]//91[.]208[.]197[.]218/bins/kworkerd-mm,offline
"91-208-197-218,elf,gafgyt,ua-wget",http[:]//91[.]208[.]197[.]218/bins/kworkerd,offline
"91-208-197-218,elf,mirai,ua-wget",http[:]//91[.]208[.]197[.]218/bins/kworkerd-blkcg,offline
"91-208-197-218,elf,ua-wget",http[:]//91[.]208[.]197[.]218/bins/kworkerd-cgroup,offline
"91-208-197-218,elf,ua-wget",http[:]//91[.]208[.]197[.]218/bins/kworkerd-rcu,offline
"91-208-197-218,elf,mirai,ua-wget",http[:]//91[.]208[.]197[.]218/bins/kworkerd-irq-bal,offline
"91-208-197-218,elf,mirai,ua-wget",http[:]//91[.]208[.]197[.]218/bins/kworkerd-softirq,offline
"91-208-197-218,elf,mirai,ua-wget",http[:]//91[.]208[.]197[.]218/bins/kworkerd-writeback,offline
"91-208-197-218,elf,mirai,ua-wget",http[:]//91[.]208[.]197[.]218/bins/kworkerd-scsi,offline
"32-bit,elf,mips,Mozi",http[:]//105[.]157[.]211[.]201[:]48691/bin[.]sh,offline
"32-bit,elf,mips,Mozi",http[:]//119[.]179[.]215[.]39[:]34360/i,offline
"32-bit,arm,elf,mirai,Mozi",http[:]//105[.]225[.]151[.]76[:]48347/bin[.]sh,offline
"32-bit,elf,mips,Mozi",http[:]//119[.]179[.]215[.]39[:]34360/bin[.]sh,offline
"32-bit,elf,mips,Mozi",http[:]//27[.]222[.]232[.]88[:]47041/i,offline
"32-bit,arm,elf,mirai,Mozi",http[:]//117[.]255[.]13[.]135[:]47885/bin[.]sh,offline
"32-bit,elf,mips,Mozi",http[:]//27[.]222[.]232[.]88[:]47041/bin[.]sh,offline
"32-bit,elf,mips,Mozi",http[:]//27[.]44[.]146[.]70[:]45253/i,offline
"32-bit,elf,mips,Mozi",http[:]//27[.]44[.]146[.]70[:]45253/bin[.]sh,offline
"32-bit,elf,mips,Mozi",http[:]//60[.]23[.]234[.]52[:]36302/i,offline
mirai,http[:]//124[.]6[.]167[.]121[:]45202/i,offline
mirai,http[:]//120[.]28[.]215[.]129[:]53744/bin[.]sh,offline
,http[:]//42[.]230[.]34[.]241[:]57422/i,offline
,http[:]//42[.]87[.]43[.]36[:]57830/bin[.]sh,offline
Mozi,http[:]//221[.]15[.]7[.]244[:]38891/i,offline
Mozi,http[:]//42[.]234[.]233[.]72[:]38508/bin[.]sh,offline
Mozi,http[:]//125[.]41[.]6[.]152[:]46245/bin[.]sh,offline
Mozi,http[:]//182[.]126[.]204[.]148[:]48244/bin[.]sh,offline
Mozi,http[:]//171[.]125[.]204[.]163[:]12907/i,offline
Mozi,http[:]//115[.]60[.]208[.]32[:]52950/i,offline
Mozi,http[:]//125[.]47[.]92[.]240[:]35468/bin[.]sh,offline
mirai,http[:]//113[.]235[.]59[.]91[:]41677/bin[.]sh,offline
mirai,http[:]//119[.]176[.]53[.]238[:]51432/i,offline
,http[:]//42[.]56[.]135[.]44[:]39216/i,offline
,http[:]//182[.]114[.]249[.]61[:]42689/bin[.]sh,offline
Mozi,http[:]//112[.]239[.]123[.]90[:]59150/bin[.]sh,offline
Mozi,http[:]//182[.]116[.]118[.]56[:]58412/i,offline
Mozi,http[:]//115[.]54[.]191[.]64[:]47416/i,offline
Mozi,http[:]//42[.]227[.]238[.]137[:]55865/bin[.]sh,offline
Mozi,http[:]//123[.]12[.]195[.]221[:]46881/bin[.]sh,offline
mirai,http[:]//36[.]70[.]227[.]223[:]53614/i,offline
,http[:]//123[.]10[.]226[.]98[:]57502/bin[.]sh,offline
,http[:]//115[.]49[.]119[.]158[:]46437/i,offline
Mozi,http[:]//115[.]58[.]93[.]144[:]55797/i,offline
Mozi,http[:]//171[.]125[.]204[.]163[:]12907/bin[.]sh,offline
,http[:]//123[.]189[.]129[.]48[:]46495/i,offline
,http[:]//175[.]173[.]86[.]25[:]51228/i,offline
Mozi,http[:]//115[.]60[.]208[.]32[:]52950/bin[.]sh,offline
Mozi,http[:]//124[.]131[.]158[.]244[:]55504/i,offline
,http[:]//182[.]119[.]71[.]0[:]59133/i,offline
,http[:]//175[.]146[.]240[.]50[:]51514/bin[.]sh,offline
,http[:]//60[.]18[.]198[.]199[:]36440/i,offline
mirai,http[:]//125[.]166[.]48[.]235[:]58006/bin[.]sh,offline
,http[:]//123[.]188[.]79[.]165[:]56243/bin[.]sh,offline
Mozi,http[:]//222[.]138[.]101[.]213[:]34074/bin[.]sh,offline
Mozi,http[:]//115[.]50[.]1[.]231[:]33440/bin[.]sh,offline
,http[:]//175[.]169[.]41[.]106[:]48130/i,offline
,http[:]//123[.]190[.]162[.]244[:]40227/i,offline
mirai,http[:]//115[.]206[.]180[.]117[:]48491/i,offline
,http[:]//163[.]142[.]92[.]46[:]35671/i,offline
Mozi,http[:]//123[.]9[.]242[.]26[:]52522/i,offline
mirai,http[:]//103[.]44[.]137[.]13[:]40456/i,offline
,http[:]//42[.]6[.]33[.]53[:]40769/bin[.]sh,offline
,http[:]//182[.]112[.]29[.]80[:]37188/i,offline
,http[:]//116[.]140[.]132[.]220[:]34323/i,offline
,http[:]//42[.]87[.]43[.]36[:]57830/i,offline
mirai,http[:]//113[.]235[.]59[.]91[:]41677/i,offline
mirai,http[:]//110[.]186[.]230[.]101[:]55282/bin[.]sh,offline
mirai,http[:]//113[.]221[.]36[.]67[:]33058/i,offline
Mozi,http[:]//119[.]179[.]248[.]180[:]39560/i,offline
Mozi,http[:]//222[.]139[.]194[.]121[:]37916/bin[.]sh,offline
Mozi,http[:]//115[.]49[.]232[.]111[:]48058/i,offline
,http[:]//42[.]179[.]150[.]218[:]52895/i,offline
Mozi,http[:]//182[.]127[.]121[.]121[:]54660/bin[.]sh,offline
Mozi,http[:]//182[.]116[.]55[.]159[:]32934/bin[.]sh,offline
Mozi,http[:]//222[.]141[.]75[.]2[:]47007/i,offline
,http[:]//116[.]140[.]177[.]42[:]34139/i,offline
Mozi,http[:]//222[.]141[.]112[.]133[:]41245/i,offline
Mozi,http[:]//125[.]47[.]92[.]240[:]35468/i,offline
Mozi,http[:]//182[.]116[.]118[.]56[:]58412/bin[.]sh,offline
Mozi,http[:]//182[.]126[.]141[.]140[:]33852/i,offline
mirai,http[:]//31[.]129[.]0[.]57[:]56485/i,offline
Mozi,http[:]//115[.]63[.]241[.]158[:]39107/bin[.]sh,offline
,http[:]//27[.]44[.]145[.]233[:]43969/i,offline
Mozi,http[:]//182[.]127[.]121[.]121[:]54660/i,offline
mirai,http[:]//120[.]28[.]194[.]30[:]58329/i,offline
mirai,http[:]//103[.]125[.]31[.]101[:]56775/bin[.]sh,offline
mirai,http[:]//119[.]176[.]53[.]238[:]51432/bin[.]sh,offline
,http[:]//113[.]225[.]35[.]229[:]54263/bin[.]sh,offline
,http[:]//42[.]7[.]200[.]149[:]54830/i,offline
Mozi,http[:]//77[.]53[.]43[.]110[:]51747/i,offline
Mozi,http[:]//123[.]12[.]245[.]172[:]45135/i,offline
Mozi,http[:]//182[.]117[.]12[.]13[:]40201/i,offline
,http[:]//42[.]7[.]222[.]97[:]33110/i,offline
Mozi,http[:]//222[.]138[.]101[.]213[:]34074/i,offline
Mozi,http[:]//115[.]58[.]93[.]144[:]55797/bin[.]sh,offline
Mozi,http[:]//27[.]202[.]32[.]94[:]37037/bin[.]sh,offline
Mozi,http[:]//182[.]113[.]251[.]227[:]43434/i,offline
Mozi,http[:]//27[.]209[.]68[.]7[:]53911/i,offline
Mozi,http[:]//123[.]12[.]225[.]54[:]49444/i,offline
Mozi,http[:]//123[.]12[.]195[.]221[:]46881/i,offline
,http[:]//125[.]44[.]180[.]61[:]39692/i,offline
,http[:]//118[.]34[.]109[.]121[:]41185/i,offline
Mozi,http[:]//115[.]55[.]194[.]113[:]48869/i,offline
,http[:]//222[.]142[.]208[.]96[:]51760/i,offline
,http[:]//116[.]140[.]132[.]220[:]34323/bin[.]sh,offline
Mozi,http[:]//115[.]57[.]186[.]23[:]36177/i,offline
Mozi,http[:]//115[.]63[.]53[.]44[:]50691/i,offline
Mozi,http[:]//221[.]15[.]15[.]88[:]55188/i,offline
Mozi,http[:]//115[.]54[.]191[.]64[:]47416/bin[.]sh,offline
Mozi,http[:]//42[.]234[.]233[.]72[:]38508/i,offline
mirai,http[:]//175[.]30[.]114[.]108[:]44656/i,offline
,http[:]//175[.]146[.]54[.]164[:]46639/bin[.]sh,offline
mirai,http[:]//113[.]221[.]76[.]194[:]54955/bin[.]sh,offline
,http[:]//182[.]117[.]48[.]55[:]49632/i,offline
,http[:]//182[.]119[.]71[.]0[:]59133/bin[.]sh,offline
,http[:]//42[.]231[.]94[.]126[:]40932/i,offline
,http[:]//112[.]93[.]136[.]173[:]45735/bin[.]sh,offline
mirai,http[:]//124[.]235[.]169[.]39[:]39615/bin[.]sh,offline
Mozi,http[:]//27[.]215[.]77[.]117[:]50776/bin[.]sh,offline
,http[:]//113[.]225[.]35[.]229[:]54263/i,offline
mirai,http[:]//112[.]254[.]25[.]161[:]51093/bin[.]sh,offline
mirai,http[:]//113[.]221[.]36[.]67[:]33058/bin[.]sh,offline
Mozi,http[:]//103[.]203[.]210[.]102[:]39213/i,offline
mirai,http[:]//117[.]26[.]226[.]51[:]41542/bin[.]sh,offline
,http[:]//42[.]86[.]109[.]40[:]34272/i,offline
mirai,http[:]//103[.]125[.]31[.]101[:]56775/i,offline
mirai,http[:]//180[.]116[.]71[.]179[:]36941/i,offline
Mozi,http[:]//175[.]11[.]242[.]204[:]44200/i,offline
,http[:]//216[.]255[.]14[.]145[:]38847/i,offline
mirai,http[:]//183[.]23[.]133[.]4[:]54790/i,offline
Mozi,http[:]//42[.]228[.]47[.]42[:]55749/i,offline
,http[:]//125[.]40[.]94[.]151[:]33401/bin[.]sh,offline
mirai,http[:]//218[.]74[.]111[.]153[:]34890/i,offline
Mozi,http[:]//77[.]53[.]43[.]223[:]43737/i,offline
Mozi,http[:]//182[.]117[.]12[.]13[:]40201/bin[.]sh,offline
,http[:]//60[.]212[.]36[.]31[:]48107/i,offline
Mozi,http[:]//115[.]55[.]236[.]175[:]47919/i,offline
,http[:]//103[.]146[.]110[.]126[:]43184/bin[.]sh,offline
,http[:]//42[.]179[.]14[.]134[:]33915/bin[.]sh,offline
Mozi,http[:]//115[.]55[.]194[.]113[:]48869/bin[.]sh,offline
Mozi,http[:]//221[.]15[.]15[.]3[:]51349/i,offline
Mozi,http[:]//206[.]125[.]150[.]12[:]57535/bin[.]sh,offline
Mozi,http[:]//125[.]41[.]6[.]152[:]46245/i,offline
Mozi,http[:]//61[.]52[.]156[.]146[:]44497/i,offline
Mozi,http[:]//5[.]83[.]121[.]87[:]60173/i,offline
mirai,http[:]//27[.]153[.]152[.]10[:]40052/i,offline
,http[:]//163[.]142[.]94[.]100[:]44054/bin[.]sh,offline
mirai,http[:]//27[.]153[.]152[.]10[:]40052/bin[.]sh,offline
mirai,http[:]//223[.]151[.]73[.]208[:]44130/bin[.]sh,offline
Mozi,http[:]//42[.]228[.]47[.]42[:]55749/bin[.]sh,offline
mirai,http[:]//117[.]255[.]13[.]135[:]47885/i,offline
,http[:]//42[.]6[.]33[.]53[:]40769/i,offline
Mozi,http[:]//206[.]125[.]150[.]12[:]57535/i,offline
Mozi,http[:]//222[.]138[.]151[.]125[:]34037/i,offline
,http[:]//120[.]84[.]214[.]221[:]40164/bin[.]sh,offline
Mozi,http[:]//182[.]126[.]204[.]148[:]48244/i,offline
Mozi,http[:]//222[.]139[.]194[.]121[:]37916/i,offline
Mozi,http[:]//125[.]44[.]17[.]100[:]49107/i,offline
mirai,http[:]//120[.]28[.]196[.]74[:]46596/i,offline
,http[:]//113[.]237[.]109[.]86[:]52097/bin[.]sh,offline
Mozi,http[:]//115[.]61[.]115[.]133[:]57897/i,offline
Mozi,http[:]//182[.]119[.]29[.]244[:]39315/bin[.]sh,offline
,http[:]//113[.]228[.]155[.]194[:]55988/bin[.]sh,offline
mirai,http[:]//123[.]252[.]17[.]79[:]41354/i,offline
mirai,http[:]//123[.]252[.]17[.]79[:]41354/bin[.]sh,offline
,http[:]//116[.]139[.]106[.]9[:]42583/i,offline
,http[:]//42[.]179[.]14[.]134[:]33915/i,offline
mirai,http[:]//175[.]9[.]134[.]248[:]50484/i,offline
Mozi,http[:]//61[.]52[.]156[.]146[:]44497/bin[.]sh,offline
Mozi,http[:]//112[.]239[.]123[.]90[:]59150/i,offline
"c2-monitor-auto,dropped-by-amadey",http[:]//91[.]92[.]242[.]236/files-129312398/files/file_05fc66617b4cf344[.]exe,offline
"elf,iot,mirai",http[:]//87[.]120[.]196[.]224[:]889/agustin51,offline
"elf,iot,mirai",http[:]//87[.]120[.]196[.]255[:]2/raul[.]i686,offline
,http[:]//222[.]139[.]46[.]67[:]33765/bin[.]sh,offline
,http[:]//42[.]231[.]218[.]95[:]36712/bin[.]sh,offline
"32-bit,elf,mips,Mozi",http[:]//39[.]87[.]37[.]33[:]48218/bin[.]sh,offline
"32-bit,elf,mips,Mozi",http[:]//123[.]190[.]6[.]182[:]54916/i,offline
"32-bit,elf,mips,Mozi",http[:]//116[.]138[.]244[.]139[:]33781/i,offline
"32-bit,arm,elf,mirai,Mozi",http[:]//113[.]221[.]44[.]204[:]40057/i,offline
"32-bit,elf,mips,Mozi",http[:]//123[.]190[.]6[.]182[:]54916/bin[.]sh,offline
"32-bit,elf,mips,Mozi",http[:]//116[.]138[.]244[.]139[:]33781/bin[.]sh,offline
"32-bit,elf,mips,Mozi",http[:]//42[.]228[.]43[.]97[:]43569/i,offline
"32-bit,arm,elf,mirai,Mozi",http[:]//113[.]221[.]44[.]204[:]40057/bin[.]sh,offline
"32-bit,elf,mips,Mozi",http[:]//115[.]56[.]125[.]229[:]32923/i,offline
"32-bit,elf,mips,Mozi",http[:]//219[.]155[.]15[.]119[:]41312/i,offline
"32-bit,elf,mips,Mozi",http[:]//123[.]14[.]119[.]117[:]51652/i,offline
"32-bit,elf,mips,Mozi",http[:]//123[.]14[.]119[.]117[:]51652/bin[.]sh,offline
"32-bit,elf,mips,Mozi",http[:]//42[.]228[.]43[.]97[:]43569/bin[.]sh,offline
"32-bit,elf,mips,Mozi",http[:]//115[.]56[.]125[.]229[:]32923/bin[.]sh,offline
"bezprokli,dropped-by-Stealc",https[:]//www[.]dropbox[.]com/scl/fi/wdamcj0fkozk9g8nthvlm/vcomp140_9a591430f5[.]exe?rlkey=0xgg1d5j6z82vqoza68de1h3w&st=ou4pl9cg&dl=1,offline
"32-bit,elf,mips,Mozi",http[:]//123[.]190[.]23[.]212[:]38010/i,offline
"32-bit,elf,mips,Mozi",http[:]//119[.]186[.]209[.]121[:]33317/i,offline
"32-bit,arm,elf,mirai,Mozi",http[:]//112[.]198[.]138[.]178[:]32974/i,offline
"32-bit,elf,mips,Mozi",http[:]//119[.]186[.]209[.]121[:]33317/bin[.]sh,offline
"32-bit,arm,elf,mirai,Mozi",http[:]//182[.]122[.]121[.]23[:]59519/i,offline
"32-bit,arm,elf,mirai,Mozi",http[:]//112[.]198[.]138[.]178[:]32974/bin[.]sh,offline
"32-bit,arm,elf,mirai,Mozi",http[:]//182[.]122[.]121[.]23[:]59519/bin[.]sh,offline
"32-bit,elf,mips,Mozi",http[:]//186[.]227[.]246[.]220[:]32769/i,offline
"32-bit,elf,mips,Mozi",http[:]//186[.]227[.]246[.]220[:]32769/bin[.]sh,offline
"141-140-0-167,connectwise,exe,ua-wget",https[:]//141[.]140[.]0[.]167/Bin/ScreenConnect[.]ClientSetup[.]exe,offline
"141-140-0-167,connectwise,exe,ua-wget",https[:]//141[.]140[.]0[.]167/bin/support[.]client[.]exe,offline
mirai,http[:]//196[.]190[.]69[.]149[:]58785/i,offline
mirai,http[:]//196[.]190[.]69[.]149[:]58785/bin[.]sh,offline
"217-145-226-130,connectwise,exe,ua-wget",https[:]//217[.]145[.]226[.]130/Bin/ScreenConnect[.]ClientSetup[.]exe,offline
"217-145-226-130,connectwise,exe,ua-wget",https[:]//217[.]145[.]226[.]130/bin/support[.]client[.]exe,offline
"32-bit,elf,mips,Mozi",http[:]//219[.]155[.]15[.]119[:]41312/bin[.]sh,offline
"32-bit,elf,mips,Mozi",http[:]//123[.]188[.]241[.]60[:]60556/i,offline
"185-100-157-222,sh,ua-wget",http[:]//185[.]100[.]157[.]222/loader[.]sh,offline
"185-100-157-222,sh,ua-wget",http[:]//185[.]100[.]157[.]222/payload[.]sh,offline
"32-bit,elf,mips,Mozi",http[:]//60[.]23[.]232[.]40[:]58166/bin[.]sh,offline
"ascii,bash,sh,ua-wget",http[:]//220[.]158[.]233[.]89[:]8080/payload[.]sh,offline
"31-220-3-140,mirai,sh,ua-wget",http[:]//31[.]220[.]3[.]140/weed,online
"31-220-3-140,mirai,sh,ua-wget",http[:]//31[.]220[.]3[.]140/vc,online
"31-220-3-140,mirai,ua-wget",http[:]//31[.]220[.]3[.]140/ri/say[.]zip,online
"31-220-3-140,sh,ua-wget",http[:]//31[.]220[.]3[.]140/w[.]sh,online
"31-220-3-140,mirai,sh,ua-wget",http[:]//31[.]220[.]3[.]140/c[.]sh,online
"31-220-3-140,mirai,sh,ua-wget",http[:]//31[.]220[.]3[.]140/gpon,online
"31-220-3-140,mirai,sh,ua-wget",http[:]//31[.]220[.]3[.]140/lilin,online
"31-220-3-140,sh,ua-wget",http[:]//31[.]220[.]3[.]140/sh,online
"31-220-3-140,mirai,sh,ua-wget",http[:]//31[.]220[.]3[.]140/sdt,online
"31-220-3-140,mirai,sh,ua-wget",http[:]//31[.]220[.]3[.]140/dlink,online
"31-220-3-140,mirai,sh,ua-wget",http[:]//31[.]220[.]3[.]140/k,online
,http[:]//185[.]14[.]92[.]139/femboy[.]sh,offline
"beacon,c2,ClickFix,dropper,macOS,malware,telemetry",https[:]//trekworkshop3[.]com/2kqYRM0DCrnyJgoS4gVLl_FHDRRdTUhGCbjyuYwpZ6c/oo9/update,offline
"beacon,c2,ClickFix,dropper,macOS,malware,telemetry",https[:]//render-6[.]com/api/metrics/run?event=pasted,offline
"ClickFix,dropper,macOS,malware,script,zsh",https[:]//filequanticore[.]com/oo9/?c=ALu2kGrfdgUA8ZACAEVTOQASAAAAAAB4,offline
"c2-monitor-auto,dropped-by-amadey",http[:]//91[.]92[.]242[.]236/files-129312398/files/file_490864d3c4fc90b0[.]exe,offline
"c2-monitor-auto,dropped-by-amadey",http[:]//91[.]92[.]242[.]236/files-129312398/files/file_11a1c2440860de6c[.]exe,offline
"c2-monitor-auto,dropped-by-amadey",http[:]//91[.]92[.]242[.]236/files-129312398/files/file_e95eb484307304f7[.]exe,offline
"c2-monitor-auto,dropped-by-amadey",http[:]//91[.]92[.]242[.]236/files-129312398/files/file_2db73cc8bb6d69ff[.]exe,offline
"c2-monitor-auto,dropped-by-amadey",http[:]//91[.]92[.]242[.]236/files-129312398/files/file_3ddb7fbc2d6a04f1[.]exe,offline
"c2-monitor-auto,dropped-by-amadey",http[:]//91[.]92[.]242[.]236/files-129312398/files/file_e3dd7c9b3b092db4[.]exe,offline
"32-bit,elf,mips,Mozi",http[:]//115[.]48[.]163[.]88[:]49249/i,offline
"32-bit,elf,mips,Mozi",http[:]//123[.]188[.]241[.]60[:]60556/bin[.]sh,offline
,http[:]//178[.]204[.]20[.]88[:]54339/i,offline
mirai,http[:]//196[.]189[.]130[.]28[:]42275/i,offline
"32-bit,elf,mips,Mozi",http[:]//115[.]48[.]163[.]88[:]49249/bin[.]sh,offline
,http[:]//178[.]204[.]20[.]88[:]54339/bin[.]sh,offline
"32-bit,elf,mips,Mozi",http[:]//115[.]55[.]203[.]2[:]51241/i,offline
"32-bit,elf,mips,Mozi",http[:]//119[.]185[.]189[.]66[:]52474/i,offline
"32-bit,elf,mips,Mozi",http[:]//125[.]40[.]86[.]110[:]56835/i,offline
"32-bit,elf,mips,Mozi",http[:]//119[.]185[.]189[.]66[:]52474/bin[.]sh,offline
Mozi,http[:]//60[.]214[.]58[.]183[:]36947/i,offline
"32-bit,elf,mips,Mozi",http[:]//182[.]124[.]75[.]13[:]35677/i,offline
Mozi,http[:]//60[.]214[.]58[.]183[:]36947/bin[.]sh,offline
"32-bit,elf,mips,Mozi",http[:]//182[.]124[.]75[.]13[:]35677/bin[.]sh,offline
"32-bit,elf,mips,Mozi",http[:]//27[.]215[.]77[.]117[:]50776/i,offline
"32-bit,elf,mips,Mozi",http[:]//123[.]12[.]163[.]255[:]60440/i,offline
"32-bit,elf,mips,Mozi",http[:]//123[.]14[.]81[.]254[:]44140/i,offline
"32-bit,arm,elf,mirai,Mozi",http[:]//210[.]208[.]110[.]42[:]56136/bin[.]sh,offline
"32-bit,elf,mips,Mozi",http[:]//175[.]150[.]67[.]86[:]47673/i,offline
"32-bit,elf,mips,Mozi",http[:]//175[.]150[.]67[.]86[:]47673/bin[.]sh,offline
"32-bit,elf,mips,Mozi",http[:]//182[.]114[.]249[.]61[:]42689/i,offline
"32-bit,elf,mips,Mozi",http[:]//123[.]12[.]163[.]255[:]60440/bin[.]sh,offline
"32-bit,arm,elf,mirai,Mozi",http[:]//113[.]221[.]24[.]213[:]45414/i,offline
"32-bit,elf,mips,Mozi",http[:]//123[.]14[.]81[.]254[:]44140/bin[.]sh,offline
"32-bit,elf,mips,Mozi",http[:]//182[.]126[.]101[.]230[:]36455/i,offline
"32-bit,elf,mips,Mozi",http[:]//182[.]126[.]101[.]230[:]36455/bin[.]sh,offline
"32-bit,elf,mips,Mozi",http[:]//182[.]121[.]224[.]34[:]57371/i,offline
"32-bit,arm,elf,mirai,Mozi",http[:]//175[.]107[.]209[.]163[:]45781/i,offline
"32-bit,arm,elf,mirai,Mozi",http[:]//175[.]107[.]209[.]163[:]45781/bin[.]sh,offline
"32-bit,elf,mips,Mozi",http[:]//42[.]235[.]95[.]115[:]48397/i,offline
"32-bit,elf,mips,Mozi",http[:]//175[.]150[.]244[.]110[:]45518/i,offline
"32-bit,elf,mips,Mozi",http[:]//42[.]235[.]95[.]115[:]48397/bin[.]sh,offline
"32-bit,elf,mips,Mozi",http[:]//42[.]224[.]71[.]39[:]60792/i,offline
"32-bit,arm,elf,mirai,Mozi",http[:]//42[.]3[.]52[.]2[:]47433/bin[.]sh,offline
Mozi,http[:]//42[.]224[.]71[.]39[:]60792/bin[.]sh,offline
"32-bit,arm,elf,mirai,Mozi",http[:]//196[.]191[.]231[.]12[:]47148/i,offline
"d52f85,dropped-by-amadey",http[:]//62[.]60[.]226[.]140/files/7299809293/zlYuYkG[.]exe,offline
"32-bit,elf,mips,Mozi",http[:]//39[.]78[.]160[.]101[:]48868/i,offline
"32-bit,elf,mips,Mozi",http[:]//39[.]78[.]160[.]101[:]48868/bin[.]sh,offline
"bezprokli,dropped-by-Stealc,LummaStealer",https[:]//www[.]dropbox[.]com/scl/fi/wdamcj0fkozk9g8nthvlm/vcomp140_9a591430f5[.]exe?rlkey=0xgg1d5j6z82vqoza68de1h3w&st=ou4pl9cg&dl=0,offline
"32-bit,arm,elf,mirai,Mozi",http[:]//196[.]191[.]231[.]12[:]47148/bin[.]sh,offline
"bezprokli,dropped-by-Stealc",https[:]//www[.]dropbox[.]com/scl/fi/dghxce2m4kbovrmifo7bs/8765276315_small_dropper[.]exe?rlkey=mcdpv1a7lji2t70flj7oov3ug&st=qa6ujq8r&dl=1,offline
"bezprokli,dropped-by-Stealc",https[:]//www[.]dropbox[.]com/scl/fi/0n3qfydh0v5qb4ii8ii2k/msvcp140_dc6b7c3a69[.]exe?rlkey=1vy0gieuwdkyerb0hy6jncaso&st=jjvmny2a&dl=1,offline
"32-bit,elf,mips,Mozi",http[:]//27[.]44[.]144[.]48[:]40959/i,offline
"32-bit,elf,mips,Mozi",http[:]//115[.]62[.]179[.]188[:]47191/i,offline
"32-bit,elf,mips,Mozi",http[:]//115[.]62[.]179[.]188[:]47191/bin[.]sh,offline
"32-bit,arm,elf,mirai,Mozi",http[:]//112[.]226[.]189[.]193[:]45227/bin[.]sh,offline
"32-bit,elf,mips,Mozi",http[:]//182[.]116[.]55[.]159[:]32934/i,offline
"d52f85,dropped-by-amadey",http[:]//62[.]60[.]226[.]140/files/7299809293/zlYuYkG[.]bat,offline
"32-bit,arm,elf,mirai,Mozi",http[:]//124[.]235[.]169[.]39[:]39615/i,offline
stego,https[:]//gd[.]ozzhlb[.]net/bin/stego_pefqx5myie[.]png,offline
"infostealer,malware",https[:]//drive[.]google[.]com/file/d/1r7M0rgvXklsZK-Xo6NRgM_gaG46QU4Dr/view?usp=sharing,offline
"176-65-139-137,elf,mirai,ua-wget",http[:]//176[.]65[.]139[.]137/bins/reaver[.]mips,offline
"176-65-139-137,elf,mirai,ua-wget",http[:]//176[.]65[.]139[.]137/bins/reaver[.]mpsl,offline
"176-65-139-137,elf,mirai,ua-wget",http[:]//176[.]65[.]139[.]137/bins/reaver[.]arm5,offline
"176-65-139-137,elf,mirai,ua-wget",http[:]//176[.]65[.]139[.]137/bins/reaver[.]x86_64,offline
"176-65-139-137,elf,mirai,ua-wget",http[:]//176[.]65[.]139[.]137/bins/reaver[.]arm,offline
"176-65-139-137,elf,mirai,ua-wget",http[:]//176[.]65[.]139[.]137/bins/reaver[.]arm7,offline
"176-65-139-137,elf,mirai,ua-wget",http[:]//176[.]65[.]139[.]137/bins/reaver[.]x86,offline
"176-65-139-137,elf,mirai,ua-wget",http[:]//176[.]65[.]139[.]137/bins/reaver[.]arm6,offline
"176-65-139-137,ua-wget",http[:]//176[.]65[.]139[.]137/local[.]apk,offline
"32-bit,elf,mips,Mozi",http[:]//112[.]248[.]108[.]207[:]43604/i,offline
"rat,RemcosRAT",https[:]//smarthomy[.]cl/svchost/64bitxxblessings[.]exe,offline
"32-bit,elf,mips,Mozi",http[:]//222[.]141[.]185[.]83[:]42489/i,offline
"elf,iot,mirai",http[:]//87[.]120[.]196[.]255[:]889/agustin51,offline
"elf,iot,mirai,Mozi",http[:]//111[.]185[.]147[.]232[:]59432/Mozi[.]m,offline
"32-bit,elf,mips,Mozi",http[:]//222[.]141[.]185[.]83[:]42489/bin[.]sh,offline
"217-60-241-237,connectwise,exe,ua-wget",http[:]//217[.]60[.]241[.]237/payload[.]exe,offline
"45-88-186-196,connectwise,exe,ua-wget",https[:]//45[.]88[.]186[.]196/Bin/ScreenConnect[.]ClientSetup[.]exe,offline
"45-88-186-196,connectwise,exe,ua-wget",https[:]//45[.]88[.]186[.]196/bin/support[.]client[.]exe,offline
"84-54-33-208,connectwise,exe,ua-wget",https[:]//84[.]54[.]33[.]208/Bin/ScreenConnect[.]ClientSetup[.]exe,offline
"84-54-33-208,connectwise,exe,ua-wget",https[:]//84[.]54[.]33[.]208/bin/support[.]client[.]exe,offline
"45-83-28-78,connectwise,exe,ua-wget",https[:]//45[.]83[.]28[.]78/Bin/ScreenConnect[.]ClientSetup[.]exe,offline
"203-159-90-216,elf,mirai,ua-wget",http[:]//203[.]159[.]90[.]216/MMaaRRiiOisecTanee[.]arm7,offline
"203-159-90-216,elf,mirai,ua-wget",http[:]//203[.]159[.]90[.]216/MMaaRRiiOisecTanee/MMaaRRiiOisecTanee[.]mips,offline
"124-198-132-172,connectwise,exe,ua-wget",https[:]//124[.]198[.]132[.]172/Bin/ScreenConnect[.]ClientSetup[.]exe,offline
"124-198-132-172,connectwise,exe,ua-wget",https[:]//124[.]198[.]132[.]172/bin/support[.]client[.]exe,offline
"176-65-139-226,elf,mirai,ua-wget",http[:]//176[.]65[.]139[.]226/spc,online
"176-65-139-226,elf,mirai,ua-wget",http[:]//176[.]65[.]139[.]226/mips,online
"176-65-139-226,elf,mirai,ua-wget",http[:]//176[.]65[.]139[.]226/arm7,online
"176-65-139-226,elf,mirai,ua-wget",http[:]//176[.]65[.]139[.]226/arm5,online
"176-65-139-226,sh,ua-wget",http[:]//176[.]65[.]139[.]226/t[.]sh,online
"176-65-139-226,elf,mirai,ua-wget",http[:]//176[.]65[.]139[.]226/ppc,online
"176-65-139-226,elf,mirai,ua-wget",http[:]//176[.]65[.]139[.]226/arc,online
"176-65-139-226,elf,mirai,ua-wget",http[:]//176[.]65[.]139[.]226/arm6,online
"176-65-139-226,elf,mirai,ua-wget",http[:]//176[.]65[.]139[.]226/mpsl,online
"176-65-139-226,elf,mirai,ua-wget",http[:]//176[.]65[.]139[.]226/sh4,online
"176-65-139-226,elf,mirai,ua-wget",http[:]//176[.]65[.]139[.]226/x86_64,online
"176-65-139-226,elf,mirai,ua-wget",http[:]//176[.]65[.]139[.]226/x86,online
"176-65-139-226,elf,mirai,ua-wget",http[:]//176[.]65[.]139[.]226/arm,online
"176-65-139-226,elf,mirai,ua-wget",http[:]//176[.]65[.]139[.]226/m68k,online
"176-65-139-226,elf,mirai,ua-wget",http[:]//176[.]65[.]139[.]226/adbpersist[.]arm7,online
"176-65-139-136,elf,mirai,ua-wget",http[:]//176[.]65[.]139[.]136/arm,online
"176-65-139-136,elf,mirai,ua-wget",http[:]//176[.]65[.]139[.]136/arm6,online
"176-65-139-136,elf,mirai,ua-wget",http[:]//176[.]65[.]139[.]136/arm7,online
"176-65-139-136,elf,mirai,ua-wget",http[:]//176[.]65[.]139[.]136/mips,online
"176-65-139-136,elf,mirai,ua-wget",http[:]//176[.]65[.]139[.]136/x86_64,online
"176-65-139-136,elf,mirai,ua-wget",http[:]//176[.]65[.]139[.]136/m68k,online
"176-65-139-136,elf,mirai,ua-wget",http[:]//176[.]65[.]139[.]136/s390x,online
"176-65-139-136,elf,mirai,ua-wget",http[:]//176[.]65[.]139[.]136/riscv64,online
"176-65-139-136,elf,mirai,ua-wget",http[:]//176[.]65[.]139[.]136/mipsel,online
"176-65-139-136,elf,mirai,ua-wget",http[:]//176[.]65[.]139[.]136/x86,online
"176-65-139-136,elf,mirai,ua-wget",http[:]//176[.]65[.]139[.]136/ppc64,online
"176-65-139-136,elf,mirai,ua-wget",http[:]//176[.]65[.]139[.]136/ppc,online
"176-65-139-136,elf,mirai,ua-wget",http[:]//176[.]65[.]139[.]136/mips64,online
"176-65-139-136,elf,mirai,ua-wget",http[:]//176[.]65[.]139[.]136/arm5,online
"176-65-139-234,elf,mirai,ua-wget",http[:]//176[.]65[.]139[.]234/bot[.]aarch64,offline
"176-65-139-234,elf,mirai,ua-wget",http[:]//176[.]65[.]139[.]234/bot[.]arm7,offline
"176-65-139-234,elf,mirai,ua-wget",http[:]//176[.]65[.]139[.]234/bot[.]sh4,offline
"176-65-139-234,elf,mirai,ua-wget",http[:]//176[.]65[.]139[.]234/bot[.]mipsel,offline
"176-65-139-234,elf,mirai,ua-wget",http[:]//176[.]65[.]139[.]234/bot[.]mips,offline
"176-65-139-234,elf,mirai,ua-wget",http[:]//176[.]65[.]139[.]234/bot[.]ppc,offline
"176-65-139-234,elf,mirai,ua-wget",http[:]//176[.]65[.]139[.]234/bot[.]i686,offline
"176-65-139-234,elf,mirai,ua-wget",http[:]//176[.]65[.]139[.]234/bot[.]arm,offline
"32-bit,elf,mips,Mozi",http[:]//27[.]204[.]196[.]39[:]52849/bin[.]sh,offline
"176-65-139-140,elf,gafgyt,ua-wget",http[:]//176[.]65[.]139[.]140/bins/i686,online
"176-65-139-208,elf,ua-wget",http[:]//176[.]65[.]139[.]208/i686,offline
"176-65-139-208,elf,ua-wget",http[:]//176[.]65[.]139[.]208/x86,offline
"176-65-139-208,elf,ua-wget",http[:]//176[.]65[.]139[.]208/armv5l,offline
"176-65-139-208,DDoSAgent,elf,ua-wget",http[:]//176[.]65[.]139[.]208/mips,offline
"176-65-139-208,elf,ua-wget",http[:]//176[.]65[.]139[.]208/armv7l,offline
"176-65-139-208,DDoSAgent,elf,ua-wget",http[:]//176[.]65[.]139[.]208/mipsel,offline
"176-65-139-208,DDoSAgent,elf,ua-wget",http[:]//176[.]65[.]139[.]208/amd64,offline
"176-65-139-208,DDoSAgent,elf,ua-wget",http[:]//176[.]65[.]139[.]208/ppc64,offline
"176-65-139-208,elf,ua-wget",http[:]//176[.]65[.]139[.]208/armv6l,offline
"32-bit,elf,mips,Mozi",http[:]//112[.]248[.]108[.]207[:]43604/bin[.]sh,offline
"32-bit,elf,mips,Mozi",http[:]//175[.]165[.]106[.]238[:]46446/i,offline
Mozi,http[:]//42[.]237[.]83[.]246[:]49531/i,offline
"32-bit,arm,elf,mirai,Mozi",http[:]//115[.]57[.]48[.]79[:]33777/i,offline
"196-251-121-142,elf,mirai,ua-wget",http[:]//196[.]251[.]121[.]142/a3f8d2/kaizen[.]arm6,online
"196-251-121-142,elf,mirai,ua-wget",http[:]//196[.]251[.]121[.]142/a3f8d2/kaizen[.]m68k,offline
"196-251-121-142,elf,mirai,ua-wget",http[:]//196[.]251[.]121[.]142/a3f8d2/kaizen[.]x86,online
"196-251-121-142,elf,mirai,ua-wget",http[:]//196[.]251[.]121[.]142/a3f8d2/kaizen[.]ppc,online
"196-251-121-142,elf,mirai,ua-wget",http[:]//196[.]251[.]121[.]142/a3f8d2/kaizen[.]arm5,online
"196-251-121-142,elf,mirai,ua-wget",http[:]//196[.]251[.]121[.]142/a3f8d2/kaizen[.]sh4,online
"32-bit,arm,elf,mirai,Mozi",http[:]//115[.]57[.]48[.]79[:]33777/bin[.]sh,offline
"165-22-225-110,exe,ua-wget",http[:]//165[.]22[.]225[.]110/client[.]exe,offline
"164-92-220-158,exe,ua-wget",http[:]//164[.]92[.]220[.]158/client[.]exe,offline
"32-bit,arm,elf,mirai,Mozi",http[:]//120[.]28[.]215[.]129[:]53744/i,offline
"32-bit,elf,mips,Mozi",http[:]//78[.]187[.]104[.]169[:]47307/bin[.]sh,offline
Mozi,http[:]//103[.]31[.]103[.]204[:]49856/bin[.]sh,offline
"32-bit,elf,mips,Mozi",http[:]//123[.]12[.]20[.]34[:]40922/i,offline
"32-bit,elf,mips,Mozi",http[:]//42[.]226[.]76[.]23[:]50496/i,offline
MassLogger,https[:]//5[.]253[.]59[.]16/k/jjscotttbpl[.]dat,offline
mirai,http[:]//114[.]228[.]0[.]125[:]37404/i,offline
"32-bit,elf,mips,Mozi",http[:]//123[.]12[.]20[.]34[:]40922/bin[.]sh,offline
GuLoader,https[:]//drive[.]google[.]com/uc?export=download&id=1pxZ86u3QanfKU3WPmIdLZ9Bf6lWvnKjB,offline
GuLoader,https[:]//drive[.]google[.]com/uc?export=download&id=1ZszPErDOLdtd_HeJ9T7C_dWrXFapTZsk,offline
,https[:]//ifunayaikechukwu[.]kesug[.]com/core_030038[.]iso,offline
,https[:]//lively-fog-af49[.]pablosoftwareplus[.]workers[.]dev/VImqQ,offline
stego,https[:]//lavos[.]life/PHPP/stego_qkhui0swf9[.]png,offline
"encrypted,GuLoader",https[:]//packmate[.]in/LtUHpIfVXKoIfkhmgiAO172[.]bin,offline
"HypeAgent,stego",https[:]//impectorinternational[.]com/kaka/stego_jwfhjrnszg[.]png,online
"HypeAgent,stego",https[:]//impectorinternational[.]com/dot/a1[.]png,offline
,https[:]//github[.]com/bbaltaci90/file/raw/refs/heads/main/naHOjMlaWC163[.]bin,offline
"rat,RemcosRAT",https[:]//raw[.]githubusercontent[.]com/bbaltaci90/jones/refs/heads/main/remcos_a[.]exe,offline
"rat,RemcosRAT,stego",https[:]//res[.]cloudinary[.]com/vgwbivoj/image/upload/v1787883780/img_222244[.]jpg,offline
Mozi,http[:]//182[.]119[.]29[.]244[:]39315/i,offline
"elf,mirai,ua-wget",http[:]//94[.]154[.]43[.]60/bins/i686,offline
"elf,mirai,ua-wget",http[:]//94[.]154[.]43[.]60/bins/mips,offline
"elf,mirai,ua-wget",http[:]//94[.]154[.]43[.]60/bins/arm6,offline
"elf,mirai,ua-wget",http[:]//94[.]154[.]43[.]60/bins/x86_64,offline
"elf,mirai,ua-wget",http[:]//94[.]154[.]43[.]60/bins/mpsl,offline
"elf,mirai,ua-wget",http[:]//94[.]154[.]43[.]60/bins/sh4,offline
"elf,mirai,ua-wget",http[:]//160[.]119[.]71[.]134/n2/xtensa,offline
"elf,mirai,ua-wget",http[:]//160[.]119[.]71[.]134/n2/mips64,offline
"elf,mirai,ua-wget",http[:]//160[.]119[.]71[.]134/n2/mips64b,offline
"elf,mirai,ua-wget",http[:]//160[.]119[.]71[.]134/n2/mips64l,offline
"elf,mirai,ua-wget",http[:]//94[.]154[.]43[.]60/bins/arm7,offline
"elf,mirai,ua-wget",http[:]//94[.]154[.]43[.]60/bins/arm5,offline
"elf,mirai,ua-wget",http[:]//94[.]154[.]43[.]60/bins/arm,offline
"elf,ua-wget",http[:]//94[.]154[.]43[.]60/bins/arc,offline
"elf,ua-wget",http[:]//94[.]154[.]43[.]60/bins/i586,offline
"opendir,rar",https[:]//tokidsa[.]com/Invoice/Inv[.]rar,offline
"elf,ua-wget",http[:]//94[.]154[.]43[.]60/bins/sparc,offline
"ascii,opendir,powershell,ps1,rat,RemcosRAT",https[:]//tokidsa[.]com/Invoice/crypted[.]ps1,offline
"exe,opendir,RemcosRAT",https[:]//tokidsa[.]com/Invoice/remcos_a%2832bit%29v3[.]1[.]exe,offline
"32-bit,elf,mips,Mozi",http[:]//182[.]126[.]90[.]177[:]34641/i,offline
"32-bit,elf,mips,Mozi",http[:]//182[.]126[.]90[.]177[:]34641/bin[.]sh,offline
"rat,RemcosRAT,stego",https[:]//easyaround[.]st/img_020822[.]png,offline
"rat,RemcosRAT,stego",https[:]//easyaround[.]st/img_022850[.]png,offline
"rat,RemcosRAT,stego",https[:]//easyaround[.]st/MSI_PRO[.]png,offline
"rat,RemcosRAT,stego",https[:]//easyaround[.]st/img_111847[.]png,offline
"rat,RemcosRAT,stego",https[:]//coolairesgroup[.]com/img_051638[.]png,online
"32-bit,elf,mips,Mozi",http[:]//60[.]23[.]192[.]74[:]53491/i,offline
"exe,rat,RemcosRAT",https[:]//tmcksa[.]com/APAGO/pago[.]exe,offline
"32-bit,elf,mips,Mozi",http[:]//220[.]202[.]64[.]84[:]54898/i,offline
"32-bit,elf,mips,Mozi",http[:]//42[.]239[.]158[.]155[:]44102/i,offline
"rat,RemcosRAT,stego",https[:]//dipre[.]com[.]tr/25/stego_i7rkf2ladi[.]png,offline
"rat,RemcosRAT,stego",https[:]//alphasaling[.]site/stego_95t70lfg5l[.]png,offline
"stego,xworm",https[:]//lively-fog-af49[.]pablosoftwareplus[.]workers[.]dev/ZEOuA,offline
"stego,xworm",https[:]//pub-a06eb79f0ebe4a6999bcc71a2227d8e3[.]r2[.]dev/EEDC[.]png,offline
"opendir,rar",https[:]//tokidsa[.]com/SOA/SOA[.]rar,offline
"ascii,js,opendir,xworm",https[:]//tokidsa[.]com/SOA/SOA[.]js,offline
"ascii,opendir,powershell,ps1,xworm",https[:]//tokidsa[.]com/SOA/crypted[.]ps1,offline
"ascii,AveMariaRAT,powershell,ps1,rat",https[:]//www[.]eleganceclub[.]xyz/wp-includes/vi/crypted[.]ps1,offline
"32-bit,elf,mips,Mozi",http[:]//60[.]23[.]192[.]74[:]53491/bin[.]sh,offline
"PureLogsStealer,stego",https[:]//gaiadeqi[.]com/stego_cdyg6hf6tx[.]png,offline
"AgentTesla,stego",https[:]//pub-1614932a526c40d79fe5bf23e71e3ff7[.]r2[.]dev/hcxael[.]png,online
"AgentTesla,stego",https[:]//pub-d56457612c0b43ebbaf5c25537f2fb18[.]r2[.]dev/hdenga[.]png,offline
"AgentTesla,stego",https[:]//munihuacho[.]gob[.]pe//sifyWeb/MSI_PRO[.]png,offline
"ascii,Encoded,rev-base64-loader",https[:]//raw[.]githubusercontent[.]com/vito674/tthh/refs/heads/main/FnaAffg[.]txt,offline
"ascii,Encoded,RemcosRAT,rev-base64-loader",https[:]//raw[.]githubusercontent[.]com/Orukemer/bestweek/refs/heads/main/mnonfAk[.]txt,offline
"ascii,Encoded,rev-base64-loader",https[:]//raw[.]githubusercontent[.]com/Orukemer/successful/refs/heads/main/dpoamrI[.]txt,offline
"ascii,Encoded,rev-base64-loader",https[:]//raw[.]githubusercontent[.]com/Orukemer/Biniebiere/refs/heads/main/mffIhbI[.]txt,offline
"ascii,Encoded,rev-base64-loader",https[:]//raw[.]githubusercontent[.]com/vito674/yy/refs/heads/main/pFfSSoh[.]txt,offline
"ascii,Encoded,rev-base64-loader",https[:]//raw[.]githubusercontent[.]com/vito674/uu/refs/heads/main/mFjamon[.]txt,offline
"ascii,Encoded,rev-base64-loader",https[:]//raw[.]githubusercontent[.]com/Orukemer/goodman/refs/heads/main/IfIbbSi[.]txt,offline
"ascii,Encoded,rev-base64-loader",https[:]//raw[.]githubusercontent[.]com/vito674/gg/refs/heads/main/nihmihA[.]txt,offline
"AgentTesla,rev-base64-loader",https[:]//raw[.]githubusercontent[.]com/vito674/coco/refs/heads/main/hienoId[.]txt,offline
"connectwise,msi,screenconnect",https[:]//screen[.]lixiiimunchiihamzzz[.]live/Bin/ScreenConnect[.]ClientSetup[.]msi,offline
Mozi,http[:]//115[.]62[.]150[.]76[:]34902/bin[.]sh,offline
"32-bit,elf,mips,Mozi",http[:]//123[.]14[.]176[.]71[:]34322/i,offline
"32-bit,elf,mips,Mozi",http[:]//42[.]239[.]158[.]155[:]44102/bin[.]sh,offline
"elf,iot,mirai",http[:]//196[.]251[.]121[.]142/a3f8d2/kaizen[.]x86_64,online
LummaStealer,http[:]//91[.]92[.]242[.]236/files-129312398/files/file_274601599365ef96[.]exe,online
"c2-monitor-auto,dropped-by-amadey",http[:]//91[.]92[.]242[.]236/files-129312398/files/file_21ed8bf10b6ae6f5[.]exe,offline
"ascii,mirai",http[:]//94[.]154[.]43[.]60/bins/w[.]sh,offline
,http[:]//185[.]14[.]92[.]139/bins/i686,offline
,http[:]//185[.]14[.]92[.]139/bins/i586,offline
,http[:]//185[.]14[.]92[.]139/bins/mips,offline
,http[:]//185[.]14[.]92[.]139/bins/powerpc-440fp,offline
,http[:]//185[.]14[.]92[.]139/bins/arm6,offline
,http[:]//185[.]14[.]92[.]139/bins/i486,offline
,http[:]//185[.]14[.]92[.]139/bins/arm5,offline
,http[:]//185[.]14[.]92[.]139/bins/x86,offline
,http[:]//185[.]14[.]92[.]139/bins/x32,offline
,http[:]//185[.]14[.]92[.]139/bins/mipsel,offline
,http[:]//185[.]14[.]92[.]139/bins/sparc,offline
,http[:]//185[.]14[.]92[.]139/bins/sh4,offline
,http[:]//185[.]14[.]92[.]139/bins/arm7,offline
,http[:]//185[.]14[.]92[.]139/bins/x86_64,offline
,http[:]//185[.]14[.]92[.]139/bins/m68k,offline
,http[:]//185[.]14[.]92[.]139/bins/ppc,offline
"c2-monitor-auto,dropped-by-amadey",http[:]//31[.]76[.]100[.]209/d/y2znxupxwe2j[.]exe,offline
"c2-monitor-auto,dropped-by-amadey",http[:]//91[.]92[.]242[.]236/files-129312398/files/file_c57f02bbf5bb44ce[.]exe,offline
,http[:]//185[.]14[.]92[.]139/bins/arm4,offline
"32-bit,arm,elf,mirai,Mozi",http[:]//120[.]28[.]193[.]113[:]43297/bin[.]sh,offline
"32-bit,elf,mips,Mozi",http[:]//182[.]119[.]12[.]4[:]52303/i,offline
"9d2ca3,dropped-by-amadey,Stealc",http[:]//91[.]92[.]242[.]236/files-129312398/files/file_da5806c64db79315[.]exe,offline
,http[:]//42[.]85[.]15[.]247[:]42620/i,offline
"32-bit,arm,elf,mirai,Mozi",http[:]//196[.]190[.]133[.]180[:]41857/i,offline
"32-bit,elf,mips,Mozi",http[:]//115[.]56[.]43[.]164[:]34354/i,offline
"32-bit,elf,mips,Mozi",http[:]//103[.]31[.]103[.]204[:]49856/i,offline
mirai,http[:]//42[.]242[.]128[.]179[:]35557/i,offline
Mozi,http[:]//61[.]52[.]216[.]153[:]49651/i,offline
Mozi,http[:]//42[.]227[.]238[.]137[:]55865/i,offline
,http[:]//42[.]7[.]203[.]122[:]48412/i,offline
,http[:]//42[.]55[.]8[.]85[:]43235/i,offline
mirai,http[:]//58[.]242[.]147[.]50[:]58929/i,offline
,http[:]//119[.]116[.]161[.]23[:]41537/bin[.]sh,offline
mirai,http[:]//58[.]242[.]147[.]50[:]58929/bin[.]sh,offline
Mozi,http[:]//95[.]220[.]126[.]209[:]47353/Mozi[.]m,offline
,http[:]//60[.]18[.]56[.]204[:]38296/bin[.]sh,offline
,http[:]//85[.]15[.]119[.]255[:]37936/i,offline
Mozi,http[:]//61[.]52[.]216[.]153[:]49651/bin[.]sh,offline
,http[:]//115[.]61[.]114[.]25[:]37461/i,offline
,http[:]//5[.]26[.]195[.]93[:]44134/bin[.]sh,offline
,http[:]//5[.]26[.]195[.]93[:]44134/i,offline
Mozi,http[:]//81[.]227[.]54[.]149[:]33012/i,online
mirai,http[:]//45[.]172[.]218[.]181[:]42968/Mozi[.]a,offline
Mozi,http[:]//42[.]227[.]202[.]96[:]55789/i,offline
Mozi,http[:]//87[.]68[.]238[.]101[:]49479/bin[.]sh,online
,http[:]//42[.]59[.]234[.]164[:]60373/i,offline
Mozi,http[:]//59[.]96[.]139[.]218[:]45093/i,offline
Mozi,http[:]//59[.]96[.]139[.]218[:]45093/bin[.]sh,offline
Mozi,http[:]//42[.]235[.]90[.]191[:]55867/i,offline
,http[:]//42[.]238[.]175[.]161[:]58612/bin[.]sh,offline
,http[:]//42[.]59[.]236[.]147[:]39736/bin[.]sh,offline
,http[:]//90[.]174[.]93[.]135[:]49159/bin[.]sh,offline
,http[:]//90[.]174[.]93[.]135[:]49159/i,offline
,http[:]//42[.]7[.]203[.]122[:]48412/bin[.]sh,offline
Mozi,http[:]//78[.]187[.]104[.]169[:]47307/i,offline
,http[:]//42[.]59[.]234[.]164[:]60373/bin[.]sh,offline
Mozi,http[:]//46[.]236[.]65[.]160[:]41635/i,offline
mirai,http[:]//124[.]6[.]167[.]113[:]47678/i,offline
mirai,http[:]//180[.]191[.]16[.]46[:]54744/i,offline
mirai,http[:]//122[.]157[.]191[.]96[:]46379/bin[.]sh,offline
mirai,http[:]//110[.]186[.]230[.]101[:]55282/i,offline
,http[:]//123[.]188[.]79[.]165[:]56243/i,offline
,http[:]//123[.]57[.]51[.]183[:]6707/linux,online
Mozi,http[:]//115[.]62[.]150[.]76[:]34902/i,offline
mirai,http[:]//112[.]254[.]25[.]161[:]51093/i,offline
mirai,http[:]//122[.]241[.]244[.]12[:]48908/bin[.]sh,offline
mirai,http[:]//124[.]235[.]106[.]150[:]39827/bin[.]sh,offline
Mozi,http[:]//182[.]116[.]86[.]141[:]49107/i,offline
,http[:]//175[.]148[.]76[.]63[:]43235/bin[.]sh,offline
Mozi,http[:]//123[.]11[.]2[.]109[:]37624/i,offline
,http[:]//120[.]84[.]213[.]215[:]39910/i,offline
Mozi,http[:]//182[.]121[.]47[.]7[:]45549/i,offline
Mozi,http[:]//182[.]122[.]238[.]136[:]47112/i,offline
Mozi,http[:]//219[.]155[.]209[.]76[:]34329/bin[.]sh,offline
Mozi,http[:]//115[.]55[.]251[.]79[:]51874/i,offline
,http[:]//175[.]107[.]210[.]184[:]44599/i,offline
mirai,http[:]//124[.]235[.]106[.]150[:]39827/i,offline
mirai,http[:]//222[.]219[.]25[.]40[:]41597/i,offline
,http[:]//175[.]175[.]235[.]48[:]33371/i,offline
Mozi,http[:]//182[.]127[.]29[.]73[:]53517/i,offline
mirai,http[:]//36[.]69[.]79[.]50[:]41202/i,offline
,http[:]//113[.]229[.]188[.]243[:]58407/bin[.]sh,offline
Mozi,http[:]//112[.]238[.]146[.]18[:]59385/bin[.]sh,offline
Mozi,http[:]//113[.]71[.]156[.]197[:]37821/i,offline
Mozi,http[:]//103[.]146[.]110[.]126[:]43184/i,offline
,http[:]//175[.]165[.]84[.]48[:]51514/i,offline
Mozi,http[:]//113[.]71[.]156[.]197[:]37821/bin[.]sh,offline
mirai,http[:]//125[.]40[.]94[.]151[:]33401/i,offline
mirai,http[:]//114[.]228[.]0[.]125[:]37404/bin[.]sh,offline
mirai,http[:]//117[.]26[.]226[.]51[:]41542/i,offline
,http[:]//175[.]165[.]84[.]48[:]51514/bin[.]sh,offline
Mozi,http[:]//222[.]142[.]250[.]89[:]48058/i,offline
mirai,http[:]//120[.]33[.]246[.]147[:]56428/i,offline
Mozi,http[:]//115[.]55[.]49[.]200[:]56543/i,offline
Mozi,http[:]//115[.]56[.]46[.]185[:]50146/i,offline
Mozi,http[:]//182[.]126[.]125[.]52[:]38996/i,offline
,http[:]//120[.]84[.]212[.]164[:]32896/bin[.]sh,offline
mirai,http[:]//1[.]2[.]185[.]92[:]37079/bin[.]sh,offline
Mozi,http[:]//182[.]124[.]178[.]175[:]42280/bin[.]sh,offline
Mozi,http[:]//123[.]11[.]78[.]158[:]40174/i,offline
,http[:]//223[.]100[.]248[.]64[:]56155/bin[.]sh,offline
Mozi,http[:]//42[.]224[.]99[.]104[:]51096/bin[.]sh,offline
,http[:]//42[.]178[.]98[.]211[:]51494/bin[.]sh,offline
mirai,http[:]//216[.]249[.]4[.]20[:]58489/i,offline
mirai,http[:]//180[.]191[.]16[.]46[:]54744/bin[.]sh,offline
Mozi,http[:]//27[.]215[.]214[.]47[:]46138/bin[.]sh,offline
,http[:]//182[.]113[.]203[.]209[:]45454/bin[.]sh,offline
,http[:]//175[.]146[.]157[.]174[:]45619/bin[.]sh,offline
,http[:]//175[.]168[.]233[.]120[:]35984/bin[.]sh,offline
Mozi,http[:]//182[.]127[.]29[.]73[:]53517/bin[.]sh,offline
Mozi,http[:]//115[.]55[.]49[.]200[:]56543/bin[.]sh,offline
mirai,http[:]//112[.]198[.]132[.]186[:]52574/i,offline
Mozi,http[:]//123[.]12[.]169[.]223[:]41524/bin[.]sh,offline
mirai,http[:]//180[.]119[.]100[.]5[:]47071/bin[.]sh,offline
,http[:]//103[.]146[.]110[.]125[:]47920/i,offline
Mozi,http[:]//115[.]50[.]109[.]82[:]43801/i,offline
Mozi,http[:]//27[.]215[.]214[.]47[:]46138/i,offline
Mozi,http[:]//42[.]227[.]185[.]203[:]48079/i,offline
mirai,http[:]//115[.]62[.]219[.]128[:]60059/i,offline
Mozi,http[:]//112[.]248[.]115[.]39[:]34399/bin[.]sh,offline
Mozi,http[:]//115[.]57[.]184[.]196[:]33354/i,offline
Mozi,http[:]//42[.]227[.]202[.]96[:]55789/bin[.]sh,offline
mirai,http[:]//180[.]119[.]100[.]5[:]47071/i,offline
,http[:]//27[.]44[.]145[.]195[:]60512/bin[.]sh,offline
Mozi,http[:]//125[.]42[.]25[.]32[:]39450/i,offline
,http[:]//27[.]44[.]144[.]150[:]35485/i,offline
,http[:]//109[.]171[.]67[.]100[:]50329/bin[.]sh,offline
mirai,http[:]//210[.]208[.]116[.]107[:]38254/bin[.]sh,offline
Mozi,http[:]//123[.]11[.]78[.]158[:]40174/bin[.]sh,offline
Mozi,http[:]//123[.]14[.]35[.]219[:]56363/bin[.]sh,offline
,http[:]//115[.]55[.]11[.]45[:]50915/i,offline
mirai,http[:]//122[.]157[.]191[.]96[:]46379/i,offline
,http[:]//115[.]55[.]11[.]45[:]50915/bin[.]sh,offline
,http[:]//175[.]107[.]210[.]184[:]44599/bin[.]sh,offline
Mozi,http[:]//123[.]12[.]197[.]22[:]49600/i,offline
mirai,http[:]//115[.]62[.]219[.]128[:]60059/bin[.]sh,offline
Mozi,http[:]//136[.]60[.]32[.]162[:]35693/bin[.]sh,offline
mirai,http[:]//210[.]208[.]104[.]156[:]43572/bin[.]sh,offline
mirai,http[:]//115[.]58[.]183[.]11[:]33235/i,offline
mirai,http[:]//115[.]50[.]110[.]157[:]51347/i,offline
,http[:]//220[.]192[.]224[.]73[:]39578/i,offline
,http[:]//123[.]14[.]220[.]196[:]55271/i,offline
,http[:]//196[.]189[.]96[.]59[:]49376/i,offline
Mozi,http[:]//182[.]113[.]45[.]180[:]42211/i,offline
Mozi,http[:]//115[.]59[.]7[.]230[:]54475/i,offline
Mozi,http[:]//125[.]44[.]190[.]99[:]42240/bin[.]sh,offline
Mozi,http[:]//115[.]59[.]7[.]230[:]54475/bin[.]sh,offline
Mozi,http[:]//112[.]248[.]107[.]28[:]42604/bin[.]sh,offline
Mozi,http[:]//182[.]126[.]92[.]89[:]49498/bin[.]sh,offline
,http[:]//113[.]237[.]109[.]86[:]52097/i,offline
Mozi,http[:]//125[.]44[.]41[.]249[:]53025/i,offline
Mozi,http[:]//123[.]14[.]89[.]254[:]47055/i,offline
Mozi,http[:]//123[.]14[.]89[.]254[:]47055/bin[.]sh,offline
Mozi,http[:]//123[.]129[.]12[.]107[:]46095/i,offline
Mozi,http[:]//123[.]10[.]226[.]98[:]57502/i,offline
mirai,http[:]//123[.]8[.]80[.]122[:]57686/bin[.]sh,offline
Mozi,http[:]//182[.]121[.]46[.]187[:]55024/i,offline
Mozi,http[:]//125[.]44[.]190[.]99[:]42240/i,offline
Mozi,http[:]//115[.]55[.]251[.]79[:]51874/bin[.]sh,offline
Mozi,http[:]//182[.]122[.]238[.]136[:]47112/bin[.]sh,offline
Mozi,http[:]//182[.]121[.]224[.]34[:]57371/bin[.]sh,offline
mirai,http[:]//1[.]2[.]185[.]92[:]37079/i,offline
mirai,http[:]//123[.]8[.]80[.]122[:]57686/i,offline
Mozi,http[:]//115[.]56[.]46[.]185[:]50146/bin[.]sh,offline
Mozi,http[:]//182[.]123[.]165[.]57[:]47075/i,offline
Mozi,http[:]//219[.]156[.]52[.]99[:]54153/bin[.]sh,offline
Mozi,http[:]//125[.]47[.]211[.]92[:]55433/i,offline
Mozi,http[:]//27[.]204[.]196[.]39[:]52849/i,offline
Mozi,http[:]//115[.]54[.]151[.]32[:]60584/bin[.]sh,offline
Mozi,http[:]//115[.]50[.]1[.]231[:]33440/i,offline
mirai,http[:]//216[.]249[.]4[.]20[:]58489/bin[.]sh,offline
Mozi,http[:]//219[.]155[.]209[.]76[:]34329/i,offline
Mozi,http[:]//182[.]113[.]45[.]180[:]42211/bin[.]sh,offline
,http[:]//223[.]100[.]248[.]64[:]56155/i,offline
Mozi,http[:]//182[.]126[.]92[.]89[:]49498/i,offline
Mozi,http[:]//42[.]224[.]99[.]104[:]51096/i,offline
,http[:]//216[.]196[.]170[.]32[:]4154/bin[.]sh,online
Mozi,http[:]//219[.]155[.]19[.]6[:]48542/bin[.]sh,offline
mirai,http[:]//218[.]74[.]111[.]153[:]34890/bin[.]sh,offline
,http[:]//45[.]171[.]177[.]193[:]49446/i,offline
,http[:]//61[.]53[.]75[.]236[:]46338/i,offline
,http[:]//91[.]157[.]243[.]235[:]47252/i,offline
,http[:]//123[.]11[.]72[.]54[:]48079/i,offline
,http[:]//45[.]171[.]177[.]193[:]49446/bin[.]sh,offline
,http[:]//113[.]229[.]117[.]181[:]42541/i,offline
,http[:]//113[.]229[.]117[.]181[:]42541/bin[.]sh,offline
"32-bit,elf,mips,Mozi",http[:]//78[.]165[.]252[.]2[:]50272/i,offline
,http[:]//77[.]39[.]107[.]229[:]1262/i,offline
"32-bit,elf,mips,Mozi",http[:]//123[.]12[.]169[.]223[:]41524/i,offline
"d52f85,dropped-by-amadey",http[:]//62[.]60[.]226[.]140/files/8079848160/fmz7qNE[.]exe,offline
"d52f85,dropped-by-amadey",http[:]//62[.]60[.]226[.]140/files/7299809293/IgZqddK[.]bat,offline
"32-bit,elf,mips,Mozi",http[:]//115[.]55[.]47[.]135[:]39299/i,offline
"32-bit,elf,mips,Mozi",http[:]//115[.]58[.]128[.]60[:]44566/i,offline
,http[:]//77[.]39[.]107[.]229[:]1262/bin[.]sh,offline
"32-bit,arm,elf,mirai,Mozi",http[:]//105[.]186[.]250[.]56[:]38301/bin[.]sh,offline
"32-bit,elf,mips,Mozi",http[:]//115[.]58[.]128[.]60[:]44566/bin[.]sh,offline
"32-bit,elf,mips,Mozi",http[:]//123[.]14[.]220[.]196[:]55271/bin[.]sh,offline
"32-bit,elf,mips,Mozi",http[:]//42[.]6[.]60[.]21[:]60810/bin[.]sh,offline
"32-bit,arm,elf,mirai,Mozi",http[:]//105[.]186[.]250[.]56[:]38301/i,offline
ClickFix,https[:]//telemetryloop[.]net/get_verify?i=76513,offline
ClickFix,https[:]//soft-update[.]dev/get_verify?i=76875,offline
"ClickFix,ua-ps",https[:]//faceit-cdn[.]org/install[.]ps1,offline
"android,apk ",https[:]//killurself1337-cdn[.]doxbin[.]mom/cdn/odyssey_com_wizardcdn_videopart_a1fe06a10ee6210d[.]mp4,offline
Mozi,http[:]//125[.]41[.]8[.]103[:]46677/i,offline
"3,dropped-by-Stealc,RemusStealer",http[:]//cryptovectorhub1[.]lol/crypt/load/QW1[.]exe,offline
"elf,iot,Mozi",http[:]//123[.]188[.]72[.]146[:]45830/Mozi[.]m,offline
,https[:]//goxlrutility[.]net/goxlr-software[.]zip,offline
,https[:]//goxlr[.]io/goxlr-software[.]zip,offline
ClearFake,https[:]//jsma[.]s3[.]us-west-2[.]amazonaws[.]com/1bJ8TKI/ma[.]js,offline
,http[:]//loveher[.]dpdns[.]org/juan[.]apk,offline
"c2-monitor-auto,dropped-by-amadey",http[:]//91[.]92[.]242[.]236/files-129312398/files/file_30662828008ae112[.]exe,offline
"32-bit,elf,mips,Mozi",http[:]//115[.]54[.]151[.]32[:]60584/i,offline
"32-bit,elf,mips,Mozi",http[:]//42[.]228[.]250[.]95[:]52631/i,offline
"32-bit,elf,mips,Mozi",http[:]//221[.]15[.]226[.]98[:]57526/i,offline
"32-bit,elf,mips,Mozi",http[:]//221[.]15[.]226[.]98[:]57526/bin[.]sh,offline
"32-bit,elf,mips,Mozi",http[:]//175[.]146[.]157[.]174[:]45619/i,offline
"32-bit,arm,elf,mirai,Mozi",http[:]//124[.]6[.]169[.]46[:]33212/i,offline
"32-bit,arm,elf,mirai,Mozi",http[:]//122[.]241[.]11[.]11[:]58223/i,offline
"32-bit,elf,mips,Mozi",http[:]//182[.]120[.]166[.]229[:]45493/i,offline
mirai,http[:]//180[.]106[.]130[.]119[:]52766/i,offline
"32-bit,elf,mips,Mozi",http[:]//42[.]224[.]146[.]79[:]37600/i,offline
"32-bit,elf,mips,Mozi",http[:]//182[.]120[.]166[.]229[:]45493/bin[.]sh,offline
"32-bit,elf,mips,Mozi",http[:]//42[.]224[.]146[.]79[:]37600/bin[.]sh,offline
"32-bit,elf,mips,Mozi",http[:]//220[.]201[.]29[.]161[:]55723/i,offline
"32-bit,elf,mips,Mozi",http[:]//182[.]113[.]41[.]227[:]46418/bin[.]sh,offline
"32-bit,elf,mips,Mozi",http[:]//182[.]113[.]41[.]227[:]46418/i,offline
Mozi,http[:]//219[.]155[.]19[.]6[:]48542/i,offline
Mozi,http[:]//219[.]155[.]203[.]92[:]60427/i,offline
"32-bit,elf,mips,Mozi",http[:]//219[.]156[.]1[.]60[:]58614/i,offline
"32-bit,elf,mips,Mozi",http[:]//119[.]179[.]236[.]153[:]35587/i,offline
"32-bit,elf,mips,Mozi",http[:]//119[.]179[.]236[.]153[:]35587/bin[.]sh,offline
"32-bit,elf,mips,Mozi",http[:]//115[.]55[.]9[.]45[:]53206/i,offline
Mozi,http[:]//219[.]155[.]203[.]92[:]60427/bin[.]sh,offline
"32-bit,elf,mips,Mozi",http[:]//42[.]235[.]90[.]27[:]56498/i,offline
"32-bit,elf,mips,Mozi",http[:]//42[.]235[.]79[.]35[:]51894/i,offline
"elf,gafgyt,ua-wget",http[:]//85[.]11[.]167[.]203/s-h[.]4-[.]SNOOPY,offline
"elf,gafgyt,ua-wget",http[:]//85[.]11[.]167[.]203/a-r[.]m-6[.]SNOOPY,offline
"32-bit,elf,mips,Mozi",http[:]//182[.]119[.]176[.]85[:]56368/i,offline
"32-bit,elf,mips,Mozi",http[:]//221[.]15[.]21[.]220[:]35804/i,offline
"32-bit,elf,mips,Mozi",http[:]//182[.]119[.]176[.]85[:]56368/bin[.]sh,offline
Mozi,http[:]//221[.]15[.]88[.]237[:]56165/i,offline
,http[:]//163[.]142[.]92[.]67[:]54475/i,offline
mirai,http[:]//180[.]106[.]130[.]119[:]52766/bin[.]sh,offline
"32-bit,elf,mips,Mozi",http[:]//221[.]15[.]21[.]220[:]35804/bin[.]sh,offline
Mozi,http[:]//115[.]50[.]149[.]84[:]44853/bin[.]sh,offline
mirai,http[:]//180[.]191[.]42[.]15[:]52214/bin[.]sh,offline
"32-bit,elf,mips,Mozi",http[:]//123[.]4[.]232[.]69[:]32795/bin[.]sh,offline
"32-bit,elf,mips,Mozi",http[:]//163[.]142[.]93[.]233[:]38525/i,offline
"32-bit,elf,mips,Mozi",http[:]//115[.]55[.]47[.]135[:]39299/bin[.]sh,offline
"d7d7f50ed686001c727dbd987b7fc7e7,dropped-by-remus",https[:]//github-software[.]su/helper/main[.]exe,offline
"32-bit,elf,mips,Mozi",http[:]//125[.]46[.]131[.]9[:]49040/bin[.]sh,offline
"32-bit,elf,mips,Mozi",http[:]//27[.]215[.]54[.]219[:]55163/i,offline
"32-bit,elf,mips,Mozi",http[:]//182[.]121[.]177[.]176[:]36990/i,offline
"32-bit,elf,mips,Mozi",http[:]//124[.]131[.]128[.]79[:]49267/i,offline
"32-bit,elf,mips,Mozi",http[:]//42[.]228[.]46[.]234[:]49037/i,offline
"32-bit,elf,mips,Mozi",http[:]//27[.]215[.]54[.]219[:]55163/bin[.]sh,offline
"32-bit,elf,mips,Mozi",http[:]//42[.]56[.]35[.]155[:]55769/i,offline
"32-bit,elf,mips,Mozi",http[:]//42[.]56[.]35[.]155[:]55769/bin[.]sh,offline
"32-bit,elf,mips,Mozi",http[:]//42[.]228[.]46[.]234[:]49037/bin[.]sh,offline
"54e64e,dropped-by-amadey",http[:]//91[.]92[.]242[.]236/files-129312398/files/file_75af83cd52936be4[.]exe,offline
"32-bit,arm,elf,mirai,Mozi",http[:]//179[.]108[.]89[.]220[:]60440/bin[.]sh,offline
"32-bit,elf,mips,Mozi",http[:]//124[.]131[.]128[.]79[:]49267/bin[.]sh,offline
"32-bit,elf,mips,Mozi",http[:]//123[.]12[.]232[.]76[:]41158/bin[.]sh,offline
"32-bit,elf,mips,Mozi",http[:]//222[.]142[.]253[.]198[:]55164/bin[.]sh,offline
"32-bit,elf,mips,Mozi",http[:]//119[.]179[.]252[.]91[:]42980/i,offline
"32-bit,arm,elf,mirai,Mozi",http[:]//196[.]190[.]11[.]194[:]48645/i,offline
"32-bit,elf,mips,Mozi",http[:]//119[.]179[.]252[.]91[:]42980/bin[.]sh,offline
"32-bit,elf,mips,Mozi",http[:]//42[.]235[.]44[.]102[:]53181/i,offline
"32-bit,elf,mips,Mozi",http[:]//42[.]235[.]44[.]102[:]53181/bin[.]sh,offline
"32-bit,elf,mips,Mozi",http[:]//115[.]50[.]70[.]160[:]43741/i,offline
"32-bit,elf,mips,Mozi",http[:]//222[.]137[.]39[.]209[:]33458/i,offline
"32-bit,elf,mips,Mozi",http[:]//222[.]137[.]39[.]209[:]33458/bin[.]sh,offline
"32-bit,elf,mips,Mozi",http[:]//115[.]50[.]70[.]160[:]43741/bin[.]sh,offline
"32-bit,elf,mips,Mozi",http[:]//115[.]50[.]149[.]84[:]44853/i,offline
"32-bit,elf,mips,Mozi",http[:]//125[.]41[.]3[.]138[:]43039/i,offline
"32-bit,elf,mips,Mozi",http[:]//125[.]41[.]3[.]138[:]43039/bin[.]sh,offline
"103-77-246-150,mirai,sh,ua-wget",http[:]//103[.]77[.]246[.]150/c[.]sh,offline
"103-77-246-150,mirai,sh,ua-wget",http[:]//103[.]77[.]246[.]150/w[.]sh,offline
"103-77-246-150,mirai,sh,ua-wget",http[:]//103[.]77[.]246[.]150/wget[.]sh,offline
"32-bit,elf,mips,Mozi",http[:]//125[.]47[.]247[.]14[:]44132/i,offline
"32-bit,elf,mips,Mozi",http[:]//115[.]57[.]233[.]31[:]33601/bin[.]sh,offline
"32-bit,elf,mips,Mozi",http[:]//125[.]47[.]247[.]14[:]44132/bin[.]sh,offline
"192-159-99-164,ua-wget",https[:]//192[.]159[.]99[.]164/728277/base/base[.]apk,offline
"192-159-99-164,ua-wget",https[:]//192[.]159[.]99[.]164/463869/base/base[.]apk,offline
"192-159-99-164,ua-wget",https[:]//192[.]159[.]99[.]164/840474/base/base[.]apk,offline
"192-159-99-164,ua-wget",https[:]//192[.]159[.]99[.]164/840474/dropper/NextGen_mParivahan[.]apk,offline
"192-159-99-164,ua-wget",https[:]//192[.]159[.]99[.]164/136384/base/base[.]apk,offline
"192-159-99-164,ua-wget",https[:]//192[.]159[.]99[.]164/710893/dropper/NextGen_mParivahan[.]apk,offline
"192-159-99-164,ua-wget",https[:]//192[.]159[.]99[.]164/463869/dropper/NextGen_mParivahan[.]apk,offline
"192-159-99-164,ua-wget",https[:]//192[.]159[.]99[.]164/136384/dropper/NextGen_mParivahan[.]apk,offline
"3,dropped-by-Stealc,RemusStealer",https[:]//femade[.]co[.]uk/wp-content/uploads/QW1[.]exe,offline
"32-bit,elf,mips,Mozi",http[:]//42[.]235[.]90[.]191[:]55867/bin[.]sh,offline
"elf,mirai,ua-wget",http[:]//103[.]77[.]246[.]150/AGbot[.]i586,offline
"elf,mirai,ua-wget",http[:]//103[.]77[.]246[.]150/AGbot[.]x86_64,offline
"elf,mirai,ua-wget",http[:]//103[.]77[.]246[.]150/AGbot[.]i486,offline
"elf,mirai,ua-wget",http[:]//103[.]77[.]246[.]150/AGbot[.]i686,offline
"elf,mirai,ua-wget",http[:]//103[.]77[.]246[.]150/AGbot[.]mipsel,offline
"elf,mirai,ua-wget",http[:]//103[.]77[.]246[.]150/AGbot[.]powerpc,offline
"elf,mirai,ua-wget",http[:]//103[.]77[.]246[.]150/AGbot[.]mips,offline
"32-bit,elf,mips,Mozi",http[:]//123[.]12[.]232[.]76[:]41158/i,offline
"HypeAgent,stego",https[:]//lavos[.]life/bothways/stego_tm92fbepbu[.]png,offline
"32-bit,elf,mips,Mozi",http[:]//123[.]14[.]35[.]219[:]56363/i,offline
"45-88-186-164-8000,elf,ua-wget",http[:]//45[.]88[.]186[.]164[:]8000/knetworkd,offline
"45-88-186-164-8000,AdaptixC2,exe,ua-wget",http[:]//45[.]88[.]186[.]164[:]8000/SysMgr[.]exe,offline
"32-bit,elf,mips,Mozi",http[:]//125[.]45[.]60[.]9[:]38474/i,offline
"32-bit,elf,mips,Mozi",http[:]//112[.]254[.]188[.]159[:]37492/bin[.]sh,offline
"32-bit,elf,mips,Mozi",http[:]//61[.]53[.]240[.]10[:]55987/i,offline
"32-bit,elf,mips,Mozi",http[:]//42[.]232[.]29[.]165[:]33112/i,offline
"Formbook,stego",https[:]//universalmobility[.]pro/Striker[.]png,offline
"rat,RemcosRAT,stego",https[:]//alphapicaficagency[.]com/stego_k4m79w60vz[.]png,offline
"AsyncRAT,exe,xworm",http[:]//193[.]104[.]58[.]65/XWormyu[.]exe,offline
"exe,Formbook",https[:]//safeifm[.]com/nabnoticesupportonline/bin[.]exe,offline
Formbook,https[:]//filedn[.]com/lEr8X39QyI3Ff9hN9vGodiR/env[.]zip,offline
"mirai,wraith",http[:]//103[.]77[.]246[.]150/AGbot[.]armv6l,offline
"32-bit,elf,mips,Mozi",http[:]//113[.]231[.]84[.]91[:]50140/i,offline
"mirai,wraith",http[:]//103[.]77[.]246[.]150/AGbot[.]armv7l,offline
"mirai,wraith",http[:]//103[.]77[.]246[.]150/AGbot[.]armv5l,offline
"mirai,wraith",http[:]//103[.]77[.]246[.]150/AGbot[.]armv4l,offline
"mirai,script",http[:]//103[.]77[.]246[.]150/all[.]sh,offline
"32-bit,elf,mips,Mozi",http[:]//61[.]53[.]240[.]10[:]55987/bin[.]sh,offline
"32-bit,elf,mips,Mozi",http[:]//60[.]23[.]233[.]250[:]33613/bin[.]sh,offline
"32-bit,arm,elf,mirai,Mozi",http[:]//45[.]172[.]218[.]181[:]42968/i,offline
"32-bit,arm,elf,mirai,Mozi",http[:]//196[.]190[.]11[.]194[:]48645/bin[.]sh,offline
"32-bit,elf,mips,Mozi",http[:]//42[.]56[.]161[.]38[:]49976/i,offline
"32-bit,arm,elf,mirai,Mozi",http[:]//45[.]172[.]218[.]181[:]42968/bin[.]sh,offline
"SilverFox,ValleyRAT",https[:]//dy[.]dpwqwaapp[.]xyz/p10/BraveBrows[.]zip,offline
"c2-monitor-auto,dropped-by-amadey,Stealc",http[:]//91[.]92[.]242[.]236/files-129312398/files/file_c1651781064790ad[.]exe,offline
"d52f85,dropped-by-amadey",http[:]//62[.]60[.]226[.]140/files/7969923390/YZvtV2H[.]exe,offline
"32-bit,elf,mips,Mozi",http[:]//115[.]48[.]151[.]132[:]36550/i,offline
"32-bit,elf,mips,Mozi",http[:]//119[.]116[.]34[.]176[:]47926/i,offline
"32-bit,elf,mips,Mozi",http[:]//115[.]48[.]151[.]132[:]36550/bin[.]sh,offline
"32-bit,elf,mips,Mozi",http[:]//182[.]126[.]124[.]161[:]50960/i,offline
"32-bit,elf,mips,Mozi",http[:]//219[.]155[.]10[.]234[:]34322/i,offline
"elf,gafgyt,ua-wget",http[:]//85[.]11[.]167[.]203/i-5[.]8-6[.]SNOOPY,offline
"elf,gafgyt,ua-wget",http[:]//85[.]11[.]167[.]203/a-r[.]m-5[.]SNOOPY,offline
"3,dropped-by-Stealc",https[:]//weybli[.]com/QW1[.]exe,offline
"32-bit,elf,mips,Mozi",http[:]//182[.]126[.]124[.]161[:]50960/bin[.]sh,offline
"32-bit,elf,mips,Mozi",http[:]//119[.]116[.]34[.]176[:]47926/bin[.]sh,offline
"HypeAgent,stego",https[:]//files[.]catbox[.]moe/3j9gfp[.]png,offline
"32-bit,elf,mips,Mozi",http[:]//220[.]201[.]29[.]161[:]55723/bin[.]sh,offline
"CoinMiner,cryptomining,CVE-2026-60004,elf,Gitea,Linuxsys,mirai,monero,xmrig",https[:]//cloud[.]calltop[.]com[.]br/apps/web/linux[.]bin,offline
"cryptomining,CVE-2026-60004,elf,Gitea,Linuxsys,mirai,monero,xmrig",http[:]//puschl[.]langhaar-schaeferhunde[.]com/plugins/linux[.]bin,offline
"CoinMiner,cryptomining,CVE-2026-60004,elf,Gitea,Linuxsys,monero,xmrig",https[:]//www[.]mediocasavolponi[.]com/wp-content/plugins/linux[.]bin,offline
"CoinMiner,cryptomining,CVE-2026-60004,elf,Gitea,Linuxsys,mirai,monero,xmrig",https[:]//casasmediterraneas[.]com/wp-content/plugins/linux[.]bin,online
TonRAT,https[:]//odxvj-fii5[.]marysasha20520[.]workers[.]dev/,offline
"cryptojacking,CVE-2026-60004,elf,Gitea,xmrig",http[:]//0x1x2x3[.]top/,offline
"d52f85,dropped-by-amadey",https[:]//inventorychanger[.]com/profile[.]exe,offline
"32-bit,arm,elf,mirai,Mozi",http[:]//222[.]185[.]199[.]120[:]32826/bin[.]sh,offline
"32-bit,elf,mips,Mozi",http[:]//61[.]53[.]133[.]147[:]59279/i,offline
"d52f85,dropped-by-amadey",https[:]//inventorychanger[.]com/getLummaStealer?=InventoryChanger[.]exe,offline
"32-bit,elf,mips,Mozi",http[:]//27[.]44[.]146[.]43[:]40959/i,offline
"32-bit,elf,mips,Mozi",http[:]//61[.]53[.]133[.]147[:]59279/bin[.]sh,offline
"2-27-12-54-889,elf,mirai,ua-wget",http[:]//2[.]27[.]12[.]54[:]889/raul[.]armv4l,offline
"2-27-12-54-889,elf,mirai,ua-wget",http[:]//2[.]27[.]12[.]54[:]889/raul[.]armv5l,offline
"2-27-12-54-889,elf,mirai,ua-wget",http[:]//2[.]27[.]12[.]54[:]889/raul[.]sparc,offline
"2-27-12-54-889,elf,mirai,ua-wget",http[:]//2[.]27[.]12[.]54[:]889/raul[.]mipsel,offline
"2-27-12-54-889,elf,mirai,ua-wget",http[:]//2[.]27[.]12[.]54[:]889/raul[.]powerpc,offline
"2-27-12-54-889,elf,mirai,ua-wget",http[:]//2[.]27[.]12[.]54[:]889/raul[.]armv6l,offline
"2-27-12-54-889,elf,mirai,ua-wget",http[:]//2[.]27[.]12[.]54[:]889/raul[.]armv7l,offline
"2-27-12-54-889,elf,mirai,ua-wget",http[:]//2[.]27[.]12[.]54[:]889/raul[.]i686,offline
"2-27-12-54-889,elf,mirai,ua-wget",http[:]//2[.]27[.]12[.]54[:]889/raul[.]m68k,offline
"2-27-12-54-889,sh,ua-wget",http[:]//2[.]27[.]12[.]54[:]889/dp[.]sh,offline
"2-27-12-54-889,elf,mirai,ua-wget",http[:]//2[.]27[.]12[.]54[:]889/raul[.]sh4,offline
"2-27-12-54-889,elf,ua-wget",http[:]//2[.]27[.]12[.]54[:]889/raul[.]powerpc-440fp,offline
"2-27-12-54-889,elf,mirai,ua-wget",http[:]//2[.]27[.]12[.]54[:]889/raul[.]mips,offline
"2-27-12-54-889,aisuru,elf,ua-wget",http[:]//2[.]27[.]12[.]54[:]889/raul[.]i586,offline
"2-27-12-54-889,mirai,ua-wget",http[:]//2[.]27[.]12[.]54[:]889/bins[.]zip,offline
"176-65-139-140,elf,gafgyt,ua-wget",http[:]//176[.]65[.]139[.]140/bins/i586,online
"176-65-139-140,elf,gafgyt,ua-wget",http[:]//176[.]65[.]139[.]140/bins/x86_64,online
"176-65-139-140,elf,gafgyt,ua-wget",http[:]//176[.]65[.]139[.]140/bins/ppc440,online
"176-65-139-140,elf,gafgyt,ua-wget",http[:]//176[.]65[.]139[.]140/bins/i486,online
"3,dropped-by-Stealc,RemusStealer",http[:]//hypercorevector4[.]lol/crypt/load/QW1[.]exe,offline
Mozi,http[:]//85[.]108[.]87[.]246[:]50272/bin[.]sh,offline
,http[:]//31[.]4[.]254[.]241[:]52598/i,offline
mirai,http[:]//36[.]70[.]67[.]235[:]43210/bin[.]sh,offline
mirai,http[:]//36[.]70[.]67[.]235[:]43210/i,offline
Mozi,http[:]//42[.]225[.]231[.]39[:]51223/bin[.]sh,offline
Mozi,http[:]//85[.]108[.]87[.]246[:]50272/i,offline
Mozi,http[:]//42[.]225[.]231[.]39[:]51223/i,offline
Mozi,http[:]//42[.]239[.]149[.]25[:]60566/i,offline
,http[:]//42[.]239[.]231[.]76[:]37945/bin[.]sh,offline
mirai,http[:]//60[.]162[.]48[.]118[:]34372/i,offline
,http[:]//60[.]22[.]62[.]241[:]50802/i,offline
,http[:]//94[.]28[.]39[.]38[:]36784/i,offline
,http[:]//60[.]23[.]194[.]219[:]50377/bin[.]sh,offline
,http[:]//78[.]153[.]29[.]33[:]56377/Mozi[.]m,online
,http[:]//60[.]23[.]194[.]219[:]50377/i,offline
Mozi,http[:]//61[.]53[.]88[.]0[:]50557/i,offline
Mozi,http[:]//61[.]53[.]88[.]0[:]50557/bin[.]sh,offline
mirai,http[:]//60[.]162[.]48[.]118[:]34372/bin[.]sh,offline
,http[:]//42[.]54[.]156[.]10[:]42338/bin[.]sh,offline
Mozi,http[:]//42[.]235[.]175[.]10[:]59045/bin[.]sh,offline
,http[:]//42[.]56[.]192[.]38[:]39074/bin[.]sh,offline
Mozi,http[:]//45[.]194[.]25[.]221[:]45909/i,offline
,http[:]//81[.]231[.]7[.]219[:]2628/bin[.]sh,offline
Mozi,http[:]//59[.]103[.]116[.]68[:]55224/i,offline
Mozi,http[:]//42[.]231[.]189[.]168[:]46189/i,offline
Mozi,http[:]//59[.]103[.]116[.]68[:]55224/bin[.]sh,offline
Mozi,http[:]//45[.]194[.]25[.]221[:]45909/bin[.]sh,offline
Mozi,http[:]//42[.]224[.]7[.]71[:]49856/i,offline
,http[:]//42[.]54[.]30[.]220[:]46445/bin[.]sh,online
mirai,http[:]//85[.]12[.]237[.]201[:]41070/i,offline
Mozi,http[:]//39[.]79[.]63[.]119[:]45165/i,offline
mirai,http[:]//58[.]47[.]120[.]31[:]54365/i,offline
,http[:]//42[.]85[.]203[.]171[:]39846/bin[.]sh,offline
Mozi,http[:]//59[.]96[.]142[.]72[:]43040/i,offline
Mozi,http[:]//59[.]96[.]142[.]72[:]43040/bin[.]sh,offline
,http[:]//42[.]85[.]203[.]171[:]39846/i,offline
Mozi,http[:]//39[.]74[.]114[.]50[:]59017/i,offline
,http[:]//81[.]231[.]7[.]219[:]2628/i,offline
Mozi,http[:]//61[.]53[.]87[.]58[:]47751/bin[.]sh,offline
Mozi,http[:]//42[.]231[.]189[.]168[:]46189/bin[.]sh,offline
mirai,http[:]//77[.]230[.]168[.]62[:]38054/i,offline
Mozi,http[:]//112[.]248[.]107[.]28[:]42604/i,offline
mirai,http[:]//210[.]208[.]110[.]130[:]48747/bin[.]sh,offline
Mozi,http[:]//112[.]238[.]146[.]18[:]59385/i,offline
mirai,http[:]//112[.]226[.]189[.]193[:]45227/i,offline
Mozi,http[:]//125[.]41[.]5[.]190[:]45798/i,offline
mirai,http[:]//125[.]110[.]12[.]253[:]54807/i,offline
mirai,http[:]//118[.]125[.]5[.]64[:]46809/i,offline
Mozi,http[:]//115[.]59[.]19[.]244[:]47416/i,offline
mirai,http[:]//180[.]191[.]34[.]236[:]46340/bin[.]sh,offline
Mozi,http[:]//72[.]29[.]46[.]195[:]43633/bin[.]sh,offline
Mozi,http[:]//219[.]155[.]86[.]205[:]36757/bin[.]sh,offline
mirai,http[:]//183[.]63[.]8[.]194[:]50991/i,offline
Mozi,http[:]//119[.]186[.]208[.]8[:]56948/bin[.]sh,offline
,http[:]//116[.]138[.]108[.]112[:]52822/bin[.]sh,offline
Mozi,http[:]//182[.]116[.]33[.]183[:]33225/bin[.]sh,offline
mirai,http[:]//220[.]184[.]35[.]74[:]55334/i,offline
Mozi,http[:]//72[.]173[.]80[.]89[:]60191/i,offline
mirai,http[:]//113[.]228[.]43[.]194[:]35357/i,offline
,http[:]//221[.]203[.]123[.]95[:]44682/i,offline
,http[:]//175[.]146[.]240[.]50[:]51514/i,offline
mirai,http[:]//27[.]222[.]89[.]207[:]48083/bin[.]sh,offline
Mozi,http[:]//136[.]60[.]32[.]162[:]35693/i,offline
mirai,http[:]//105[.]184[.]58[.]165[:]39369/i,offline
Mozi,http[:]//182[.]122[.]171[.]172[:]49531/bin[.]sh,offline
mirai,http[:]//210[.]208[.]110[.]51[:]40224/bin[.]sh,offline
mirai,http[:]//117[.]14[.]160[.]69[:]53419/i,offline
mirai,http[:]//185[.]50[.]148[.]169[:]35317/i,offline
mirai,http[:]//120[.]43[.]48[.]73[:]37864/bin[.]sh,offline
mirai,http[:]//105[.]184[.]58[.]165[:]39369/bin[.]sh,offline
,http[:]//182[.]127[.]64[.]17[:]38200/i,offline
,http[:]//1[.]196[.]78[.]144[:]59295/i,offline
Mozi,http[:]//125[.]41[.]7[.]246[:]38508/bin[.]sh,offline
Mozi,http[:]//125[.]41[.]7[.]246[:]38508/i,offline
Mozi,http[:]//182[.]122[.]171[.]172[:]49531/i,offline
,http[:]//182[.]127[.]64[.]17[:]38200/bin[.]sh,offline
,http[:]//221[.]15[.]14[.]31[:]51029/bin[.]sh,offline
Mozi,http[:]//123[.]132[.]166[.]45[:]37914/i,offline
,http[:]//221[.]15[.]14[.]31[:]51029/i,offline
mirai,http[:]//179[.]108[.]89[.]220[:]60440/i,offline
Mozi,http[:]//123[.]14[.]91[.]240[:]44140/bin[.]sh,offline
Mozi,http[:]//182[.]125[.]21[.]163[:]43569/bin[.]sh,offline
Mozi,http[:]//112[.]248[.]115[.]39[:]34399/i,offline
Mozi,http[:]//115[.]57[.]233[.]31[:]33601/i,offline
,http[:]//175[.]167[.]47[.]248[:]48737/bin[.]sh,offline
,http[:]//175[.]172[.]9[.]203[:]35384/bin[.]sh,offline
Mozi,http[:]//119[.]186[.]208[.]8[:]56948/i,offline
,http[:]//24[.]75[.]165[.]67[:]42420/bin[.]sh,offline
mirai,http[:]//120[.]43[.]48[.]73[:]37864/i,offline
,http[:]//220[.]192[.]224[.]73[:]39578/bin[.]sh,offline
Mozi,http[:]//222[.]141[.]130[.]234[:]60443/i,offline
,http[:]//72[.]255[.]30[.]244[:]53806/bin[.]sh,offline
mirai,http[:]//101[.]108[.]133[.]141[:]60472/i,offline
mirai,http[:]//117[.]14[.]160[.]69[:]53419/bin[.]sh,offline
Mozi,http[:]//182[.]113[.]45[.]93[:]57854/i,offline
Mozi,http[:]//182[.]117[.]50[.]169[:]44703/i,offline
,http[:]//27[.]37[.]103[.]145[:]40164/i,offline
,http[:]//125[.]44[.]154[.]10[:]37916/i,offline
,http[:]//119[.]114[.]107[.]134[:]40959/bin[.]sh,offline
,http[:]//175[.]168[.]233[.]120[:]35984/i,offline
,http[:]//163[.]142[.]93[.]193[:]43969/i,offline
,http[:]//125[.]44[.]154[.]10[:]37916/bin[.]sh,offline
,http[:]//175[.]167[.]47[.]248[:]48737/i,offline
,http[:]//72[.]255[.]30[.]244[:]53806/i,offline
,http[:]//36[.]24[.]7[.]167[:]58446/i,offline
Mozi,http[:]//222[.]138[.]78[.]196[:]49450/i,offline
,http[:]//60[.]17[.]34[.]84[:]34056/bin[.]sh,offline
Mozi,http[:]//72[.]173[.]80[.]89[:]60191/bin[.]sh,offline
mirai,http[:]//115[.]58[.]183[.]11[:]33235/bin[.]sh,offline
Mozi,http[:]//115[.]50[.]28[.]52[:]50187/i,offline
Mozi,http[:]//222[.]142[.]253[.]198[:]55164/i,offline
,http[:]//175[.]173[.]85[.]64[:]37499/i,offline
Mozi,http[:]//115[.]50[.]28[.]52[:]50187/bin[.]sh,offline
Mozi,http[:]//182[.]116[.]33[.]183[:]33225/i,offline
mirai,http[:]//125[.]166[.]48[.]235[:]58006/i,offline
,http[:]//120[.]84[.]212[.]164[:]32896/i,offline
Mozi,http[:]//182[.]113[.]203[.]209[:]45454/i,offline
Mozi,http[:]//125[.]40[.]2[.]84[:]41026/i,offline
Mozi,http[:]//115[.]59[.]94[.]99[:]44920/i,offline
Mozi,http[:]//219[.]155[.]86[.]205[:]36757/i,offline
Mozi,http[:]//182[.]127[.]164[.]55[:]45492/i,offline
Mozi,http[:]//182[.]127[.]164[.]55[:]45492/bin[.]sh,offline
mirai,http[:]//213[.]67[.]132[.]80[:]50871/i,offline
,http[:]//123[.]188[.]79[.]47[:]35103/bin[.]sh,offline
Mozi,http[:]//203[.]101[.]187[.]5[:]45376/bin[.]sh,offline
mirai,http[:]//120[.]28[.]161[.]11[:]40866/i,offline
Mozi,http[:]//115[.]57[.]68[.]144[:]55981/bin[.]sh,offline
mirai,http[:]//182[.]120[.]32[.]245[:]47591/bin[.]sh,offline
,http[:]//113[.]228[.]132[.]214[:]49613/bin[.]sh,offline
Mozi,http[:]//158[.]255[.]83[.]204[:]53895/i,offline
mirai,http[:]//171[.]114[.]230[.]183[:]49391/bin[.]sh,offline
mirai,http[:]//210[.]208[.]111[.]2[:]57708/bin[.]sh,offline
mirai,http[:]//101[.]108[.]133[.]141[:]60472/bin[.]sh,offline
mirai,http[:]//180[.]191[.]34[.]236[:]46340/i,offline
mirai,http[:]//196[.]190[.]133[.]180[:]45563/i,offline
mirai,http[:]//213[.]67[.]132[.]80[:]50871/Mozi[.]m,offline
,http[:]//89[.]189[.]181[.]54[:]47685/bin[.]sh,offline
,http[:]//42[.]239[.]159[.]117[:]41888/i,offline
,http[:]//182[.]116[.]22[.]145[:]50855/bin[.]sh,offline
mirai,http[:]//196[.]251[.]121[.]142/a3f8d2/kaizen[.]arm7,online
,http[:]//113[.]230[.]80[.]216[:]39307/i,offline
,http[:]//115[.]55[.]48[.]14[:]36789/bin[.]sh,offline
,http[:]//36[.]24[.]7[.]167[:]58446/bin[.]sh,offline
,http[:]//182[.]116[.]22[.]145[:]50855/i,offline
,http[:]//115[.]55[.]48[.]14[:]36789/i,offline
,http[:]//210[.]208[.]110[.]21[:]54646/bin[.]sh,offline
,http[:]//196[.]189[.]197[.]131[:]43532/bin[.]sh,offline
,http[:]//210[.]208[.]110[.]4[:]57950/i,offline
,http[:]//196[.]189[.]197[.]131[:]43532/i,offline
,http[:]//182[.]114[.]49[.]31[:]47819/bin[.]sh,offline
,http[:]//125[.]47[.]87[.]135[:]47543/bin[.]sh,offline
"32-bit,elf,mips,Mozi",http[:]//219[.]157[.]161[.]163[:]59571/i,offline
"32-bit,elf,mips,Mozi",http[:]//221[.]1[.]227[.]161[:]35306/bin[.]sh,offline
"32-bit,elf,mips,Mozi",http[:]//219[.]157[.]161[.]163[:]59571/bin[.]sh,offline
"161-35-115-91,sh,ua-wget",http[:]//161[.]35[.]115[.]91/nvr,offline
"elf,ua-wget",http[:]//222[.]223[.]152[.]97[:]800/armv7l,offline
"elf,ua-wget",http[:]//222[.]223[.]152[.]97[:]800/i586,offline
"elf,ua-wget",http[:]//222[.]223[.]152[.]97[:]800/mipsel,offline
"elf,ua-wget",http[:]//222[.]223[.]152[.]97[:]800/powerpc,offline
"elf,ua-wget",http[:]//222[.]223[.]152[.]97[:]800/armv5l,offline
"elf,ua-wget",http[:]//94[.]154[.]43[.]60/bins/xnxnxnxnxnxnxnxnloongarch64xnxn,offline
"elf,ua-wget",http[:]//94[.]154[.]43[.]60/bins/xnxnxnxnxnxnxnxnsh2xnxn,offline
"elf,ua-wget",http[:]//222[.]223[.]152[.]97[:]800/mips,offline
"elf,ua-wget",http[:]//222[.]223[.]152[.]97[:]800/i686,offline
"elf,ua-wget",http[:]//222[.]223[.]152[.]97[:]800/armv6l,offline
"elf,ua-wget",http[:]//222[.]223[.]152[.]97[:]800/x86_64,offline
"elf,ua-wget",http[:]//222[.]223[.]152[.]97[:]800/i486,offline
"elf,ua-wget",http[:]//94[.]154[.]43[.]60/bins/xnxnxnxnxnxnxnxnriscv64xnxn,offline
"elf,ua-wget",http[:]//94[.]154[.]43[.]60/bins/xnxnxnxnxnxnxnxnaarch64xnxn,offline
"elf,ua-wget",http[:]//94[.]154[.]43[.]60/bins/xnxnxnxnxnxnxnxnmipsxnxn,offline
"elf,ua-wget",http[:]//94[.]154[.]43[.]60/bins/xnxnxnxnxnxnxnxnor1kxnxn,offline
"elf,mirai,ua-wget",http[:]//176[.]65[.]139[.]140/bins/x86,online
"elf,ua-wget",http[:]//94[.]154[.]43[.]60/bins/xnxnxnxnxnxnxnxnsh4xnxn,offline
"elf,ua-wget",http[:]//94[.]154[.]43[.]60/bins/xnxnxnxnxnxnxnxnpowerpcxnxn,offline
"elf,ua-wget",http[:]//94[.]154[.]43[.]60/bins/xnxnxnxnxnxnxnxnmicroblazexnxn,offline
"elf,ua-wget",http[:]//94[.]154[.]43[.]60/bins/xnxnxnxnxnxnxnxnx86_64xnxn,offline
"elf,ua-wget",http[:]//94[.]154[.]43[.]60/bins/xnxnxnxnxnxnxnxnm68kxnxn,offline
"elf,ua-wget",http[:]//94[.]154[.]43[.]60/bins/xnxnxnxnxnxnxnxnriscv32xnxn,offline
"elf,ua-wget",http[:]//94[.]154[.]43[.]60/bins/xnxnxnxnxnxnxnxni386xnxn,offline
"elf,gafgyt,ua-wget",http[:]//176[.]65[.]139[.]140/bins/arm4,online
"elf,mirai,ua-wget",http[:]//176[.]65[.]139[.]140/bins/x32,online
"elf,gafgyt,ua-wget",http[:]//176[.]65[.]139[.]140/bins/sh4,online
"elf,gafgyt,ua-wget",http[:]//176[.]65[.]139[.]140/bins/arm7,online
"elf,gafgyt,ua-wget",http[:]//176[.]65[.]139[.]140/bins/arm6,online
"elf,gafgyt,ua-wget",http[:]//176[.]65[.]139[.]140/bins/ppc,online
"elf,gafgyt,ua-wget",http[:]//176[.]65[.]139[.]140/bins/m68k,online
"elf,gafgyt,ua-wget",http[:]//176[.]65[.]139[.]140/bins/mips,online
"elf,gafgyt,ua-wget",http[:]//176[.]65[.]139[.]140/bins/mipsel,online
"elf,gafgyt,ua-wget",http[:]//176[.]65[.]139[.]140/bins/arm5,online
"3,dropped-by-Stealc,Stealc",https[:]//weybli[.]com/mixnew2[.]exe,offline
AgentTesla,https[:]//pub-ce4d5a76d41f4db48601a0a54208636e[.]r2[.]dev/bdduokd[.]iso,offline
"AgentTesla,stego",https[:]//munihuacho[.]gob[.]pe//sifyWeb/niceimg_092217[.]png,offline
"AgentTesla,stego",https[:]//munihuacho[.]gob[.]pe//sifyWeb/masaimg_094757[.]png,offline
"AgentTesla,stego",https[:]//pub-ac263311e26f4866accaf2881f4fcc45[.]r2[.]dev/bssdyoldc[.]png,offline
"stego,xworm",https[:]//ryanborn[.]net/BAND/MSI_PRO[.]png,offline
"Formbook,opendir,powershell,ps1",https[:]//pulgarinrealtor[.]com/ord/crypted[.]ps1,offline
"exe,opendir,rat,RemcosRAT",https[:]//graficaminascard[.]com[.]br/nxs/nxs64[.]exe,offline
"rat,RemcosRAT,stego",https[:]//sixmexicos[.]com/25/stego_y999szpw19[.]png,offline
"rat,RemcosRAT,stego",https[:]//sixmexicos[.]com/25/stego_vz9rn9sxq3[.]png,offline
"rat,RemcosRAT,stego",https[:]//res[.]cloudinary[.]com/b1vtrxg0/image/upload/v1787791220/img_203949[.]jpg,offline
"rat,RemcosRAT,stego",https[:]//lively-fog-af49[.]pablosoftwareplus[.]workers[.]dev/ILuzk,offline
"rat,RemcosRAT",https[:]//pub-5fd52250a6494c859025a3cd39713703[.]r2[.]dev/core_042919[.]iso,offline
"ascii,Formbook,opendir,powershell,ps1",https[:]//pulgarinrealtor[.]com/logo/crypted[.]ps1,offline
"exe,Formbook",https[:]//meissner[.]ae/wp-includes/rest-api/XX64bin[.]exe,offline
"ascii,powershell,ps1,xworm",https[:]//udn[.]jp/wordpress/wp-content/plugins/lbfhsta/cosc[.]ps1,offline
"32-bit,arm,elf,mirai,Mozi",http[:]//196[.]191[.]231[.]12[:]41943/i,offline
"AgentTesla,stego",https[:]//munihuacho[.]gob[.]pe//sifyWeb/orginlightimg_051814[.]png,offline
"AgentTesla,stego",https[:]//munihuacho[.]gob[.]pe//sifyWeb/xwlitimg_173602[.]png,offline
"stego,xworm",https[:]//pub-ce02802067934e0eb072f69bf6427bf6[.]r2[.]dev/MSI_PROXXX[.]png,offline
"stego,xworm",https[:]//pub-ce02802067934e0eb072f69bf6427bf6[.]r2[.]dev/img_042625[.]png,offline
"32-bit,elf,mips,Mozi",http[:]//42[.]232[.]225[.]227[:]49444/i,offline
"stego,xworm",https[:]//pub-a06eb79f0ebe4a6999bcc71a2227d8e3[.]r2[.]dev/MOG[.]png,offline
"stego,xworm",https[:]//lively-fog-af49[.]pablosoftwareplus[.]workers[.]dev/dcFge,offline
"stego,xworm",https[:]//pub-a06eb79f0ebe4a6999bcc71a2227d8e3[.]r2[.]dev/MSI_file333[.]png,offline
"stego,xworm",https[:]//pub-ce02802067934e0eb072f69bf6427bf6[.]r2[.]dev/Latino[.]png,offline
"32-bit,elf,mips,Mozi",http[:]//42[.]232[.]225[.]227[:]49444/bin[.]sh,offline
"exe,PureLogsStealer",https[:]//luminouspower[.]com[.]pk/zoom[.]exe,online
"32-bit,elf,mips,Mozi",http[:]//123[.]14[.]91[.]240[:]44140/i,offline
"32-bit,arm,elf,mirai,Mozi",http[:]//196[.]191[.]231[.]12[:]41943/bin[.]sh,offline
,http[:]//193[.]104[.]58[.]65/obofile[.]png,offline
"ascii,powershell,ps1,SnakeKeylogger",http[:]//178[.]16[.]53[.]176/PW1/UGNcrypted[.]ps1,offline
"ascii,powershell,ps1",http[:]//178[.]16[.]53[.]176/img/2Kcrypted[.]ps1,offline
"ascii,powershell,ps1,SnakeKeylogger",http[:]//178[.]16[.]53[.]176/DVB/mmmcrypted[.]ps1,offline
"ascii,powershell,ps1",http[:]//178[.]16[.]53[.]176/GMT/VHLcrypted[.]ps1,offline
"ascii,powershell,ps1",http[:]//178[.]16[.]53[.]176/OJAK/UPcrypted[.]ps1,offline
"ascii,powershell,ps1",http[:]//178[.]16[.]53[.]176/PW/ojcrypted[.]ps1,offline
"ascii,powershell,ps1",http[:]//178[.]16[.]53[.]176/OJAK/EScrypted[.]ps1,offline
"ascii,powershell,ps1",http[:]//178[.]16[.]53[.]176/HTTP/CKcrypted[.]ps1,offline
"ascii,powershell,ps1",http[:]//178[.]16[.]53[.]176/PW/pwcrypted[.]ps1,offline
"ascii,powershell,ps1",http[:]//178[.]16[.]53[.]176/DV/papicrypted[.]ps1,offline
"32-bit,elf,mips,Mozi",http[:]//42[.]6[.]36[.]45[:]59697/i,offline
ClickFix,https[:]//metricgw[.]com/get_verify?i=33,offline
"32-bit,elf,mips,Mozi",http[:]//42[.]6[.]36[.]45[:]59697/bin[.]sh,offline
"32-bit,elf,mips,Mozi",http[:]//182[.]113[.]206[.]65[:]60794/i,offline
"ClickFix,exe",https[:]//trf[.]kookapp[.]pro/guard[.]exe,offline
"ClickFix,exe,SalatStealer",https[:]//trf[.]kookapp[.]pro/GameBarPresenceWriters[.]exe,offline
"ClickFix,exe",https[:]//trf[.]kookapp[.]pro/MicrosoftEdgeUpdateCore[.]exe,offline
"ClickFix,exe,SalatStealer",https[:]//google-meet-verification[.]icu/rt[.]exe,offline
"ClickFix,exe",https[:]//trf[.]kookapp[.]pro/svchost[.]exe,offline
"ClickFix,exe",https[:]//trf[.]kookapp[.]pro/DeviceGraphIsolation[.]exe,offline
"c2-monitor-auto,dropped-by-amadey",http[:]//91[.]92[.]242[.]236/files-129312398/files/file_e99b2c2df468a74c[.]exe,offline
"ascii,ClickFix,powershell,ps1,ua-ps",https[:]//google-meet-verification[.]icu/install[.]ps1,offline
ValleyRAT,https[:]//azhu[.]cakkaao[.]com/8aa[.]zip,offline
ValleyRAT,https[:]//www[.]kaoaaapc[.]cc/sun/LocalOffice_Agent[.]exe,offline
"elf,iot,mirai,Mozi",http[:]//45[.]177[.]33[.]169[:]55300/Mozi[.]m,offline
"elf,gafgyt,iot",http[:]//176[.]65[.]139[.]140/exodus[.]sh,online
"elf,iot,mirai",http[:]//2[.]27[.]12[.]54[:]889/agustin51,offline
ValleyRAT,https[:]//www[.]kaoaaapc[.]cc/A%E7%BB%84/Agent[.]exe,offline
TonRAT,https[:]//sqg-nf9a4[.]mckennaeleanor69537[.]workers[.]dev/,offline
TonRAT,https[:]//fnrh-v92w[.]mileyjimena72123[.]workers[.]dev/,offline
,https[:]//amparolarsonpw[.]com/baolaass/baolljp[.]jpg,offline
TonRAT,https[:]//sdh-c373[.]persephonegloria44235[.]workers[.]dev/,offline
ValleyRAT,https[:]//www[.]kmmiiaaa[.]com/33bb/nnuupccc[.]zip,offline
ValleyRAT,https[:]//www[.]kmmiiaaa[.]com/baolaaa/kioop[.]zip,offline
ValleyRAT,https[:]//www[.]kmmiiaaa[.]com/baolaaa/ollaaa[.]zip,offline
ValleyRAT,https[:]//www[.]kmmiiaaa[.]com/baolaaa/kilmsswm[.]zip,offline
ValleyRAT,https[:]//lilong[.]kmmiiaaa[.]com/22vvgg/kioop[.]zip,offline
ValleyRAT,https[:]//lilong[.]kmmiiaaa[.]com/eewbb/bacc[.]zip,offline
"c2-monitor-auto,dropped-by-amadey",http[:]//91[.]92[.]242[.]236/files-129312398/files/file_f3ea087c77b1985f[.]exe,offline
ValleyRAT,https[:]//lion[.]kmmiiaaa[.]com/yyvbaa/kilmsswm[.]zip,offline
ValleyRAT,https[:]//lion[.]kmmiiaaa[.]com/caiakk/ollaa00a[.]zip,offline
ValleyRAT,https[:]//laofa[.]kaoaaapc[.]cc/baollaaa[.]zip,offline
ValleyRAT,https[:]//laofa[.]kaoaaapc[.]cc/Dzuaao/LocalOffice_Agent[.]exe,offline
ValleyRAT,https[:]//laofa[.]kaoaaapc[.]cc/Dzuaao/sunlloo[.]zip,offline
webrat,https[:]//github[.]com/ytgaisarik-glitch/ggwprarrarrartkaaa/releases/download/GTech/GTech[.]exe,offline
"ClickFix,ua-powershell,ua-ps",http[:]//eldertechsupport[.]com,offline
ValleyRAT,https[:]//baomma[.]kmmiiaaa[.]com/sunaa/baccc[.]zip,offline
ValleyRAT,https[:]//baomma[.]kmmiiaaa[.]com/55ggh/baollaaa[.]zip,offline
ValleyRAT,https[:]//kmmiiaaa[.]com/xiaomubaio/bac888cc[.]zip,offline
ValleyRAT,https[:]//baomma[.]kmmiiaaa[.]com/55ggh/Locae[.]zip,offline
IRAHook,https[:]//windowskernel[.]lol/d/3c547dbeb28c4b8d937a771d0debff39,offline
IRAHook,https[:]//windowskernel[.]lol/d/049e625ea690455ba545c97cf546fd8d,offline
IRAHook,https[:]//windowskernel[.]lol/d/9077ca9a63a44186add67faed923847e,offline
ValleyRAT,https[:]//kmmiiaaa[.]com/kkammaee/bacsscc[.]zip,offline
"32-bit,elf,mips,Mozi",http[:]//182[.]113[.]206[.]65[:]60794/bin[.]sh,offline
"32-bit,elf,mips,Mozi",http[:]//115[.]57[.]68[.]144[:]55981/i,offline
"32-bit,elf,mips,Mozi",http[:]//219[.]156[.]35[.]142[:]39024/i,offline
"32-bit,elf,mips,Mozi",http[:]//115[.]55[.]147[.]79[:]40648/i,offline
"32-bit,arm,elf,mirai,Mozi",http[:]//175[.]161[.]212[.]214[:]38501/i,offline
"elf,gafgyt,ua-wget",http[:]//85[.]11[.]167[.]203/a-r[.]m-7[.]SNOOPY,offline
"elf,gafgyt,ua-wget",http[:]//85[.]11[.]167[.]203/m-p[.]s-l[.]SNOOPY,offline
"elf,gafgyt,ua-wget",http[:]//85[.]11[.]167[.]203/p-p[.]c-[.]SNOOPY,offline
"elf,gafgyt,ua-wget",http[:]//85[.]11[.]167[.]203/a-r[.]m-4[.]SNOOPY,offline
"elf,gafgyt,ua-wget",http[:]//85[.]11[.]167[.]203/x-8[.]6-[.]SNOOPY,offline
"elf,gafgyt,ua-wget",http[:]//85[.]11[.]167[.]203/m-i[.]p-s[.]SNOOPY,offline
"elf,gafgyt,ua-wget",http[:]//85[.]11[.]167[.]203/m-6[.]8-k[.]SNOOPY,offline
"elf,gafgyt,ua-wget",http[:]//85[.]11[.]167[.]203/x-3[.]2-[.]SNOOPY,offline
"32-bit,arm,elf,mirai,Mozi",http[:]//222[.]142[.]76[.]157[:]59519/i,offline
"32-bit,elf,mips,Mozi",http[:]//115[.]57[.]165[.]118[:]35468/i,offline
"32-bit,arm,elf,mirai,Mozi",http[:]//222[.]142[.]76[.]157[:]59519/bin[.]sh,offline
"32-bit,elf,mips,Mozi",http[:]//115[.]57[.]165[.]118[:]35468/bin[.]sh,offline
"32-bit,elf,mips,Mozi",http[:]//42[.]237[.]59[.]222[:]33981/i,offline
"32-bit,elf,mips,Mozi",http[:]//219[.]155[.]210[.]204[:]40173/i,offline
"32-bit,elf,mips,Mozi",http[:]//42[.]237[.]59[.]222[:]33981/bin[.]sh,offline
"32-bit,elf,mips,Mozi",http[:]//182[.]124[.]178[.]175[:]42280/i,offline
"32-bit,arm,elf,mirai,Mozi",http[:]//36[.]70[.]228[.]154[:]42955/i,offline
"32-bit,elf,mips,Mozi",http[:]//219[.]155[.]210[.]204[:]40173/bin[.]sh,offline
mirai,http[:]//113[.]221[.]58[.]41[:]33922/i,offline
"32-bit,arm,elf,mirai,Mozi",http[:]//36[.]70[.]228[.]154[:]42955/bin[.]sh,offline
"32-bit,elf,mips,Mozi",http[:]//42[.]54[.]156[.]10[:]42338/i,offline
mirai,http[:]//113[.]221[.]58[.]41[:]33922/bin[.]sh,offline
"32-bit,elf,mips,Mozi",http[:]//112[.]93[.]139[.]117[:]35833/i,offline
"32-bit,elf,mips,Mozi",http[:]//219[.]155[.]208[.]13[:]56708/bin[.]sh,offline
"32-bit,elf,mips,Mozi",http[:]//115[.]55[.]85[.]184[:]39243/i,offline
"32-bit,elf,mips,Mozi",http[:]//60[.]23[.]233[.]250[:]33613/i,offline
"32-bit,elf,mips,Mozi",http[:]//115[.]55[.]85[.]184[:]39243/bin[.]sh,offline
"32-bit,elf,mips,Mozi",http[:]//112[.]93[.]139[.]117[:]35833/bin[.]sh,offline
"32-bit,elf,mips,Mozi",http[:]//42[.]177[.]20[.]8[:]51965/bin[.]sh,offline
"32-bit,elf,mips,Mozi",http[:]//42[.]178[.]98[.]211[:]51494/i,offline
Mozi,http[:]//59[.]97[.]253[.]39[:]35400/i,offline
"32-bit,elf,mips,Mozi",http[:]//59[.]97[.]248[.]45[:]33243/i,offline
"32-bit,elf,mips,Mozi",http[:]//219[.]155[.]208[.]13[:]56708/i,offline
"32-bit,elf,mips,Mozi",http[:]//42[.]225[.]220[.]94[:]46265/i,offline
"32-bit,elf,mips,Mozi",http[:]//39[.]87[.]216[.]223[:]50774/i,offline
"32-bit,elf,mips,Mozi",http[:]//42[.]225[.]220[.]94[:]46265/bin[.]sh,offline
Mozi,http[:]//59[.]97[.]253[.]39[:]35400/bin[.]sh,offline
"32-bit,elf,mips,Mozi",http[:]//115[.]62[.]133[.]38[:]35752/bin[.]sh,offline
"32-bit,elf,mips,Mozi",http[:]//59[.]97[.]248[.]45[:]33243/bin[.]sh,offline
"32-bit,elf,mips,Mozi",http[:]//125[.]41[.]219[.]120[:]41312/i,offline
"32-bit,elf,mips,Mozi",http[:]//125[.]41[.]219[.]120[:]41312/bin[.]sh,offline
"32-bit,elf,mips,Mozi",http[:]//175[.]107[.]12[.]59[:]45020/bin[.]sh,offline
"32-bit,elf,mips,Mozi",http[:]//42[.]230[.]46[.]68[:]41245/i,offline
"32-bit,arm,elf,mirai,Mozi",http[:]//180[.]243[.]213[.]31[:]43447/bin[.]sh,offline
"32-bit,arm,elf,mirai,Mozi",http[:]//105[.]186[.]93[.]221[:]45585/i,offline
"32-bit,elf,mips,Mozi",http[:]//103[.]160[.]130[.]109[:]59207/i,offline
mirai,http[:]//114[.]231[.]138[.]67[:]44129/i,offline
"32-bit,elf,mips,Mozi",http[:]//125[.]41[.]1[.]12[:]49498/bin[.]sh,offline
"32-bit,arm,elf,mirai,Mozi",http[:]//105[.]186[.]93[.]221[:]45585/bin[.]sh,offline
"32-bit,arm,elf,mirai,Mozi",http[:]//66[.]212[.]187[.]214[:]32789/bin[.]sh,offline
"elf,mirai,ua-wget",http[:]//220[.]158[.]234[.]4/arm6,offline
"elf,mirai,ua-wget",http[:]//220[.]158[.]234[.]4/m68k,offline
"32-bit,arm,elf,mirai,Mozi",http[:]//125[.]106[.]117[.]223[:]37160/i,offline
"32-bit,arm,elf,mirai,Mozi",http[:]//112[.]198[.]130[.]112[:]49065/i,offline
"32-bit,arm,elf,mirai,Mozi",http[:]//222[.]127[.]76[.]238[:]56998/bin[.]sh,offline
"32-bit,arm,elf,mirai,Mozi",http[:]//112[.]198[.]130[.]112[:]49065/bin[.]sh,offline
Mozi,http[:]//188[.]19[.]145[.]228[:]54084/i,offline
"32-bit,elf,mips,Mozi",http[:]//115[.]55[.]130[.]247[:]33094/i,offline
"d52f85,dropped-by-amadey",http[:]//62[.]60[.]226[.]140/files/135518386/ZuksJa2[.]exe,offline
"32-bit,elf,mips,Mozi",http[:]//125[.]43[.]231[.]107[:]56274/i,offline
Mozi,http[:]//115[.]62[.]133[.]38[:]35752/i,offline
,http[:]//103[.]68[.]95[.]197[:]48234/bin[.]sh,offline
"32-bit,elf,mips,Mozi",http[:]//115[.]55[.]130[.]247[:]33094/bin[.]sh,offline
"32-bit,elf,mips,Mozi",http[:]//182[.]113[.]223[.]72[:]49170/i,offline
"32-bit,elf,mips,Mozi",http[:]//182[.]126[.]116[.]139[:]54641/bin[.]sh,offline
"32-bit,elf,mips,Mozi",http[:]//182[.]126[.]116[.]139[:]54641/i,offline
"32-bit,elf,mips,Mozi",http[:]//125[.]43[.]231[.]107[:]56274/bin[.]sh,offline
"32-bit,elf,mips,Mozi",http[:]//182[.]121[.]114[.]142[:]56460/bin[.]sh,offline
"32-bit,elf,mips,Mozi",http[:]//123[.]129[.]133[.]100[:]36594/i,offline
"32-bit,elf,mips,Mozi",http[:]//42[.]230[.]219[.]103[:]55308/bin[.]sh,offline
"32-bit,arm,elf,mirai,Mozi",http[:]//103[.]172[.]186[.]146[:]38619/i,offline
"32-bit,elf,mips,Mozi",http[:]//123[.]129[.]133[.]100[:]36594/bin[.]sh,offline
"32-bit,arm,elf,mirai,Mozi",http[:]//103[.]172[.]186[.]146[:]38619/bin[.]sh,offline
Mozi,http[:]//27[.]207[.]186[.]54[:]35423/i,offline
"32-bit,elf,mips,Mozi",http[:]//115[.]54[.]167[.]76[:]34845/bin[.]sh,offline
"32-bit,elf,mips,Mozi",http[:]//222[.]141[.]130[.]234[:]60443/bin[.]sh,offline
"32-bit,arm,elf,mirai,Mozi",http[:]//189[.]127[.]169[.]20[:]51301/i,offline
"32-bit,elf,mips,Mozi",http[:]//221[.]14[.]43[.]98[:]52883/bin[.]sh,offline
,http[:]//61[.]137[.]204[.]83[:]48836/bin[.]sh,offline
"32-bit,arm,elf,mirai,Mozi",http[:]//189[.]127[.]169[.]20[:]51301/bin[.]sh,offline
Mozi,http[:]//123[.]4[.]232[.]69[:]32795/i,offline
"32-bit,elf,mips,Mozi",http[:]//171[.]233[.]36[.]95[:]43093/i,offline
"32-bit,arm,elf,mirai,Mozi",http[:]//180[.]243[.]213[.]31[:]43447/i,offline
"32-bit,elf,mips,Mozi",http[:]//171[.]233[.]36[.]95[:]43093/bin[.]sh,offline
"32-bit,elf,mips,Mozi",http[:]//115[.]48[.]145[.]152[:]34641/i,offline
"32-bit,elf,mips,Mozi",http[:]//115[.]58[.]80[.]179[:]44092/i,offline
,http[:]//42[.]178[.]45[.]124[:]57472/bin[.]sh,offline
"32-bit,elf,mips,Mozi",http[:]//115[.]48[.]145[.]152[:]34641/bin[.]sh,offline
"32-bit,elf,mips,Mozi",http[:]//182[.]112[.]31[.]18[:]49478/bin[.]sh,offline
"32-bit,elf,mips,Mozi",http[:]//182[.]116[.]121[.]1[:]57581/i,offline
"32-bit,elf,mips,Mozi",http[:]//222[.]138[.]79[.]68[:]40887/i,offline
"d52f85,dropped-by-amadey",http[:]//62[.]60[.]226[.]140/files/8827821417/u3KZyzs[.]exe,offline
"32-bit,elf,mips,Mozi",http[:]//219[.]157[.]58[.]187[:]41777/i,offline
"32-bit,elf,mips,Mozi",http[:]//222[.]138[.]79[.]68[:]40887/bin[.]sh,offline
"32-bit,elf,mips,Mozi",http[:]//219[.]157[.]58[.]187[:]41777/bin[.]sh,offline
"94-154-43-60,elf,mirai,ua-wget",http[:]//94[.]154[.]43[.]60/system_arc,offline
"94-154-43-60,elf,mirai,ua-wget",http[:]//94[.]154[.]43[.]60/system_arm4,offline
"94-154-43-60,elf,mirai,ua-wget",http[:]//94[.]154[.]43[.]60/system_i686,offline
"94-154-43-60,sh,ua-wget",http[:]//94[.]154[.]43[.]60/run[.]sh,offline
"94-154-43-60,elf,mirai,ua-wget",http[:]//94[.]154[.]43[.]60/system_x86_64,offline
"94-154-43-60,elf,mirai,ua-wget",http[:]//94[.]154[.]43[.]60/system_x86,offline
"94-154-43-60,elf,mirai,ua-wget",http[:]//94[.]154[.]43[.]60/system_i486,offline
"94-154-43-60,elf,mirai,ua-wget",http[:]//94[.]154[.]43[.]60/system_mpsl,offline
"94-154-43-60,elf,mirai,ua-wget",http[:]//94[.]154[.]43[.]60/system_ppc,offline
"94-154-43-60,elf,mirai,ua-wget",http[:]//94[.]154[.]43[.]60/system_arm6,offline
"94-154-43-60,elf,mirai,ua-wget",http[:]//94[.]154[.]43[.]60/system_arm5,offline
"94-154-43-60,elf,mirai,ua-wget",http[:]//94[.]154[.]43[.]60/system_sh4,offline
"94-154-43-60,elf,mirai,ua-wget",http[:]//94[.]154[.]43[.]60/system_mips,offline
"94-154-43-60,elf,mirai,ua-wget",http[:]//94[.]154[.]43[.]60/system_arm7,offline
"94-154-43-60,mirai,sh,ua-wget",http[:]//94[.]154[.]43[.]60/gg[.]sh,offline
"94-154-43-60,mirai,sh,ua-wget",http[:]//94[.]154[.]43[.]60/running[.]sh,offline
"32-bit,elf,mips,Mozi",http[:]//61[.]53[.]94[.]34[:]49581/bin[.]sh,offline
,http[:]//27[.]44[.]145[.]84[:]42072/bin[.]sh,offline
mirai,http[:]//222[.]185[.]199[.]120[:]32826/i,offline
mirai,http[:]//175[.]30[.]115[.]35[:]44656/i,offline
"exe,HypeAgent",https[:]//medicosantiagomarrero[.]com/wp-includes/agent[.]exe,offline
"Formbook,opendir,stego",https[:]//vc[.]tnygbw[.]com/bin/stego_1lwwbg2gvn[.]png,offline
"opendir,xworm",https[:]//lavos[.]life/ginfol/stego_canli0q0np[.]png,offline
,http[:]//216[.]9[.]224[.]48/40/bFjIhIb[.]txt,offline
"ascii,opendir,powershell,ps1,SnakeKeylogger",https[:]//algi-english[.]4lima[.]at/wp-includes/rest-api/iwpmqoy/egilhta/qio1pek/KK3crypted[.]ps1,offline
"ascii,opendir,powershell,ps1,SnakeKeylogger",https[:]//algi-english[.]4lima[.]at/wp-includes/rest-api/iwpmqoy/egilhta/qio1pek/Millscrypted[.]ps1,offline
"ascii,opendir,powershell,ps1,SnakeKeylogger",https[:]//algi-english[.]4lima[.]at/wp-includes/rest-api/iwpmqoy/egilhta/qio1pek/crypted[.]ps1,offline
"ascii,opendir,powershell,ps1,SnakeKeylogger,VIPKeylogger",https[:]//algi-english[.]4lima[.]at/wp-includes/rest-api/iwpmqoy/egilhta/qio1pek/E3crypted[.]ps1,offline
"ascii,Formbook,opendir,powershell,ps1",https[:]//idylliccreations[.]net/gsew/crypted[.]ps1,offline
"exe,rat,RemcosRAT",https[:]//tmcksa[.]com/bebe/BEBELN[.]exe,offline
AgentTesla,https[:]//firebasestorage[.]googleapis[.]com/v0/b/julyendingapama[.]firebasestorage[.]app/o/inve%20new[.]png?alt=media&token=15e2a054-9211-4b2f-987c-c1225adf4faa,online
mirai,http[:]//175[.]30[.]115[.]35[:]44656/bin[.]sh,offline
"c2-monitor-auto,dropped-by-amadey",http[:]//91[.]92[.]242[.]236/files-129312398/files/file_b41995cf38e90365[.]exe,offline
"c2-monitor-auto,dropped-by-amadey",http[:]//91[.]92[.]242[.]236/files-129312398/files/file_8cbaad0bfeb607d1[.]exe,offline
"152-42-202-172,elf,Tsunami,ua-wget",http[:]//152[.]42[.]202[.]172/pty4,online
"152-42-202-172,elf,Tsunami,ua-wget",http[:]//152[.]42[.]202[.]172/pty10,online
"152-42-202-172,elf,Tsunami,ua-wget",http[:]//152[.]42[.]202[.]172/pty3,online
"32-bit,elf,mips,Mozi",http[:]//125[.]42[.]76[.]153[:]41524/bin[.]sh,offline
"32-bit,elf,mips,Mozi",http[:]//49[.]73[.]228[.]85[:]3588/bin[.]sh,offline
"32-bit,elf,mips,Mozi",http[:]//42[.]226[.]233[.]131[:]50426/bin[.]sh,offline
"32-bit,elf,mips,Mozi",http[:]//163[.]142[.]95[.]49[:]40959/i,offline
"32-bit,arm,elf,mirai,Mozi",http[:]//95[.]56[.]232[.]109[:]46966/i,offline
"32-bit,arm,elf,mirai,Mozi",http[:]//180[.]191[.]16[.]206[:]48801/i,offline
"32-bit,arm,elf,mirai,Mozi",http[:]//180[.]191[.]16[.]206[:]48801/bin[.]sh,offline
"32-bit,arm,elf,mirai,Mozi",http[:]//95[.]56[.]232[.]109[:]46966/bin[.]sh,offline
"32-bit,elf,mips,Mozi",http[:]//124[.]94[.]144[.]192[:]55986/bin[.]sh,offline
"32-bit,elf,mips,Mozi",http[:]//115[.]48[.]26[.]110[:]42240/bin[.]sh,offline
PureLogsStealer,https[:]//asdsocial[.]pt/WINWORD[.]zip,offline
"32-bit,arm,elf,mirai,Mozi",http[:]//103[.]249[.]199[.]5[:]39552/bin[.]sh,offline
"CoinMiner,compromised-host",http[:]//cta[.]edu[.]pe/wp-content/plugins/linux[.]bin,offline
CoinMiner,https[:]//cta[.]edu[.]pe/wp-content/plugins/linux[.]bin,offline
,https[:]//repositoryserver[.]dpdns[.]org/linuxsh,offline
,https[:]//paste[.]mangsud[.]org/raw/ea2e61cc,offline
,https[:]//repositoryserver[.]dpdns[.]org/cronsys,offline
,https[:]//repositoryserver[.]dpdns[.]org/killersys,offline
"cowrie,honeypot",http[:]//176[.]65[.]139[.]136/satan_mips,offline
"IRAHook,rat,stealer",https[:]//pancar[.]lol/d/049e625ea690455ba545c97cf546fd8d,offline
"IRAHook,rat,stealer",https[:]//pancar[.]lol/d/3c547dbeb28c4b8d937a771d0debff39,offline
"IRAHook,rat,stealer",https[:]//pancar[.]lol/d/9077ca9a63a44186add67faed923847e,offline
"IRAHook,rat,stealer",https[:]//pancar[.]lol/d/fb2232aa883b4a33ac3877a402c0126c,offline
"connectwise,CRA,exe,rat,screenconnect",https[:]//andrewtreks[.]com/ScreenConnect[.]ClientSetup[.]exe,offline
"android,apk ",https[:]//app[.]static-file[.]lol/Telegram_v12[.]8[.]3[.]apk,offline
,https[:]//wappingerbicornshaps[.]com/s4r7aa2f7f74b7ac2ab0af7589004c3a8ef07971edb98,offline
,http[:]//91[.]92[.]242[.]236/files-129312398/files/file_42c98f5185e31ea5[.]exe,offline
"elf,mirai,ua-wget",http[:]//43[.]228[.]157[.]102/jah[.]arm7,online
"elf,mirai,ua-wget",http[:]//43[.]228[.]157[.]102/jah[.]arm4,online
"elf,mirai,ua-wget",http[:]//43[.]228[.]157[.]102/jah[.]arm6,offline
"elf,mirai,ua-wget",http[:]//43[.]228[.]157[.]102/jah[.]arm5,offline
"32-bit,elf,mips,Mozi",http[:]//27[.]215[.]120[.]175[:]49260/i,offline
"32-bit,elf,mips,Mozi",http[:]//27[.]215[.]120[.]175[:]49260/bin[.]sh,offline
"d52f85,dropped-by-amadey",https[:]//inventorychanger[.]com/getNjRat?=InventoryChanger[.]exe,offline
"9d2ca3,dropped-by-amadey",http[:]//91[.]92[.]242[.]236/files-129312398/files/file_4f50090ebd20a9b0[.]exe,offline
,http[:]//42[.]56[.]192[.]38[:]39074/i,offline
"32-bit,elf,mips,Mozi",http[:]//115[.]57[.]194[.]252[:]46354/i,offline
Mozi,http[:]//112[.]254[.]188[.]159[:]37492/i,offline
"54e64e,dropped-by-amadey,rustystealer",http[:]//91[.]92[.]242[.]236/files-129312398/files/file_e93516a8d03749ce[.]exe,offline
"32-bit,elf,mips,Mozi",http[:]//115[.]57[.]194[.]252[:]46354/bin[.]sh,offline
"32-bit,elf,mips,Mozi",http[:]//115[.]55[.]193[.]196[:]43955/i,offline
,http[:]//42[.]177[.]20[.]8[:]51965/i,offline
Mozi,http[:]//115[.]55[.]114[.]216[:]51225/i,offline
mirai,http[:]//115[.]54[.]234[.]24[:]44752/bin[.]sh,offline
,http[:]//113[.]236[.]93[.]92[:]58892/i,offline
,http[:]//113[.]229[.]188[.]243[:]58407/i,offline
,http[:]//5[.]165[.]98[.]181[:]52976/i,offline
,http[:]//42[.]7[.]113[.]51[:]57947/i,offline
Mozi,http[:]//42[.]227[.]37[.]242[:]45493/i,offline
Mozi,http[:]//123[.]11[.]11[.]20[:]48079/i,offline
Mozi,http[:]//123[.]13[.]54[.]45[:]47075/i,offline
Mozi,http[:]//221[.]14[.]43[.]98[:]52883/i,offline
"3,dropped-by-Stealc,RemusStealer",http[:]//45[.]13[.]186[.]37/crypt/21-32/QW1[.]exe,online
Mozi,http[:]//112[.]255[.]151[.]24[:]39031/bin[.]sh,offline
,http[:]//115[.]55[.]155[.]231[:]34796/i,offline
mirai,http[:]//125[.]40[.]46[.]37[:]33777/bin[.]sh,offline
mirai,http[:]//111[.]173[.]158[.]197[:]46204/i,offline
,http[:]//42[.]6[.]33[.]35[:]59950/i,offline
mirai,http[:]//114[.]226[.]26[.]236[:]42773/i,offline
mirai,http[:]//117[.]26[.]82[.]102[:]41542/Mozi[.]m,offline
Mozi,http[:]//182[.]116[.]50[.]108[:]38474/i,offline
Mozi,http[:]//182[.]113[.]27[.]5[:]49177/i,offline
Mozi,http[:]//61[.]52[.]222[.]55[:]49651/bin[.]sh,offline
,http[:]//42[.]56[.]166[.]234[:]44115/i,offline
gafgyt,http[:]//213[.]232[.]114[.]14/SH4,offline
,http[:]//42[.]4[.]163[.]42[:]37885/bin[.]sh,offline
Mozi,http[:]//115[.]52[.]68[.]57[:]58649/bin[.]sh,offline
,http[:]//61[.]137[.]204[.]83[:]48836/i,offline
Mozi,http[:]//123[.]10[.]5[.]102[:]39299/i,offline
,http[:]//60[.]22[.]111[.]206[:]33943/i,offline
,http[:]//96[.]245[.]232[.]101[:]44492/i,offline
Mozi,http[:]//115[.]51[.]105[.]207[:]59602/bin[.]sh,offline
Mozi,http[:]//82[.]114[.]178[.]6[:]40862/i,offline
Mozi,http[:]//182[.]113[.]41[.]144[:]46418/bin[.]sh,offline
Mozi,http[:]//115[.]57[.]123[.]19[:]54898/bin[.]sh,offline
Mozi,http[:]//123[.]9[.]80[.]236[:]60059/bin[.]sh,offline
mirai,http[:]//39[.]88[.]200[.]53[:]34933/i,offline
,http[:]//120[.]84[.]213[.]151[:]39378/i,offline
mirai,http[:]//196[.]188[.]75[.]58[:]49779/i,offline
mirai,http[:]//115[.]203[.]187[.]145[:]52890/i,offline
mirai,http[:]//36[.]88[.]164[.]98[:]40397/bin[.]sh,offline
,http[:]//42[.]87[.]220[.]88[:]33491/bin[.]sh,offline
mirai,http[:]//95[.]9[.]35[.]137[:]33597/i,offline
Mozi,http[:]//42[.]235[.]93[.]143[:]51481/i,offline
mirai,http[:]//177[.]39[.]122[.]214[:]59838/i,offline
Mozi,http[:]//42[.]224[.]199[.]190[:]49856/i,offline
mirai,http[:]//122[.]192[.]191[.]125[:]46601/bin[.]sh,offline
mirai,http[:]//113[.]221[.]74[.]1[:]57844/bin[.]sh,offline
,http[:]//123[.]188[.]79[.]47[:]35103/i,offline
mirai,http[:]//213[.]232[.]114[.]14/I686,offline
Mozi,http[:]//42[.]235[.]175[.]10[:]59045/i,offline
Mozi,http[:]//42[.]229[.]168[.]48[:]54475/i,offline
Mozi,http[:]//182[.]127[.]64[.]63[:]45815/i,offline
Mozi,http[:]//221[.]1[.]227[.]161[:]35306/i,offline
mirai,http[:]//123[.]173[.]76[.]82[:]41793/bin[.]sh,offline
,http[:]//61[.]137[.]130[.]193[:]34167/i,offline
,http[:]//42[.]59[.]236[.]147[:]39736/i,offline
,http[:]//119[.]116[.]161[.]23[:]41537/i,offline
Mozi,http[:]//42[.]229[.]168[.]48[:]54475/bin[.]sh,offline
mirai,http[:]//111[.]173[.]158[.]197[:]46204/bin[.]sh,offline
,http[:]//36[.]70[.]111[.]36[:]53300/i,offline
Mozi,http[:]//119[.]185[.]177[.]44[:]55693/bin[.]sh,offline
Mozi,http[:]//182[.]116[.]50[.]108[:]38474/bin[.]sh,offline
mirai,http[:]//27[.]222[.]89[.]207[:]48083/i,offline
Mozi,http[:]//115[.]58[.]152[.]169[:]50052/bin[.]sh,offline
,http[:]//42[.]6[.]33[.]35[:]59950/bin[.]sh,offline
mirai,http[:]//114[.]226[.]26[.]236[:]42773/bin[.]sh,offline
mirai,http[:]//213[.]232[.]114[.]14/M68K,offline
Mozi,http[:]//123[.]11[.]78[.]17[:]40174/i,offline
,http[:]//182[.]119[.]236[.]230[:]58614/i,offline
mirai,http[:]//210[.]208[.]110[.]51[:]40224/i,offline
,http[:]//115[.]55[.]54[.]253[:]54557/bin[.]sh,offline
mirai,http[:]//183[.]151[.]133[.]53[:]34890/i,offline
,http[:]//42[.]87[.]220[.]88[:]33491/i,offline
mirai,http[:]//213[.]232[.]114[.]14/ARMV6L,offline
Mozi,http[:]//42[.]235[.]48[.]102[:]54924/i,offline
Mozi,http[:]//42[.]235[.]93[.]143[:]51481/bin[.]sh,offline
Mozi,http[:]//115[.]55[.]114[.]216[:]51225/bin[.]sh,offline
Mozi,http[:]//115[.]55[.]60[.]18[:]36789/bin[.]sh,offline
Mozi,http[:]//119[.]185[.]177[.]44[:]55693/i,offline
Mozi,http[:]//61[.]53[.]140[.]211[:]46677/bin[.]sh,offline
,http[:]//42[.]54[.]30[.]220[:]46445/i,online
Mozi,http[:]//125[.]47[.]240[.]110[:]57502/i,offline
mirai,http[:]//211[.]75[.]38[.]154[:]2758/bin[.]sh,offline
,http[:]//42[.]56[.]166[.]234[:]44115/bin[.]sh,offline
,http[:]//27[.]44[.]145[.]199[:]53887/i,offline
Mozi,http[:]//46[.]236[.]65[.]158[:]41753/i,offline
mirai,http[:]//123[.]173[.]75[.]158[:]39827/bin[.]sh,offline
Mozi,http[:]//115[.]55[.]60[.]18[:]36789/i,offline
Mozi,http[:]//182[.]114[.]250[.]133[:]60170/bin[.]sh,offline
Mozi,http[:]//42[.]231[.]182[.]127[:]42828/bin[.]sh,offline
,http[:]//113[.]236[.]91[.]179[:]36715/bin[.]sh,offline
Mozi,http[:]//182[.]127[.]112[.]52[:]54660/bin[.]sh,offline
mirai,http[:]//120[.]37[.]212[.]44[:]40052/i,offline
Mozi,http[:]//61[.]52[.]222[.]55[:]49651/i,offline
,http[:]//42[.]85[.]15[.]247[:]42620/bin[.]sh,offline
mirai,http[:]//196[.]189[.]35[.]172[:]34687/i,offline
Mozi,http[:]//182[.]113[.]42[.]197[:]42211/bin[.]sh,offline
Mozi,http[:]//219[.]155[.]209[.]50[:]45888/i,offline
Mozi,http[:]//115[.]58[.]152[.]169[:]50052/i,offline
Mozi,http[:]//123[.]13[.]27[.]188[:]34663/i,offline
mirai,http[:]//196[.]188[.]75[.]58[:]49779/bin[.]sh,offline
mirai,http[:]//36[.]88[.]164[.]98[:]40397/i,offline
Mozi,http[:]//219[.]155[.]133[.]82[:]43380/i,offline
mirai,http[:]//183[.]151[.]133[.]53[:]34890/bin[.]sh,offline
Mozi,http[:]//115[.]52[.]68[.]57[:]58649/i,offline
,http[:]//118[.]34[.]109[.]121[:]36943/i,offline
,http[:]//123[.]189[.]142[.]70[:]36060/bin[.]sh,offline
,http[:]//116[.]140[.]133[.]187[:]40804/bin[.]sh,offline
Mozi,http[:]//125[.]44[.]25[.]26[:]38996/i,offline
mirai,http[:]//213[.]232[.]114[.]14/I586,offline
mirai,http[:]//210[.]208[.]111[.]220[:]49419/bin[.]sh,offline
Mozi,http[:]//115[.]58[.]89[.]137[:]55797/i,offline
,http[:]//182[.]121[.]114[.]142[:]56460/i,offline
Mozi,http[:]//115[.]51[.]105[.]207[:]59602/i,offline
Mozi,http[:]//182[.]122[.]193[.]141[:]45272/i,offline
mirai,http[:]//115[.]54[.]234[.]24[:]44752/i,offline
mirai,http[:]//120[.]37[.]212[.]44[:]40052/bin[.]sh,offline
Mozi,http[:]//42[.]224[.]199[.]190[:]49856/bin[.]sh,offline
,http[:]//113[.]228[.]155[.]194[:]55988/i,offline
Mozi,http[:]//125[.]43[.]24[.]158[:]59040/i,offline
Mozi,http[:]//182[.]112[.]31[.]18[:]49478/i,offline
,http[:]//27[.]215[.]121[.]8[:]43357/i,offline
,http[:]//113[.]236[.]91[.]179[:]36715/i,offline
mirai,http[:]//210[.]208[.]111[.]26[:]47327/i,offline
mirai,http[:]//121[.]239[.]128[.]71[:]45509/i,offline
Mozi,http[:]//103[.]160[.]130[.]109[:]59207/bin[.]sh,offline
mirai,http[:]//222[.]127[.]76[.]238[:]56998/i,offline
Mozi,http[:]//112[.]239[.]102[.]112[:]52671/bin[.]sh,offline
,http[:]//42[.]231[.]189[.]155[:]41649/i,offline
Mozi,http[:]//182[.]113[.]41[.]144[:]46418/i,offline
Mozi,http[:]//182[.]116[.]22[.]157[:]39050/bin[.]sh,offline
Mozi,http[:]//125[.]41[.]105[.]124[:]59324/i,offline
,http[:]//113[.]228[.]132[.]214[:]49613/i,offline
Mozi,http[:]//221[.]15[.]9[.]204[:]55789/bin[.]sh,offline
,http[:]//42[.]231[.]189[.]155[:]41649/bin[.]sh,offline
Mozi,http[:]//182[.]116[.]22[.]157[:]39050/i,offline
,http[:]//175[.]173[.]117[.]208[:]37031/bin[.]sh,offline
,http[:]//5[.]59[.]107[.]59[:]59573/i,offline
Mozi,http[:]//221[.]15[.]9[.]204[:]55789/i,offline
,http[:]//175[.]173[.]117[.]208[:]37031/i,offline
mirai,http[:]//39[.]88[.]200[.]53[:]34933/bin[.]sh,offline
Mozi,http[:]//39[.]87[.]216[.]223[:]50774/bin[.]sh,offline
mirai,http[:]//114[.]228[.]136[.]237[:]34442/bin[.]sh,offline
,http[:]//123[.]7[.]220[.]37[:]49632/i,offline
Mozi,http[:]//123[.]9[.]192[.]251[:]56498/i,offline
Mozi,http[:]//182[.]125[.]21[.]163[:]43569/i,offline
Mozi,http[:]//42[.]235[.]48[.]102[:]54924/bin[.]sh,offline
Mozi,http[:]//182[.]122[.]193[.]141[:]45272/bin[.]sh,offline
,http[:]//182[.]117[.]118[.]246[:]55125/i,offline
Mozi,http[:]//42[.]232[.]80[.]182[:]46437/i,offline
Mozi,http[:]//219[.]157[.]20[.]221[:]44157/i,offline
mirai,http[:]//113[.]221[.]11[.]164[:]42753/i,offline
mirai,http[:]//213[.]232[.]114[.]14/MIPS,offline
mirai,http[:]//210[.]208[.]111[.]26[:]47327/bin[.]sh,offline
,http[:]//119[.]115[.]33[.]201[:]51030/bin[.]sh,offline
mirai,http[:]//213[.]232[.]114[.]14/MIPSEL,offline
Mozi,http[:]//115[.]48[.]26[.]110[:]42240/i,offline
Mozi,http[:]//115[.]56[.]156[.]79[:]53428/i,offline
Mozi,http[:]//61[.]53[.]87[.]58[:]47751/i,offline
,http[:]//27[.]215[.]121[.]8[:]43357/bin[.]sh,offline
,http[:]//61[.]137[.]134[.]196[:]45480/i,offline
mirai,http[:]//122[.]192[.]191[.]125[:]46601/i,offline
,http[:]//116[.]140[.]133[.]187[:]40804/i,offline
Mozi,http[:]//123[.]13[.]27[.]188[:]34663/bin[.]sh,offline
Mozi,http[:]//115[.]56[.]156[.]79[:]53428/bin[.]sh,offline
mirai,http[:]//66[.]212[.]187[.]214[:]32789/i,offline
mirai,http[:]//84[.]0[.]26[.]48[:]37216/i,offline
mirai,http[:]//180[.]252[.]217[.]7[:]57217/bin[.]sh,offline
,http[:]//5[.]59[.]107[.]59[:]59573/bin[.]sh,offline
,http[:]//175[.]165[.]87[.]197[:]55692/i,offline
"32-bit,elf,mips,Mozi",http[:]//222[.]141[.]117[.]246[:]51064/i,offline
"32-bit,arm,elf,mirai,Mozi",http[:]//121[.]239[.]128[.]71[:]45509/bin[.]sh,offline
"32-bit,elf,mips,Mozi",http[:]//60[.]19[.]245[.]60[:]53685/i,offline
"32-bit,elf,mips,Mozi",http[:]//61[.]53[.]94[.]34[:]49581/i,offline
"32-bit,elf,mips,Mozi",http[:]//182[.]127[.]153[.]150[:]50455/i,offline
"32-bit,elf,mips,Mozi",http[:]//115[.]55[.]193[.]196[:]43955/bin[.]sh,offline
"32-bit,elf,mips,Mozi",http[:]//42[.]233[.]105[.]2[:]46400/i,offline
Mozi,http[:]//112[.]255[.]151[.]24[:]39031/i,offline
"32-bit,elf,mips,Mozi",http[:]//182[.]127[.]153[.]150[:]50455/bin[.]sh,offline
"32-bit,elf,mips,Mozi",http[:]//60[.]19[.]245[.]60[:]53685/bin[.]sh,offline
mirai,http[:]//115[.]203[.]187[.]145[:]52890/bin[.]sh,offline
"32-bit,elf,mips,Mozi",http[:]//42[.]233[.]105[.]2[:]46400/bin[.]sh,offline
"32-bit,elf,mips,Mozi",http[:]//42[.]239[.]226[.]189[:]50511/i,offline
"32-bit,elf,mips,Mozi",http[:]//203[.]101[.]187[.]5[:]45376/i,offline
"54e64e,dropped-by-amadey",http[:]//91[.]92[.]242[.]236/files-129312398/files/file_240b97b7e105b2fd[.]exe,offline
"32-bit,elf,mips,Mozi",http[:]//182[.]116[.]21[.]199[:]52171/i,offline
"32-bit,elf,mips,Mozi",http[:]//42[.]239[.]226[.]189[:]50511/bin[.]sh,offline
mirai,http[:]//210[.]208[.]110[.]4[:]52722/bin[.]sh,offline
"32-bit,elf,mips,Mozi",http[:]//181[.]79[.]85[.]69[:]11861/bin[.]sh,offline
"32-bit,arm,elf,mirai,Mozi",http[:]//185[.]9[.]139[.]117[:]44288/i,offline
"32-bit,elf,mips,Mozi",http[:]//182[.]116[.]21[.]199[:]52171/bin[.]sh,offline
,http[:]//91[.]92[.]243[.]176/dashboard/zzfile6000/a/system/file/secure/gmpjkjI[.]txt,offline
,http[:]//bluerelic155[.]mypi[.]co/admin/masaimg_094757[.]png,offline
,http[:]//bluerelic155[.]mypi[.]co/admin/niceimg_092217[.]png,offline
Formbook,https[:]//impectorinternational[.]com/harder/binikuku[.]dat,online
PureLogsStealer,https[:]//asdsocial[.]pt/vlc[.]zip,offline
,https[:]//80[.]76[.]49[.]76[:]8443/149d3685-d4c5-48f7-9785-c9fc518fcacd,offline
"exe,Formbook",http[:]//193[.]104[.]58[.]65/binyu[.]exe,offline
,https[:]//ryanborn[.]net/DAD/MSI_PRO[.]png,offline
PureLogsStealer,https[:]//gaiadeqi[.]com/stego_6qm9r3qt6m[.]png,offline
"rat,RemcosRAT",https[:]//alphapicaficagency[.]com/stego_178aezpp1v[.]png,offline
"rat,RemcosRAT",https[:]//pub-cf9a2985033542d9a17b3c9a644b66be[.]r2[.]dev/core_033853[.]iso,offline
"rat,RemcosRAT",https[:]//lively-fog-af49[.]pablosoftwareplus[.]workers[.]dev/,offline
"rat,RemcosRAT",https[:]//res[.]cloudinary[.]com/t38mt4e0/image/upload/v1787702887/img_200735[.]jpg,offline
PureLogsStealer,https[:]//gaiadeqi[.]com/stego_175vvr0ken[.]png,offline
AgentTesla,https[:]//fiscalizarais[.]xyz/stego_qngpc3hmcp[.]png,offline
xworm,https[:]//filedn[.]com/lEr8X39QyI3Ff9hN9vGodiR/TRUE[.]zip,offline
xworm,https[:]//pub-45a83f302a1943ed8d62418c2af947ef[.]r2[.]dev/MSI_123[.]png,offline
xworm,https[:]//pub-45a83f302a1943ed8d62418c2af947ef[.]r2[.]dev/GenZ[.]png,offline
xworm,https[:]//pub-ce02802067934e0eb072f69bf6427bf6[.]r2[.]dev/MSI_PROOPE[.]png,offline
xworm,https[:]//pub-ce02802067934e0eb072f69bf6427bf6[.]r2[.]dev/00029[.]png,offline
xworm,http[:]//80[.]76[.]49[.]118/pinmsi1[.]png,offline
"exe,Formbook",https[:]//click[.]vectorlabs[.]com/wp-content/bin[.]exe,offline
"exe,Formbook",https[:]//meissner[.]ae/wp-includes/rest-api/X64bin[.]exe,offline
"32-bit,elf,mips,Mozi",http[:]//175[.]165[.]76[.]134[:]43930/i,offline
,https[:]//www[.]nishiwaki[.]ne[.]jp/uploader/uploader[.]cgi?mode=downld&no=864,offline
"32-bit,arm,elf,mirai,Mozi",http[:]//130[.]12[.]209[.]153[:]51945/bin[.]sh,offline
,http[:]//193[.]104[.]58[.]65/rump25th[.]png,offline
"32-bit,elf,mips,Mozi",http[:]//182[.]116[.]50[.]75[:]54311/i,offline
exe,https[:]//github[.]com/harveyjuansara/upd2352vhjh/raw/refs/heads/main/uninstall[.]exe,offline
exe,https[:]//github[.]com/harveyjuansara/upd2352vhjh/raw/refs/heads/main/minecraftpatch[.]exe,offline
exe,https[:]//github[.]com/harveyjuansara/upd2352vhjh/raw/refs/heads/main/GitHub[.]exe,offline
,http[:]//196[.]251[.]107[.]186/clpr11[.]exe,offline
,http[:]//196[.]251[.]107[.]186/AseMKIic[.]exe,offline
"32-bit,arm,elf,mirai,Mozi",http[:]//210[.]208[.]110[.]221[:]36005/i,offline
"32-bit,elf,mips,Mozi",http[:]//182[.]116[.]50[.]75[:]54311/bin[.]sh,offline
"32-bit,arm,elf,mirai,Mozi",http[:]//210[.]208[.]110[.]221[:]36005/bin[.]sh,offline
exe,http[:]//85[.]203[.]4[.]64/Notepad[.]exe,offline
,https[:]//zhimaly[.]com/d/7kPf1J6ZbKN4czQ1599Yj4dvd5l94_JN,offline
,https[:]//attention-check[.]online/files/attention-check[.]online/3e58de873486d6db/extension-fix-TY4TYU[.]zip,offline
,https[:]//safe-pdf-viewer[.]lat/files/safe-pdf-viewer[.]lat/0b40224646117ac6/DOC-OY0DWL[.]lnk,offline
,https[:]//safe-pdf-viewer[.]lat/files/safe-pdf-viewer[.]lat/0c851d04458949b7/DOC-S0K2P3[.]lnk,offline
,https[:]//safe-pdf-viewer[.]lat/files/safe-pdf-viewer[.]lat/f8d9ffaec6621552/DOC-FU7BM1[.]lnk,offline
"c2-monitor-auto,dropped-by-amadey",http[:]//91[.]92[.]242[.]236/files-129312398/files/file_324103a237439875[.]exe,offline
,https[:]//safe-pdf-viewer[.]lat/files/safe-pdf-viewer[.]lat/3e58de873486d6db/DOC-U8Q1JJ[.]zip,offline
,https[:]//zhimaly[.]com/d/ukeWASCJw4f_uQOelbXeFtNDmok2Wnhm,offline
,https[:]//safe-pdf-viewer[.]lat/files/safe-pdf-viewer[.]lat/3e58de873486d6db/DOC-LNK5QD[.]zip,offline
,https[:]//safe-pdf-viewer[.]lat/files/safe-pdf-viewer[.]lat/04d7370883375a2c/DOC-1ITNIT[.]lnk,offline
,https[:]//safe-pdf-viewer[.]lat/files/safe-pdf-viewer[.]lat/0b434a3f6adcf5a6/DOC-AE51QJ[.]lnk,offline
,https[:]//safe-pdf-viewer[.]lat/files/safe-pdf-viewer[.]lat/3e58de873486d6db/DOC-VQLS0E[.]zip,offline
,https[:]//safe-pdf-viewer[.]lat/files/safe-pdf-viewer[.]lat/3e58de873486d6db/DOC-SBO0HU[.]zip,offline
,https[:]//safe-pdf-viewer[.]lat/files/safe-pdf-viewer[.]lat/3e58de873486d6db/DOC-X9EQ7O[.]zip,offline
,https[:]//safe-pdf-viewer[.]lat/files/safe-pdf-viewer[.]lat/3e58de873486d6db/DOC-N5E6CQ[.]zip,offline
,https[:]//zhimaly[.]com/d/UMPkg-ABKtBymeUzSih8ge0x3YFxXXcL,offline
,https[:]//nw[.]almfwb[.]com/almfwb[.]zip,offline
,https[:]//safe-pdf-viewer[.]lat/files/safe-pdf-viewer[.]lat/3e58de873486d6db/DOC-8YQXSA[.]zip,offline
,https[:]//safe-pdf-viewer[.]lat/files/safe-pdf-viewer[.]lat/3e58de873486d6db/DOC-6GF8BJ[.]zip,offline
,https[:]//safe-pdf-viewer[.]lat/files/safe-pdf-viewer[.]lat/3e58de873486d6db/DOC-T8IY1J[.]zip,offline
,https[:]//safe-pdf-viewer[.]lat/files/safe-pdf-viewer[.]lat/3e58de873486d6db/DOC-LIYJ9W[.]zip,offline
,https[:]//zhimaly[.]com/d/5oxCDyJx838lvhTTZd-0WpkvWW_ooOKg,offline
,https[:]//safe-pdf-viewer[.]lat/files/safe-pdf-viewer[.]lat/3e58de873486d6db/DOC-EJKM0A[.]zip,offline
,https[:]//zhimaly[.]com/d/aiwRNmTXlqJcp1dRALB___Y1R0fLt6B0,offline
,https[:]//zhimaly[.]com/d/wCYC7jsRwx5JbKvPxJFJv3kpKXwVAuOe,offline
,https[:]//safe-pdf-viewer[.]lat/files/safe-pdf-viewer[.]lat/3e58de873486d6db/DOC-24YLDC[.]zip,offline
,https[:]//safe-pdf-viewer[.]lat/files/safe-pdf-viewer[.]lat/3e58de873486d6db/DOC-BANVH2[.]zip,offline
,https[:]//safe-pdf-viewer[.]lat/files/safe-pdf-viewer[.]lat/3e58de873486d6db/DOC-33OTH5[.]zip,offline
,https[:]//safe-pdf-viewer[.]lat/files/safe-pdf-viewer[.]lat/3e58de873486d6db/DOC-BMS8GC[.]zip,offline
,https[:]//safe-pdf-viewer[.]lat/files/safe-pdf-viewer[.]lat/3e58de873486d6db/DOC-OSLPB0[.]zip,offline
,https[:]//safe-pdf-viewer[.]lat/files/safe-pdf-viewer[.]lat/3e58de873486d6db/DOC-5Y0D14[.]zip,offline
,https[:]//safe-pdf-viewer[.]lat/files/safe-pdf-viewer[.]lat/3e58de873486d6db/DOC-OAUW81[.]zip,offline
,https[:]//safe-pdf-viewer[.]lat/files/safe-pdf-viewer[.]lat/3e58de873486d6db/DOC-8NHYMO[.]zip,offline
,https[:]//safe-pdf-viewer[.]lat/files/safe-pdf-viewer[.]lat/3e58de873486d6db/DOC-O769DU[.]zip,offline
,https[:]//safe-pdf-viewer[.]lat/files/safe-pdf-viewer[.]lat/3e58de873486d6db/DOC-9HO4JK[.]zip,offline
,https[:]//safe-pdf-viewer[.]lat/files/safe-pdf-viewer[.]lat/3e58de873486d6db/DOC-SPLVM4[.]zip,offline
,https[:]//safe-pdf-viewer[.]lat/files/safe-pdf-viewer[.]lat/3e58de873486d6db/DOC-B27L99[.]zip,offline
"32-bit,elf,mips,Mozi",http[:]//115[.]62[.]159[.]162[:]33981/bin[.]sh,offline
"32-bit,elf,mips,Mozi",http[:]//163[.]182[.]97[.]242[:]3654/bin[.]sh,online
"32-bit,elf,mips,Mozi",http[:]//115[.]55[.]165[.]198[:]32844/i,offline
"32-bit,elf,mips,Mozi",http[:]//115[.]58[.]169[.]37[:]40154/i,offline
"32-bit,elf,mips,Mozi",http[:]//115[.]58[.]169[.]37[:]40154/bin[.]sh,offline
"32-bit,arm,elf,mirai,Mozi",http[:]//113[.]221[.]11[.]164[:]42753/bin[.]sh,offline
"32-bit,elf,mips,Mozi",http[:]//115[.]55[.]165[.]198[:]32844/bin[.]sh,offline
"botnet,ddos,elf,iot,KHserver,mirai",http[:]//213[.]232[.]114[.]14/X86_64,offline
"botnet,ddos,elf,iot,KHserver,mirai",http[:]//213[.]232[.]114[.]14/ARMV4L,offline
"ascii,gafgyt,mirai",http[:]//213[.]232[.]114[.]14/handshakebins[.]sh,online
"elf,iot,mirai",http[:]//43[.]228[.]157[.]102/w[.]sh,online
"elf,iot,mirai",http[:]//43[.]228[.]157[.]102/wget[.]sh,online
"elf,iot,mirai",http[:]//43[.]228[.]157[.]102/c[.]sh,online
"elf,iot,Mozi",http[:]//146[.]158[.]4[.]238[:]41633/Mozi[.]m,offline
"atomic-stealer,infostealer,macOS",https[:]//linen-harbor[.]com/curl/rnulrjfa/init[.]sh,offline
,https[:]//limewire[.]com/d/Zu5qk#xAzqnkJLlq,offline
"binzosg,downloader,Sketchfab-ripper,stealer",https[:]//fujiarte[.]com/[.]well-known/acme-challenge/settings[.]php,offline
"c2-monitor-auto,dropped-by-amadey",http[:]//91[.]92[.]242[.]236/files-129312398/files/file_78e3bf48f47b45f3[.]exe,offline
"c2-monitor-auto,dropped-by-amadey",http[:]//91[.]92[.]242[.]236/files-129312398/files/file_1bb45bd969bb0ee8[.]exe,offline
,https[:]//iploglab[.]store/api/terminal/connect-runner?flag=1,offline
,https[:]//iploglab[.]store/api/terminal/bootstrap?os=mac&flag=1,offline
,https[:]//iploglab[.]store/api/terminal/bootstrap?os=linux&flag=1,offline
,https[:]//iploglab[.]store/api/terminal/windows?flag=1,offline
"android,apk ",https[:]//dl[.]unicron-dl[.]click/Telegram_v12[.]8[.]3[.]apk,offline
"elf,iot,Mozi",http[:]//27[.]44[.]145[.]195[:]60512/Mozi[.]m,offline
"elf,iot",http[:]//2[.]27[.]12[.]66[:]889/gg11,offline
"elf,iot,mirai",http[:]//196[.]251[.]121[.]142/a3f8d2/kaizen[.]mips,online
"elf,iot,mirai",http[:]//196[.]251[.]121[.]142/a3f8d2/kaizen[.]mpsl,online
"Malvertising,TDS",https[:]//crazy2cdn[.]com/min[.]t[.]1787698800[.]js,offline
"IRAHook,rat,stealer",https[:]//manita[.]lol/d/3c547dbeb28c4b8d937a771d0debff39,offline
"IRAHook,rat,stealer",https[:]//manita[.]lol/d/fb2232aa883b4a33ac3877a402c0126c,offline
"IRAHook,rat,stealer",https[:]//manita[.]lol/d/049e625ea690455ba545c97cf546fd8d,offline
"c2-monitor-auto,dropped-by-amadey",http[:]//91[.]92[.]242[.]236/files-129312398/files/file_22a97a4bdb05ca2e[.]exe,offline
"c2-monitor-auto,dropped-by-amadey",http[:]//91[.]92[.]242[.]236/files-129312398/files/file_ffb9af1a7b7b8747[.]exe,offline
"IRAHook,rat,stealer",https[:]//manita[.]lol/d/9077ca9a63a44186add67faed923847e,offline
,http[:]//193[.]221[.]200[.]26[:]5001/ses[.]bin,offline
,http[:]//193[.]221[.]200[.]26[:]5001/9235d23a7d86[.]exe,offline
,http[:]//193[.]221[.]200[.]26[:]5001/31a73c84b27f[.]exe,offline
,http[:]//193[.]221[.]200[.]26[:]5001/a1d68312807f[.]exe,offline
"32-bit,elf,mips,Mozi",http[:]//182[.]116[.]117[.]142[:]49454/bin[.]sh,offline
"32-bit,elf,mips,Mozi",http[:]//61[.]52[.]74[.]252[:]43436/i,offline
"32-bit,arm,elf,mirai,Mozi",http[:]//200[.]115[.]102[.]2[:]40835/i,offline
"32-bit,elf,mips,Mozi",http[:]//103[.]203[.]210[.]102[:]57289/i,offline
"32-bit,elf,mips,Mozi",http[:]//42[.]224[.]20[.]74[:]37398/bin[.]sh,offline
"32-bit,elf,mips,Mozi",http[:]//27[.]202[.]161[.]162[:]51956/bin[.]sh,offline
"32-bit,elf,mips,Mozi",http[:]//219[.]157[.]23[.]252[:]47875/bin[.]sh,offline
"elf,mirai,ua-wget",http[:]//220[.]158[.]234[.]4/ppc,offline
"elf,mirai,ua-wget",http[:]//220[.]158[.]234[.]4/x86_64,offline
"elf,mirai,ua-wget",http[:]//220[.]158[.]234[.]4/spc,offline
"elf,mirai,ua-wget",http[:]//220[.]158[.]234[.]4/mips,offline
"elf,mirai,ua-wget",http[:]//220[.]158[.]234[.]4/arm7,offline
"elf,mirai,ua-wget",http[:]//220[.]158[.]234[.]4/sh4,offline
"elf,mirai,ua-wget",http[:]//220[.]158[.]234[.]4/x86,offline
"32-bit,elf,mips,Mozi",http[:]//115[.]56[.]161[.]197[:]48934/i,offline
"32-bit,elf,mips,Mozi",http[:]//115[.]56[.]161[.]197[:]48934/bin[.]sh,offline
"32-bit,elf,mips,Mozi",http[:]//175[.]146[.]244[.]227[:]57019/i,offline
"32-bit,elf,mips,Mozi",http[:]//175[.]146[.]244[.]227[:]57019/bin[.]sh,offline
"32-bit,elf,mips,Mozi",http[:]//175[.]148[.]76[.]63[:]43235/i,offline
"32-bit,elf,mips,Mozi",http[:]//27[.]37[.]100[.]83[:]50864/i,offline
"32-bit,elf,mips,Mozi",http[:]//27[.]37[.]100[.]83[:]50864/bin[.]sh,offline
Mozi,http[:]//115[.]50[.]224[.]166[:]50810/bin[.]sh,offline
"32-bit,arm,elf,mirai,Mozi",http[:]//123[.]10[.]70[.]54[:]56681/i,offline
Mozi,http[:]//42[.]239[.]231[.]76[:]37945/i,offline
"32-bit,elf,mips,Mozi",http[:]//119[.]179[.]236[.]207[:]55846/i,offline
"54e64e,dropped-by-amadey",http[:]//91[.]92[.]242[.]236/files-129312398/files/file_124c8c2143039ea5[.]exe,offline
"32-bit,elf,mips,Mozi",http[:]//115[.]55[.]238[.]97[:]40942/i,offline
"32-bit,elf,mips,Mozi",http[:]//119[.]179[.]236[.]207[:]55846/bin[.]sh,offline
"32-bit,arm,elf,mirai,Mozi",http[:]//123[.]10[.]70[.]54[:]56681/bin[.]sh,offline
"32-bit,elf,mips,Mozi",http[:]//60[.]18[.]214[.]19[:]38553/bin[.]sh,offline
Mozi,http[:]//115[.]55[.]238[.]97[:]40942/bin[.]sh,offline
"32-bit,arm,elf,mirai,Mozi",http[:]//200[.]115[.]102[.]2[:]40835/bin[.]sh,offline
"32-bit,elf,mips,Mozi",http[:]//125[.]41[.]5[.]177[:]44402/i,offline
"32-bit,elf,mips,Mozi",http[:]//27[.]219[.]44[.]37[:]46482/i,offline
"32-bit,elf,mips,Mozi",http[:]//115[.]57[.]60[.]24[:]40928/bin[.]sh,offline
"32-bit,elf,mips,Mozi",http[:]//125[.]40[.]39[.]65[:]60395/i,offline
"32-bit,arm,elf,mirai,Mozi",http[:]//103[.]249[.]199[.]5[:]39552/i,offline
"32-bit,arm,elf,mirai,Mozi",http[:]//182[.]116[.]72[.]222[:]57147/bin[.]sh,offline
"32-bit,arm,elf,mirai,Mozi",http[:]//112[.]198[.]186[.]249[:]60485/i,offline
"32-bit,arm,elf,mirai,Mozi",http[:]//183[.]23[.]135[.]203[:]54790/i,offline
"32-bit,arm,elf,mirai,Mozi",http[:]//112[.]198[.]186[.]249[:]60485/bin[.]sh,offline
"32-bit,arm,elf,mirai,Mozi",http[:]//180[.]115[.]74[.]175[:]32843/i,offline
"32-bit,elf,mips,Mozi",http[:]//27[.]219[.]44[.]37[:]46482/bin[.]sh,offline
"32-bit,elf,mips,Mozi",http[:]//42[.]227[.]135[.]249[:]48039/bin[.]sh,offline
"32-bit,elf,mips,Mozi",http[:]//115[.]56[.]67[.]128[:]48264/i,offline
"32-bit,arm,elf,mirai,Mozi",http[:]//36[.]84[.]112[.]102[:]54365/i,offline
"32-bit,elf,mips,Mozi",http[:]//117[.]223[.]141[.]189[:]43389/i,offline
"32-bit,elf,mips,Mozi",http[:]//115[.]61[.]18[.]207[:]50219/i,offline
"32-bit,elf,mips,Mozi",http[:]//219[.]157[.]23[.]252[:]47875/i,offline
"32-bit,elf,mips,Mozi",http[:]//115[.]56[.]67[.]128[:]48264/bin[.]sh,offline
"32-bit,elf,mips,Mozi",http[:]//117[.]223[.]141[.]189[:]43389/bin[.]sh,offline
"32-bit,elf,mips,Mozi",http[:]//115[.]61[.]18[.]207[:]50219/bin[.]sh,offline
"32-bit,elf,mips,Mozi",http[:]//112[.]248[.]188[.]197[:]43330/bin[.]sh,offline
"32-bit,elf,mips,Mozi",http[:]//42[.]233[.]138[.]140[:]60584/i,offline
mirai,http[:]//196[.]189[.]35[.]172[:]34687/bin[.]sh,offline
"54e64e,dropped-by-amadey,rustystealer",http[:]//91[.]92[.]242[.]236/files-129312398/files/file_2dedd67a4922be21[.]exe,offline
"32-bit,arm,elf,mirai,Mozi",http[:]//210[.]208[.]111[.]100[:]60334/bin[.]sh,offline
"32-bit,elf,mips,Mozi",http[:]//182[.]114[.]250[.]133[:]60170/i,offline
connectwise,https[:]//paretandassociates[.]screenconnect[.]com/Bin/ScreenConnect[.]ClientSetup[.]msi?e=Access&y=Guest&c=Eye%20Clinic&c=&c=Surgery&c=Personal&c=&c=&c=&c=,online
"32-bit,arm,elf,mirai,Mozi",http[:]//112[.]109[.]205[.]48[:]35136/i,offline
"54e64e,dropped-by-amadey",http[:]//91[.]92[.]242[.]236/files-129312398/files/file_6d132da8983cd728[.]exe,offline
"32-bit,arm,elf,mirai,Mozi",http[:]//112[.]109[.]205[.]48[:]35136/bin[.]sh,offline
mirai,http[:]//122[.]241[.]8[.]175[:]37163/bin[.]sh,offline
"32-bit,elf,mips,Mozi",http[:]//116[.]138[.]107[.]198[:]36190/i,offline
"32-bit,elf,mips,Mozi",http[:]//116[.]138[.]107[.]198[:]36190/bin[.]sh,offline
"32-bit,elf,mips,Mozi",http[:]//42[.]233[.]138[.]140[:]60584/bin[.]sh,offline
"32-bit,elf,mips,Mozi",http[:]//125[.]41[.]8[.]60[:]36872/i,offline
"32-bit,elf,mips,Mozi",http[:]//42[.]231[.]64[.]103[:]58110/i,offline
"32-bit,elf,mips,Mozi",http[:]//115[.]57[.]60[.]24[:]40928/i,offline
,http[:]//115[.]55[.]54[.]253[:]54557/i,offline
"32-bit,elf,mips,Mozi",http[:]//42[.]231[.]64[.]103[:]58110/bin[.]sh,offline
"32-bit,elf,mips,Mozi",http[:]//222[.]141[.]141[.]133[:]42626/i,offline
"32-bit,elf,mips,Mozi",http[:]//175[.]165[.]76[.]134[:]43930/bin[.]sh,offline
"IRAHook,rat,stealer",https[:]//kolpa[.]lol/d/fb2232aa883b4a33ac3877a402c0126c,offline
"SalatStealer,stealer",http[:]//193[.]221[.]200[.]26[:]5001/odens[.]exe,offline
"IRAHook,rat,stealer",https[:]//kolpa[.]lol/d/3c547dbeb28c4b8d937a771d0debff39,offline
"IRAHook,rat,stealer",https[:]//kolpa[.]lol/d/9077ca9a63a44186add67faed923847e,offline
"IRAHook,rat,stealer",https[:]//kolpa[.]lol/d/049e625ea690455ba545c97cf546fd8d,offline
" exe, MicroClip, stealer,ClickFix",https[:]//plutotvshow[.]biz/exe/backup_svc-release[.]exe,offline
"ascii,opendir,powershell,ps1,RemcosRAT",http[:]//172[.]86[.]114[.]3/wepu/cryptedd[.]ps1,offline
"ascii,opendir,powershell,ps1,rat,RemcosRAT",http[:]//172[.]86[.]114[.]3/wepu/crypted[.]ps1,offline
"32-bit,elf,mips,Mozi",http[:]//219[.]155[.]209[.]50[:]45888/bin[.]sh,offline
"ascii,powershell,ps1,SnakeKeylogger,VIPKeylogger",https[:]//architekten-schreiner[.]de/modules/mod_login/tocvpyg/aijontc/osefrak/OJcrypted[.]ps1,offline
"32-bit,arm,elf,mirai,Mozi",http[:]//223[.]151[.]72[.]214[:]44130/i,offline
"32-bit,elf,mips,Mozi",http[:]//212[.]164[.]115[.]235[:]53007/i,offline
"32-bit,elf,mips,Mozi",http[:]//212[.]164[.]115[.]235[:]53007/bin[.]sh,offline
,http[:]//109[.]171[.]67[.]100[:]18713/i,offline
"32-bit,elf,mips,Mozi",http[:]//182[.]119[.]13[.]119[:]44968/bin[.]sh,offline
,https[:]//wordtax[.]ink/down/setup[.]aac,offline
"32-bit,elf,mips,Mozi",http[:]//182[.]119[.]13[.]119[:]44968/i,offline
,https[:]//final-aura[.]top/f1,offline
"32-bit,arm,elf,mirai,Mozi",http[:]//223[.]151[.]72[.]214[:]44130/bin[.]sh,offline
,http[:]//109[.]171[.]67[.]100[:]18713/bin[.]sh,offline
connectwise,https[:]//authowareinc1[.]screenconnect[.]com/Bin/ScreenConnect[.]ClientSetup[.]msi?e=Access&y=Guest,offline
,https[:]//540239621396215402[.]raymelo[.]vu/en/ScreenConnect[.]ClientSetup[.]msi,offline
"32-bit,elf,mips,Mozi",http[:]//42[.]230[.]43[.]100[:]49444/i,offline
"32-bit,elf,mips,Mozi",http[:]//123[.]12[.]225[.]30[:]60239/i,offline
"c2-monitor-auto,dropped-by-amadey",http[:]//91[.]92[.]242[.]236/files-129312398/files/file_31233e915ca34d9f[.]exe,offline
screenconnect,https[:]//pub-5188043a98ed4134bdbf1227691455ca[.]r2[.]dev/ScreenConnect[.]ClientSetup,offline
"32-bit,arm,elf,mirai,Mozi",http[:]//106[.]58[.]114[.]77[:]58834/bin[.]sh,offline
"32-bit,elf,mips,Mozi",http[:]//123[.]12[.]225[.]30[:]60239/bin[.]sh,offline
"54e64e,dropped-by-amadey",http[:]//91[.]92[.]242[.]236/files-129312398/files/file_c28beab8f1eb5a16[.]exe,offline
Mozi,http[:]//115[.]55[.]232[.]171[:]37663/bin[.]sh,offline
"32-bit,elf,mips,Mozi",http[:]//222[.]142[.]247[.]129[:]34475/i,offline
"32-bit,elf,mips,Mozi",http[:]//115[.]49[.]5[.]250[:]37893/i,offline
"32-bit,elf,mips,Mozi",http[:]//42[.]228[.]45[.]167[:]49037/i,offline
Mozi,http[:]//123[.]14[.]217[.]252[:]58040/bin[.]sh,offline
Mozi,http[:]//42[.]231[.]182[.]127[:]42828/i,offline
Mozi,http[:]//182[.]114[.]48[.]35[:]56580/bin[.]sh,offline
mirai,http[:]//113[.]221[.]74[.]1[:]57844/i,offline
mirai,http[:]//120[.]28[.]193[.]113[:]43297/i,offline
Mozi,http[:]//182[.]127[.]42[.]125[:]50556/i,offline
mirai,http[:]//210[.]208[.]111[.]100[:]60334/i,offline
mirai,http[:]//180[.]116[.]151[.]75[:]50936/i,offline
mirai,http[:]//183[.]23[.]136[.]185[:]35951/i,offline
mirai,http[:]//210[.]208[.]111[.]74[:]41375/bin[.]sh,offline
,http[:]//43[.]252[.]159[.]79[:]56994/i,online
,http[:]//175[.]165[.]142[.]242[:]40832/bin[.]sh,offline
mirai,http[:]//106[.]58[.]114[.]77[:]58834/i,offline
,http[:]//221[.]202[.]17[.]182[:]52728/bin[.]sh,offline
Mozi,http[:]//123[.]9[.]80[.]236[:]60059/i,offline
,http[:]//115[.]49[.]74[.]183[:]49746/bin[.]sh,offline
mirai,http[:]//210[.]208[.]110[.]172[:]38919/i,offline
Mozi,http[:]//27[.]206[.]151[.]130[:]55378/bin[.]sh,offline
Mozi,http[:]//42[.]224[.]122[.]200[:]55867/bin[.]sh,offline
Mozi,http[:]//182[.]123[.]210[.]95[:]48050/i,offline
,http[:]//123[.]189[.]142[.]70[:]36060/i,offline
,http[:]//61[.]184[.]10[.]103/pcdn,online
mirai,http[:]//106[.]40[.]243[.]20[:]36914/i,offline
,http[:]//182[.]126[.]126[.]115[:]55062/i,offline
Mozi,http[:]//222[.]141[.]36[.]152[:]36990/i,offline
Mozi,http[:]//115[.]50[.]224[.]166[:]50810/i,offline
,http[:]//221[.]15[.]12[.]147[:]49632/i,offline
Mozi,http[:]//115[.]62[.]159[.]162[:]33981/i,offline
Mozi,http[:]//123[.]5[.]170[.]227[:]57371/i,offline
,http[:]//175[.]165[.]142[.]242[:]40832/i,offline
Mozi,http[:]//42[.]224[.]122[.]200[:]55867/i,offline
Mozi,http[:]//115[.]57[.]229[.]170[:]49217/i,offline
mirai,http[:]//180[.]252[.]217[.]7[:]57217/i,offline
,http[:]//113[.]236[.]116[.]189[:]50033/i,offline
Mozi,http[:]//61[.]52[.]215[.]65[:]33601/bin[.]sh,offline
,http[:]//116[.]140[.]187[.]100[:]34139/bin[.]sh,offline
mirai,http[:]//123[.]185[.]64[.]34[:]36611/i,offline
mirai,http[:]//120[.]28[.]189[.]248[:]56580/i,offline
mirai,http[:]//222[.]127[.]53[.]189[:]51312/bin[.]sh,offline
Mozi,http[:]//221[.]15[.]193[.]147[:]56368/bin[.]sh,offline
Mozi,http[:]//125[.]44[.]62[.]105[:]40766/bin[.]sh,offline
,http[:]//113[.]237[.]104[.]66[:]38962/i,offline
Mozi,http[:]//219[.]157[.]182[.]229[:]47636/bin[.]sh,offline
,http[:]//42[.]4[.]140[.]241[:]43937/i,offline
mirai,http[:]//115[.]50[.]238[.]131[:]51347/i,offline
Mozi,http[:]//125[.]43[.]45[.]65[:]55210/i,offline
Mozi,http[:]//222[.]140[.]185[.]20[:]49795/bin[.]sh,offline
Mozi,http[:]//123[.]4[.]198[.]85[:]59307/i,offline
,http[:]//23[.]242[.]193[.]144[:]40906/i,offline
Mozi,http[:]//182[.]127[.]112[.]52[:]54660/i,offline
Mozi,http[:]//103[.]203[.]210[.]102[:]53995/i,offline
,http[:]//124[.]92[.]74[.]29[:]41691/i,offline
,http[:]//116[.]138[.]108[.]112[:]52822/i,offline
mirai,http[:]//115[.]58[.]181[.]133[:]33235/bin[.]sh,offline
,http[:]//124[.]92[.]74[.]29[:]41691/bin[.]sh,offline
mirai,http[:]//119[.]179[.]30[.]73[:]48215/i,offline
,http[:]//182[.]124[.]234[.]62[:]53760/i,offline
Mozi,http[:]//61[.]52[.]78[.]61[:]46235/bin[.]sh,offline
mirai,http[:]//36[.]69[.]73[.]14[:]48649/i,offline
,http[:]//115[.]58[.]80[.]52[:]47043/bin[.]sh,offline
Mozi,http[:]//115[.]57[.]123[.]19[:]54898/i,offline
mirai,http[:]//115[.]50[.]238[.]131[:]51347/bin[.]sh,offline
,http[:]//23[.]242[.]193[.]144[:]40906/bin[.]sh,offline
Mozi,http[:]//123[.]11[.]96[.]137[:]52775/i,offline
mirai,http[:]//115[.]206[.]176[.]178[:]48491/i,offline
mirai,http[:]//210[.]208[.]110[.]20[:]51160/i,offline
mirai,http[:]//105[.]186[.]99[.]161[:]34643/i,offline
,http[:]//182[.]124[.]234[.]62[:]53760/bin[.]sh,offline
Mozi,http[:]//39[.]79[.]144[.]82[:]47085/i,offline
mirai,http[:]//113[.]221[.]47[.]252[:]58353/bin[.]sh,offline
mirai,http[:]//210[.]208[.]111[.]220[:]49419/i,offline
Mozi,http[:]//125[.]42[.]76[.]153[:]41524/i,offline
Mozi,http[:]//87[.]68[.]238[.]101[:]49479/i,online
Mozi,http[:]//81[.]227[.]54[.]149[:]33012/bin[.]sh,online
Mozi,http[:]//222[.]139[.]226[.]201[:]35178/i,offline
Mozi,http[:]//182[.]116[.]54[.]33[:]35202/i,offline
Mozi,http[:]//222[.]140[.]185[.]20[:]49795/i,offline
mirai,http[:]//36[.]69[.]73[.]14[:]48649/bin[.]sh,offline
mirai,http[:]//36[.]251[.]0[.]100[:]33623/i,offline
Mozi,http[:]//115[.]48[.]163[.]48[:]53998/i,offline
Mozi,http[:]//115[.]62[.]181[.]0[:]54029/i,offline
,http[:]//24[.]75[.]165[.]67[:]42420/i,offline
Mozi,http[:]//221[.]15[.]193[.]147[:]56368/i,offline
Mozi,http[:]//27[.]194[.]210[.]69[:]36579/bin[.]sh,offline
Mozi,http[:]//111[.]88[.]7[.]48[:]33493/i,offline
,http[:]//175[.]175[.]56[.]87[:]34688/bin[.]sh,offline
Mozi,http[:]//125[.]44[.]62[.]105[:]40766/i,offline
Mozi,http[:]//42[.]232[.]90[.]87[:]34655/bin[.]sh,offline
Mozi,http[:]//219[.]157[.]179[.]237[:]42696/i,offline
Mozi,http[:]//115[.]50[.]107[.]206[:]34450/i,offline
mirai,http[:]//222[.]127[.]53[.]189[:]51312/i,offline
,http[:]//61[.]53[.]74[.]116[:]56778/i,offline
,http[:]//125[.]46[.]214[.]183[:]45094/bin[.]sh,offline
,http[:]//42[.]59[.]228[.]146[:]51051/i,offline
mirai,http[:]//210[.]208[.]111[.]74[:]41375/i,offline
Mozi,http[:]//123[.]5[.]152[.]113[:]41958/i,offline
mirai,http[:]//180[.]190[.]202[.]146[:]33639/bin[.]sh,offline
,http[:]//123[.]188[.]6[.]56[:]60411/i,offline
,http[:]//113[.]233[.]12[.]188[:]52841/i,offline
Mozi,http[:]//125[.]43[.]45[.]65[:]55210/bin[.]sh,offline
mirai,http[:]//180[.]116[.]151[.]75[:]50936/bin[.]sh,offline
mirai,http[:]//210[.]208[.]116[.]107[:]38254/i,offline
Mozi,http[:]//61[.]53[.]140[.]211[:]46677/i,offline
Mozi,http[:]//115[.]50[.]107[.]206[:]34450/bin[.]sh,offline
Mozi,http[:]//222[.]139[.]226[.]201[:]35178/bin[.]sh,offline
mirai,http[:]//183[.]23[.]136[.]185[:]35951/bin[.]sh,offline
mirai,http[:]//119[.]179[.]30[.]73[:]48215/bin[.]sh,offline
,http[:]//60[.]18[.]214[.]19[:]38553/i,offline
mirai,http[:]//105[.]186[.]99[.]161[:]34643/bin[.]sh,offline
Mozi,http[:]//39[.]74[.]97[.]181[:]45160/bin[.]sh,offline
mirai,http[:]//210[.]208[.]110[.]130[:]48747/i,offline
Mozi,http[:]//182[.]123[.]210[.]95[:]48050/bin[.]sh,offline
Mozi,http[:]//112[.]248[.]188[.]197[:]43330/i,offline
mirai,http[:]//115[.]58[.]181[.]133[:]33235/i,offline
,http[:]//42[.]59[.]228[.]146[:]51051/bin[.]sh,offline
Mozi,http[:]//42[.]232[.]90[.]87[:]34655/i,offline
Mozi,http[:]//41[.]201[.]226[.]25[:]55267/i,offline
Mozi,http[:]//125[.]44[.]25[.]26[:]38996/bin[.]sh,offline
Mozi,http[:]//42[.]236[.]222[.]173[:]59854/bin[.]sh,offline
mirai,http[:]//210[.]208[.]111[.]2[:]57708/i,offline
,http[:]//113[.]237[.]104[.]66[:]38962/bin[.]sh,offline
mirai,http[:]//210[.]208[.]110[.]20[:]51160/bin[.]sh,offline
mirai,http[:]//175[.]31[.]252[.]29[:]49473/bin[.]sh,offline
,http[:]//113[.]236[.]116[.]189[:]50033/bin[.]sh,offline
mirai,http[:]//210[.]208[.]104[.]156[:]43572/i,offline
mirai,http[:]//182[.]116[.]72[.]222[:]57147/i,offline
Mozi,http[:]//119[.]165[.]89[.]154[:]38309/i,online
,http[:]//27[.]44[.]146[.]167[:]35485/i,offline
,http[:]//221[.]202[.]17[.]182[:]52728/i,offline
mirai,http[:]//175[.]31[.]252[.]29[:]49473/i,offline
,http[:]//113[.]233[.]12[.]188[:]52841/bin[.]sh,offline
Mozi,http[:]//123[.]5[.]152[.]113[:]41958/bin[.]sh,offline
Mozi,http[:]//42[.]224[.]20[.]74[:]37398/i,offline
Mozi,http[:]//182[.]114[.]48[.]35[:]56580/i,offline
Mozi,http[:]//219[.]157[.]179[.]237[:]42696/bin[.]sh,offline
,http[:]//125[.]46[.]214[.]183[:]45094/i,offline
Mozi,http[:]//115[.]57[.]82[.]47[:]57033/bin[.]sh,offline
"32-bit,elf,mips,Mozi",http[:]//42[.]228[.]45[.]167[:]49037/bin[.]sh,offline
"32-bit,elf,mips,Mozi",http[:]//115[.]49[.]5[.]250[:]37893/bin[.]sh,offline
"c2-monitor-auto,dropped-by-amadey",http[:]//91[.]92[.]242[.]236/files-129312398/files/file_6bbb893ae4adfb7c[.]exe,offline
"c2-monitor-auto,dropped-by-amadey",http[:]//91[.]92[.]242[.]236/files-129312398/files/file_79fd211d67412b88[.]exe,offline
"connectwise,screenconnect",https[:]//smileshiplogistics[.]com/ss/ScreenConnect[.]ClientSetup[.]msi,offline
"32-bit,elf,mips,Mozi",http[:]//117[.]223[.]141[.]255[:]45093/i,offline
"32-bit,elf,mips,Mozi",http[:]//117[.]223[.]141[.]255[:]45093/bin[.]sh,offline
"32-bit,elf,mips,Mozi",http[:]//39[.]79[.]22[.]252[:]52186/i,offline
"dll-sideloading,dotnet,fake-cheat,mediafire,rat,TeamSpeak,Valorant",https[:]//www[.]mediafire[.]com/folder/2wdv0rl5p8k6d/MurderMysteryScript,offline
"32-bit,elf,mips,Mozi",http[:]//39[.]79[.]22[.]252[:]52186/bin[.]sh,offline
"32-bit,elf,mips,Mozi",http[:]//61[.]52[.]78[.]61[:]46235/i,offline
Mozi,http[:]//115[.]55[.]232[.]171[:]37663/i,offline
"32-bit,arm,elf,mirai,Mozi",http[:]//210[.]208[.]106[.]68[:]55668/bin[.]sh,offline
"146-190-156-187,sh,ua-wget",http[:]//146[.]190[.]156[.]187/bot,offline
"146-190-156-187,sh,ua-wget",http[:]//146[.]190[.]156[.]187/run[.]sh,offline
"32-bit,arm,elf,mirai,Mozi",http[:]//196[.]191[.]137[.]44[:]58201/bin[.]sh,offline
Mozi,http[:]//112[.]248[.]2[.]26[:]58699/i,offline
"32-bit,elf,mips,Mozi",http[:]//115[.]54[.]167[.]76[:]34845/i,offline
"32-bit,elf,mips,Mozi",http[:]//42[.]178[.]212[.]5[:]52315/i,offline
"32-bit,arm,elf,mirai,Mozi",http[:]//1[.]171[.]9[.]127[:]34273/i,offline
"32-bit,arm,elf,mirai,Mozi",http[:]//66[.]212[.]186[.]197[:]40907/i,offline
"32-bit,arm,elf,mirai,Mozi",http[:]//1[.]171[.]9[.]127[:]34273/bin[.]sh,offline
"32-bit,elf,mips,Mozi",http[:]//39[.]74[.]97[.]181[:]45160/i,offline
Mozi,http[:]//115[.]57[.]82[.]47[:]57033/i,offline
"exe,Neshta,opendir",http[:]//91[.]92[.]47[.]41/adobe/rem[.]exe,offline
"exe,opendir",http[:]//91[.]92[.]47[.]41/adobe/adobe[.]exe,offline
"32-bit,arm,elf,mirai,Mozi",http[:]//36[.]69[.]95[.]117[:]55652/bin[.]sh,offline
"32-bit,elf,mips,Mozi",http[:]//42[.]178[.]212[.]5[:]52315/bin[.]sh,offline
"opendir,vbs",http[:]//91[.]92[.]47[.]41/adobe/oke[.]vbs,offline
"exe,Neshta",http[:]//91[.]92[.]47[.]41/adobe/svchost[.]exe,offline
"32-bit,elf,mips,Mozi",http[:]//123[.]11[.]73[.]242[:]59850/i,offline
,https[:]//sxetnavelelaio[.]com/depend/boost[.]zip,offline
" exe, fake-invoice, rar, RU, SmartInstallMaker,AnyDesk",http[:]//ccoffice[.]site/bk[.]jpg,offline
HijackLoader,https[:]//zcalton[.]com/UTODYIBG[.]msi,offline
" exe, fake-invoice, rar, RU, SmartInstallMaker,AnyDesk",http[:]//ccoffice[.]site/pas[.]jpg,offline
" exe, fake-invoice, rar, RU, SmartInstallMaker,AnyDesk",http[:]//ccoffice[.]site/driver[.]jpg,offline
ascii,https[:]//da607p7qeops0oicos80ei7a7rw16fu77[.]oast[.]pro,offline
"c2-monitor-auto,CoinMiner,dropped-by-amadey",http[:]//91[.]92[.]242[.]236/files-129312398/files/file_7af4a49e477043ca[.]exe,offline
ascii,http[:]//da607p7qeops0oicos80jkgmq6xux78ep[.]oast[.]pro,offline
ascii,https[:]//da607p7qeops0oicos80zdoqyj354qpgc[.]oast[.]pro,offline
ascii,http[:]//da607p7qeops0oicos808w8r7kca44pay[.]oast[.]pro,offline
"ClickFix,powershell",http[:]//zcalton[.]com/b2[.]txt,offline
ascii,https[:]//da607p7qeops0oicos80askwo7guquoh3[.]oast[.]pro,offline
"c2-monitor-auto,dropped-by-amadey",http[:]//91[.]92[.]242[.]236/files-129312398/files/file_9b900d7726fb39b2[.]ps1,offline
ascii,http[:]//da607p7qeops0oicos8086a6gfgzm7xoz[.]oast[.]pro,offline
ascii,http[:]//da607p7qeops0oicos80fhfkfssk5nopg[.]oast[.]pro/)</value>,offline
ascii,http[:]//da607p7qeops0oicos80kb76oz16futjt[.]oast[.]pro/)</value>,offline
ascii,http[:]//da607p7qeops0oicos80su3hdjwqh7k7g[.]oast[.]pro/)</value>,offline
ascii,https[:]//da607p7qeops0oicos804chynhqo78j4i[.]oast[.]pro,offline
ascii,http[:]//da607p7qeops0oicos808yaut4niq8oz3[.]oast[.]pro/)</value>,offline
ascii,https[:]//da607p7qeops0oicos80wyd4nngqhcr5b[.]oast[.]pro,offline
ascii,http[:]//da607p7qeops0oicos80bmbjdzbp1qe9s[.]oast[.]pro/)</value>,offline
ascii,http[:]//da607p7qeops0oicos80bzem68iq33tbr[.]oast[.]pro,offline
ascii,http[:]//da607p7qeops0oicos80imkj8fj845rzf[.]oast[.]pro,offline
ascii,http[:]//da607p7qeops0oicos80p8myxf1z1xy37[.]oast[.]pro,offline
ascii,http[:]//da607p7qeops0oicos80k7jqi759gsfs7[.]oast[.]pro,offline
ascii,http[:]//da607p7qeops0oicos804bot8jyjgg5yq[.]oast[.]pro,offline
ascii,http[:]//da607p7qeops0oicos8058a7ziuzrata1[.]oast[.]pro,offline
ascii,http[:]//da607p7qeops0oicos80d9qq4buyop4gd[.]oast[.]pro,offline
ascii,http[:]//da607p7qeops0oicos80qxoynjdjeqzzi[.]oast[.]pro,offline
ascii,http[:]//da607p7qeops0oicos80ufwb5jraf5o7z[.]oast[.]pro,offline
ascii,http[:]//da607p7qeops0oicos80rxcaqdweaei85[.]oast[.]pro,offline
ascii,http[:]//da607p7qeops0oicos80h15akkwbs1gzz[.]oast[.]pro,offline
ascii,http[:]//da607p7qeops0oicos80i1t6m931jzn5x[.]oast[.]pro,offline
ascii,http[:]//da607p7qeops0oicos80ziid7cccxfxjm[.]oast[.]pro,offline
"32-bit,arm,elf,mirai,Mozi",http[:]//66[.]212[.]186[.]197[:]40907/bin[.]sh,offline
Mozi,http[:]//27[.]206[.]151[.]130[:]55378/i,offline
"32-bit,elf,mips,Mozi",http[:]//123[.]11[.]73[.]242[:]59850/bin[.]sh,offline
Mozi,http[:]//112[.]239[.]102[.]112[:]52671/i,offline
"32-bit,elf,mips,Mozi",http[:]//27[.]194[.]210[.]69[:]36579/i,offline
"32-bit,elf,mips,Mozi",http[:]//123[.]10[.]5[.]110[:]33921/i,offline
mirai,http[:]//223[.]10[.]2[.]194[:]47652/i,offline
"32-bit,arm,elf,mirai,Mozi",http[:]//210[.]208[.]110[.]172[:]38919/bin[.]sh,offline
"elf,gafgyt,mips,ua-wget",http[:]//94[.]154[.]43[.]29/m-i[.]p-s[.]exodus,offline
"arm,elf,gafgyt,ua-wget",http[:]//94[.]154[.]43[.]29/p-p[.]c-[.]exodus,offline
"arm,elf,gafgyt,ua-wget",http[:]//94[.]154[.]43[.]29/a-r[.]m-5[.]exodus,offline
"elf,gafgyt,ua-wget,x86",http[:]//94[.]154[.]43[.]29/x-3[.]2-[.]exodus,offline
"elf,gafgyt,ua-wget,x86",http[:]//94[.]154[.]43[.]29/x-8[.]6-[.]exodus,offline
"arm,elf,gafgyt,ua-wget",http[:]//94[.]154[.]43[.]29/m-6[.]8-k[.]exodus,offline
"arm,elf,gafgyt,ua-wget",http[:]//94[.]154[.]43[.]29/a-r[.]m-6[.]exodus,offline
"gafgyt,mirai,sh,ua-wget",http[:]//94[.]154[.]43[.]29/exodus[.]sh,offline
"elf,gafgyt,mips,ua-wget",http[:]//94[.]154[.]43[.]29/m-p[.]s-l[.]exodus,offline
"elf,gafgyt,PowerPC,ua-wget",http[:]//94[.]154[.]43[.]29/a-r[.]m-7[.]exodus,offline
"elf,gafgyt,SuperH,ua-wget",http[:]//94[.]154[.]43[.]29/s-h[.]4-[.]exodus,offline
"arm,elf,gafgyt,ua-wget",http[:]//94[.]154[.]43[.]29/a-r[.]m-4[.]exodus,offline
"elf,gafgyt,m68k,ua-wget",http[:]//94[.]154[.]43[.]29/i-5[.]8-6[.]exodus,offline
"32-bit,arm,elf,mirai,Mozi",http[:]//196[.]191[.]137[.]44[:]58201/i,offline
"32-bit,arm,elf,mirai,Mozi",http[:]//125[.]40[.]46[.]37[:]33777/i,offline
"32-bit,elf,mips,Mozi",http[:]//113[.]239[.]246[.]19[:]33703/i,offline
"32-bit,elf,mips,Mozi",http[:]//177[.]125[.]169[.]218[:]3660/i,offline
"32-bit,elf,mips,Mozi",http[:]//182[.]117[.]27[.]1[:]43612/i,offline
"32-bit,elf,mips,Mozi",http[:]//113[.]239[.]246[.]19[:]33703/bin[.]sh,offline
"32-bit,elf,mips,Mozi",http[:]//177[.]125[.]169[.]218[:]3660/bin[.]sh,offline
"32-bit,elf,mips,Mozi",http[:]//123[.]12[.]16[.]52[:]47341/i,offline
"32-bit,elf,mips,Mozi",http[:]//123[.]12[.]16[.]52[:]47341/bin[.]sh,offline
"32-bit,elf,mips,Mozi",http[:]//112[.]238[.]158[.]171[:]42394/i,offline
"32-bit,elf,mips,Mozi",http[:]//182[.]117[.]27[.]1[:]43612/bin[.]sh,offline
"32-bit,arm,elf,mirai,Mozi",http[:]//196[.]188[.]81[.]68[:]46836/bin[.]sh,offline
"32-bit,elf,mips,Mozi",http[:]//182[.]124[.]192[.]178[:]42280/i,offline
"32-bit,elf,mips,Mozi",http[:]//42[.]55[.]19[.]113[:]35892/i,offline
"32-bit,elf,mips,Mozi",http[:]//42[.]55[.]19[.]113[:]35892/bin[.]sh,offline
"32-bit,elf,mips,Mozi",http[:]//182[.]124[.]192[.]178[:]42280/bin[.]sh,offline
"32-bit,elf,mips,Mozi",http[:]//182[.]113[.]27[.]5[:]44076/i,offline
"54e64e,dropped-by-amadey,OverlordRAT",http[:]//91[.]92[.]242[.]236/files-129312398/files/file_47bd5a894059e297[.]exe,offline
"32-bit,elf,mips,Mozi",http[:]//182[.]113[.]27[.]5[:]44076/bin[.]sh,offline
"32-bit,elf,mips,Mozi",http[:]//42[.]178[.]115[.]36[:]56247/i,offline
"bfb0a3f6f1cf192aeb7a1b73b3d77954,dropped-by-remus",https[:]//muaklekcoop[.]com/js/InstallWizard[.]exe,offline
"32-bit,arm,elf,mirai,Mozi",http[:]//171[.]114[.]230[.]183[:]49391/i,offline
"elf,mirai,PowerPC,ua-wget",http[:]//104[.]168[.]4[.]206/giggappc,online
"arm,elf,mirai,ua-wget",http[:]//104[.]168[.]4[.]206/kkk[.]arm6,online
"mirai,sh,ua-wget",http[:]//104[.]168[.]4[.]206/sshd,online
"arm,elf,mirai,ua-wget",http[:]//104[.]168[.]4[.]206/kkk[.]arm7,online
"elf,mirai,ua-wget,x86",http[:]//104[.]168[.]4[.]206/chrome,online
"arm,elf,mirai,ua-wget",http[:]//104[.]168[.]4[.]206/kkk[.]arm5,online
"elf,mips,mirai,ua-wget",http[:]//104[.]168[.]4[.]206/dips,online
"arm,elf,mirai,ua-wget",http[:]//104[.]168[.]4[.]206/kkk[.]arm4,online
"elf,mips,mirai,ua-wget",http[:]//104[.]168[.]4[.]206/dipndots,online
"32-bit,elf,mips,Mozi",http[:]//59[.]96[.]143[.]190[:]39217/i,offline
"32-bit,elf,mips,Mozi",http[:]//42[.]178[.]115[.]36[:]56247/bin[.]sh,offline
"arm,elf,mirai,ua-wget",http[:]//104[.]168[.]4[.]206/kkk[.]arm7k,online
"elf,mips,mirai,ua-wget",http[:]//104[.]168[.]4[.]206/dipndotsk,online
"32-bit,elf,mips,Mozi",http[:]//123[.]12[.]42[.]147[:]60641/i,offline
"32-bit,elf,mips,Mozi",http[:]//123[.]12[.]42[.]147[:]60641/bin[.]sh,offline
"32-bit,elf,mips,Mozi",http[:]//112[.]93[.]137[.]230[:]51284/i,offline
"32-bit,elf,mips,Mozi",http[:]//182[.]119[.]225[.]171[:]43881/i,offline
mirai,http[:]//110[.]186[.]230[.]69[:]47843/bin[.]sh,offline
"32-bit,elf,mips,Mozi",http[:]//182[.]119[.]225[.]171[:]43881/bin[.]sh,offline
"32-bit,elf,mips,Mozi",http[:]//27[.]202[.]243[.]181[:]48929/i,offline
"32-bit,elf,mips,Mozi",http[:]//27[.]202[.]243[.]181[:]48929/bin[.]sh,offline
"32-bit,arm,elf,mirai,Mozi",http[:]//27[.]222[.]48[.]192[:]43573/i,offline
"32-bit,elf,mips,Mozi",http[:]//163[.]142[.]93[.]139[:]40959/i,offline
,http[:]//113[.]228[.]254[.]228[:]59701/i,offline
"32-bit,elf,mips,Mozi",http[:]//112[.]248[.]142[.]44[:]32773/i,offline
"32-bit,elf,mips,Mozi",http[:]//59[.]96[.]143[.]190[:]39217/bin[.]sh,offline
Mozi,http[:]//182[.]127[.]109[.]97[:]40474/i,offline
Mozi,http[:]//103[.]157[.]210[.]26[:]37655/i,offline
,http[:]//113[.]228[.]254[.]228[:]59701/bin[.]sh,offline
"32-bit,elf,mips,Mozi",http[:]//42[.]7[.]150[.]192[:]54189/bin[.]sh,offline
"32-bit,elf,mips,Mozi",http[:]//112[.]248[.]142[.]44[:]32773/bin[.]sh,offline
"32-bit,arm,elf,mirai,Mozi",http[:]//175[.]0[.]60[.]188[:]40182/bin[.]sh,offline
mirai,http[:]//182[.]34[.]62[.]251[:]59959/i,offline
"32-bit,elf,mips,Mozi",http[:]//42[.]4[.]17[.]29[:]54916/bin[.]sh,offline
Mozi,http[:]//182[.]126[.]82[.]125[:]50246/i,offline
"32-bit,elf,mips,Mozi",http[:]//47[.]215[.]224[.]64[:]33429/i,offline
"32-bit,elf,mips,Mozi",http[:]//123[.]189[.]21[.]206[:]51805/i,offline
"32-bit,elf,mips,Mozi",http[:]//219[.]155[.]105[.]77[:]56220/i,offline
"32-bit,arm,elf,mirai,Mozi",http[:]//157[.]66[.]146[.]183[:]33678/i,offline
"32-bit,elf,mips,Mozi",http[:]//123[.]189[.]21[.]206[:]51805/bin[.]sh,offline
"32-bit,elf,mips,Mozi",http[:]//219[.]155[.]105[.]77[:]56220/bin[.]sh,offline
"32-bit,arm,elf,mirai,Mozi",http[:]//157[.]66[.]146[.]183[:]33678/bin[.]sh,offline
"32-bit,arm,elf,mirai,Mozi",http[:]//27[.]222[.]48[.]192[:]43573/bin[.]sh,offline
"32-bit,elf,mips,Mozi",http[:]//42[.]224[.]29[.]91[:]43741/i,offline
"32-bit,elf,mips,Mozi",http[:]//182[.]116[.]35[.]246[:]42450/i,offline
"32-bit,elf,mips,Mozi",http[:]//42[.]224[.]29[.]91[:]43741/bin[.]sh,offline
"84-54-33-215-8080,ua-wget",http[:]//84[.]54[.]33[.]215[:]8080/Payroll_statement[.]pdf[.]pdf,offline
"84-54-33-215-8080,ua-wget",http[:]//84[.]54[.]33[.]215[:]8080/Invoice[.]zip,offline
"84-54-33-215-8080,lnk,ua-wget",http[:]//84[.]54[.]33[.]215[:]8080/Invoice[.]lnk,offline
"84-54-33-215-8080,powershell,ua-wget",http[:]//84[.]54[.]33[.]215[:]8080/Invoice[.]ps1,offline
"84-54-33-215-8080,python,ua-wget",http[:]//84[.]54[.]33[.]215[:]8080/main[.]py,offline
"176-65-139-202,mirai,sh,ua-wget",http[:]//176[.]65[.]139[.]202/tplinkrouter[.]sh,offline
"176-65-139-202,mirai,sh,ua-wget",http[:]//176[.]65[.]139[.]202/totolink[.]sh,offline
"32-bit,arm,elf,mirai,Mozi",http[:]//182[.]90[.]186[.]25[:]54136/bin[.]sh,offline
"32-bit,elf,mips,Mozi",http[:]//182[.]116[.]35[.]246[:]42450/bin[.]sh,offline
"32-bit,elf,mips,Mozi",http[:]//115[.]53[.]200[.]242[:]58837/i,offline
"32-bit,elf,mips,Mozi",http[:]//42[.]7[.]150[.]192[:]54189/i,offline
,http[:]//42[.]228[.]104[.]73[:]32923/i,offline
,http[:]//42[.]228[.]104[.]73[:]32923/bin[.]sh,offline
"176-65-139-139,elf,mirai,ua-wget",http[:]//176[.]65[.]139[.]139/arm,offline
"176-65-139-139,elf,mirai,ua-wget",http[:]//176[.]65[.]139[.]139/arc,offline
"176-65-139-139,elf,mirai,ua-wget",http[:]//176[.]65[.]139[.]139/arm5,offline
"176-65-139-139,sh,ua-wget",http[:]//176[.]65[.]139[.]139/t[.]sh,offline
"217-60-195-219,bat,QuasarRAT,ua-wget",http[:]//217[.]60[.]195[.]219/boss/boss[.]bat,online
"217-60-195-219,ua-wget",http[:]//217[.]60[.]195[.]219/boss/pure[.]dat,online
"94-154-43-89-8888,elf,mirai,ua-wget",http[:]//94[.]154[.]43[.]89[:]8888/f9d3a7c2/bot_arm,offline
"45-88-186-201,exe,ua-wget",http[:]//45[.]88[.]186[.]201/setup[.]exe,offline
"32-bit,elf,mips,Mozi",http[:]//115[.]57[.]16[.]71[:]56706/i,offline
"139-59-240-15,elf,ua-wget",https[:]//139[.]59[.]240[.]15/kworker,offline
"32-bit,elf,mips,Mozi",http[:]//125[.]44[.]220[.]239[:]56935/i,offline
"32-bit,elf,mips,Mozi",http[:]//42[.]228[.]46[.]70[:]60400/i,offline
"32-bit,elf,mips,Mozi",http[:]//115[.]57[.]16[.]71[:]56706/bin[.]sh,offline
"32-bit,elf,mips,Mozi",http[:]//119[.]117[.]252[.]99[:]43457/i,offline
"32-bit,elf,mips,Mozi",http[:]//119[.]117[.]252[.]99[:]43457/bin[.]sh,offline
"32-bit,elf,mips,Mozi",http[:]//125[.]44[.]220[.]239[:]56935/bin[.]sh,offline
"32-bit,elf,mips,Mozi",http[:]//42[.]228[.]46[.]70[:]60400/bin[.]sh,offline
"32-bit,elf,mips,Mozi",http[:]//175[.]165[.]122[.]113[:]34835/i,offline
"32-bit,elf,mips,Mozi",http[:]//115[.]50[.]34[.]46[:]47112/bin[.]sh,offline
"32-bit,elf,mips,Mozi",http[:]//175[.]165[.]122[.]113[:]34835/bin[.]sh,offline
Mozi,http[:]//42[.]224[.]96[.]245[:]56165/i,offline
"32-bit,elf,mips,Mozi",http[:]//61[.]53[.]132[.]103[:]47751/i,offline
Mozi,http[:]//125[.]44[.]220[.]243[:]39647/i,offline
"32-bit,elf,mips,Mozi",http[:]//176[.]77[.]51[.]48[:]28807/bin[.]sh,offline
Mozi,http[:]//125[.]44[.]220[.]243[:]39647/bin[.]sh,offline
"32-bit,elf,mips,Mozi",http[:]//221[.]15[.]190[.]91[:]52122/i,offline
"32-bit,arm,elf,mirai,Mozi",http[:]//105[.]184[.]150[.]73[:]43923/i,offline
"32-bit,elf,mips,Mozi",http[:]//218[.]59[.]108[.]201[:]48468/bin[.]sh,offline
Mozi,http[:]//125[.]44[.]254[.]60[:]50850/i,offline
Mozi,http[:]//182[.]120[.]165[.]195[:]34416/i,offline
"32-bit,elf,mips,Mozi",http[:]//221[.]15[.]190[.]91[:]52122/bin[.]sh,offline
,https[:]//triapfog[.]com/security/c8ppwoye50,offline
,https[:]//imagehopeag[.]com/hex/traffic,offline
"c2-monitor-auto,dropped-by-amadey",http[:]//91[.]92[.]242[.]236/files-129312398/files/file_7a330d043d2a8b77[.]ps1,offline
"c2-monitor-auto,dropped-by-amadey",http[:]//91[.]92[.]242[.]236/files-129312398/files/file_ba3c4b02363471d3[.]exe,offline
"32-bit,arm,elf,mirai,Mozi",http[:]//103[.]172[.]186[.]170[:]58973/i,offline
,http[:]//115[.]49[.]74[.]183[:]49746/i,offline
"32-bit,arm,elf,mirai,Mozi",http[:]//112[.]254[.]154[.]168[:]51093/bin[.]sh,offline
Mozi,http[:]//182[.]120[.]165[.]195[:]34416/bin[.]sh,offline
ascii,http[:]//da607p7qeops0oicos80mf6ex4bct8mq7[.]oast[.]pro,offline
ascii,http[:]//da607p7qeops0oicos80pgbe49rhqe6zm[.]oast[.]pro,offline
ascii,http[:]//da607p7qeops0oicos80wrfem8nncpm6k[.]oast[.]pro,offline
ascii,http[:]//da607p7qeops0oicos80whspapbtb55bf[.]oast[.]pro,offline
ascii,http[:]//da607p7qeops0oicos803z5jxuyazd9cf[.]oast[.]pro,offline
"32-bit,arm,elf,mirai,Mozi",http[:]//27[.]204[.]233[.]157[:]38056/i,offline
,https[:]//cloudsenterprise26[.]com/skjsadfi123uv12/,offline
ascii,http[:]//da607p7qeops0oicos80wae4nzzbg1fpw[.]oast[.]pro,offline
ascii,http[:]//da607p7qeops0oicos80bcnn9sqy8tcrp[.]oast[.]pro,offline
ascii,http[:]//da607p7qeops0oicos80m79ahhsf7tato[.]oast[.]pro,offline
ascii,http[:]//da607p7qeops0oicos80qj6rk51m5os5b[.]oast[.]pro,offline
ascii,http[:]//da607p7qeops0oicos80563k3418nwt3a[.]oast[.]pro,offline
"c2-monitor-auto,dropped-by-amadey",http[:]//91[.]92[.]242[.]236/files-129312398/files/file_d27852ce3dbc58e5[.]ps1,offline
,http[:]//120[.]84[.]213[.]174[:]44835/i,offline
"32-bit,arm,elf,mirai,Mozi",http[:]//27[.]204[.]233[.]157[:]38056/bin[.]sh,offline
"32-bit,elf,mips,Mozi",http[:]//120[.]57[.]126[.]32[:]57417/i,offline
Mozi,http[:]//221[.]15[.]11[.]81[:]57639/bin[.]sh,offline
mirai,http[:]//101[.]17[.]194[.]207[:]57975/i,offline
"32-bit,elf,mips,Mozi",http[:]//119[.]118[.]34[.]3[:]36309/i,offline
Mozi,http[:]//27[.]206[.]185[.]202[:]40429/i,offline
"32-bit,elf,mips,Mozi",http[:]//120[.]57[.]126[.]32[:]57417/bin[.]sh,offline
mirai,http[:]//101[.]17[.]194[.]207[:]57975/bin[.]sh,offline
"connectwise,screenconnect",https[:]//nwlansing[.]screenconnect[.]com/Bin/ScreenConnect[.]ClientSetup[.]msi?e=Access&y=Guest,offline
"connectwise,screenconnect",https[:]//students16[.]screenconnect[.]com/Bin/ScreenConnect[.]ClientSetup[.]exe?e=Access&y=Guest&t=plgghghg,online
mirai,http[:]//196[.]188[.]141[.]17[:]35121/i,offline
"c2-monitor-auto,dropped-by-amadey",http[:]//91[.]92[.]242[.]236/files-129312398/files/file_28ae045da50f3847[.]exe,offline
"c2-monitor-auto,dropped-by-amadey",http[:]//91[.]92[.]242[.]236/files-129312398/files/file_def37db2c5087baa[.]exe,offline
ascii,http[:]//da607p7qeops0oicos80csyqn3qr34bng[.]oast[.]pro,offline
ascii,http[:]//da607p7qeops0oicos80op5q3wteyqiqs[.]oast[.]pro,offline
ascii,http[:]//da607p7qeops0oicos80kghtf8aundm5w[.]oast[.]pro,offline
ascii,http[:]//da607p7qeops0oicos803a4s665bsxdcb[.]oast[.]pro,offline
ascii,http[:]//da607p7qeops0oicos80yyk1xp4wk7n6u[.]oast[.]pro,offline
ascii,http[:]//da607p7qeops0oicos80oohdbtg6cxatn[.]oast[.]pro,offline
ascii,http[:]//da607p7qeops0oicos80u7zugihj9iuei[.]oast[.]pro,offline
"c2-monitor-auto,dropped-by-amadey",http[:]//91[.]92[.]242[.]236/files-129312398/files/file_83a2a92978b8b2a2[.]exe,offline
ascii,http[:]//da607p7qeops0oicos807o8rf1z9w6dtw[.]oast[.]pro,offline
ascii,http[:]//da607p7qeops0oicos80ruty19gsspa3j[.]oast[.]pro,offline
ascii,http[:]//da607p7qeops0oicos80mgwf6po4sdzdx[.]oast[.]pro,offline
,http[:]//196[.]251[.]107[.]186/clpmem[.]exe,offline
"32-bit,elf,mips,Mozi",http[:]//119[.]118[.]34[.]3[:]36309/bin[.]sh,offline
Mozi,http[:]//27[.]206[.]185[.]202[:]40429/bin[.]sh,offline
"censys,elf,mirai,ua-wget",http[:]//103[.]161[.]17[.]92/bins/mips,offline
"censys,elf,mirai,ua-wget",http[:]//103[.]161[.]17[.]92/bins/arm6,offline
"censys,elf,mirai,ua-wget",http[:]//103[.]161[.]17[.]92/bins/ppc,offline
"censys,elf,mirai,ua-wget",http[:]//103[.]161[.]17[.]92/bins/x86_64,offline
"censys,elf,mirai,ua-wget",http[:]//103[.]161[.]17[.]92/bins/i686,offline
"censys,elf,ua-wget",http[:]//103[.]161[.]17[.]92/bins/musl,offline
"censys,elf,mirai,ua-wget",http[:]//103[.]161[.]17[.]92/bins/x86,offline
"censys,elf,mirai,ua-wget",http[:]//103[.]161[.]17[.]92/bins/sh4,offline
"censys,elf,mirai,ua-wget",http[:]//103[.]161[.]17[.]92/bins/mpsl,offline
"censys,elf,mirai,ua-wget",http[:]//103[.]161[.]17[.]92/bins/m68k,offline
"censys,elf,mirai,ua-wget",http[:]//103[.]161[.]17[.]92/bins/arm7,offline
"censys,elf,mirai,ua-wget",http[:]//103[.]161[.]17[.]92/bins/spc,offline
"censys,elf,mirai,ua-wget",http[:]//103[.]161[.]17[.]92/bins/arm,offline
"censys,elf,mirai,ua-wget",http[:]//103[.]161[.]17[.]92/bins/arm5,offline
"32-bit,elf,mips,Mozi",http[:]//42[.]239[.]150[.]53[:]53181/i,offline
"32-bit,elf,mips,Mozi",http[:]//42[.]239[.]150[.]53[:]53181/bin[.]sh,offline
ua-wget,http[:]//5[.]182[.]210[.]174/a1dd0f,offline
ua-wget,http[:]//5[.]182[.]210[.]174/695814,offline
ua-wget,http[:]//5[.]182[.]210[.]174/f81791,offline
ua-wget,http[:]//5[.]182[.]210[.]174/e37793,offline
ua-wget,http[:]//5[.]182[.]210[.]174/f95e82,offline
ua-wget,http[:]//5[.]182[.]210[.]174/93779b,offline
ua-wget,http[:]//5[.]182[.]210[.]174/0f798b,offline
ua-wget,http[:]//5[.]182[.]210[.]174/df9369,offline
ua-wget,http[:]//5[.]182[.]210[.]174/3d923d,offline
ua-wget,http[:]//5[.]182[.]210[.]174/948e52,offline
ua-wget,http[:]//5[.]182[.]210[.]174/7616cc,offline
ua-wget,http[:]//5[.]182[.]210[.]174/ece1eb,offline
ua-wget,http[:]//5[.]182[.]210[.]174/70d90a,offline
ua-wget,http[:]//5[.]182[.]210[.]174/172acf,offline
ua-wget,http[:]//5[.]182[.]210[.]174/4b4463,offline
ua-wget,http[:]//5[.]182[.]210[.]174/80de26,offline
ua-wget,http[:]//5[.]182[.]210[.]174/dd765c,offline
ua-wget,http[:]//5[.]182[.]210[.]174/31cc29,offline
ua-wget,http[:]//5[.]182[.]210[.]174/6d91a8,offline
ua-wget,http[:]//5[.]182[.]210[.]174/0f8788,offline
ua-wget,http[:]//5[.]182[.]210[.]174/e86d15,offline
ua-wget,http[:]//5[.]182[.]210[.]174/8d848a,offline
ua-wget,http[:]//5[.]182[.]210[.]174/7e3c43,offline
ua-wget,http[:]//5[.]182[.]210[.]174/9c9b86,offline
ua-wget,http[:]//5[.]182[.]210[.]174/c1f86d,offline
ua-wget,http[:]//5[.]182[.]210[.]174/dcf6e6,offline
ua-wget,http[:]//5[.]182[.]210[.]174/0950fc,offline
ua-wget,http[:]//5[.]182[.]210[.]174/7bd475,offline
ua-wget,http[:]//5[.]182[.]210[.]174/f18be5,offline
ua-wget,http[:]//5[.]182[.]210[.]174/ecdaae,offline
ua-wget,http[:]//5[.]182[.]210[.]174/87e848,offline
ua-wget,http[:]//5[.]182[.]210[.]174/5ba42b,offline
ua-wget,http[:]//5[.]182[.]210[.]174/c17f7f,offline
ua-wget,http[:]//5[.]182[.]210[.]174/cf9fba,offline
ua-wget,http[:]//5[.]182[.]210[.]174/55e9c6,offline
ua-wget,http[:]//5[.]182[.]210[.]174/9c9c3f,offline
ua-wget,http[:]//5[.]182[.]210[.]174/d69836,offline
ua-wget,http[:]//5[.]182[.]210[.]174/d799da,offline
ua-wget,http[:]//5[.]182[.]210[.]174/01d9da,offline
ua-wget,http[:]//5[.]182[.]210[.]174/8bb61f,offline
ua-wget,http[:]//5[.]182[.]210[.]174/cb4d97,offline
ua-wget,http[:]//5[.]182[.]210[.]174/375de5,offline
ua-wget,http[:]//5[.]182[.]210[.]174/9dc6cf,offline
ua-wget,http[:]//5[.]182[.]210[.]174/07c0df,offline
ua-wget,http[:]//5[.]182[.]210[.]174/77be00,offline
ua-wget,http[:]//5[.]182[.]210[.]174/ea884a,offline
ua-wget,http[:]//5[.]182[.]210[.]174/460081,offline
ua-wget,http[:]//5[.]182[.]210[.]174/2e95b1,offline
ua-wget,http[:]//5[.]182[.]210[.]174/973c93,offline
ua-wget,http[:]//5[.]182[.]210[.]174/f4cf83,offline
ua-wget,http[:]//5[.]182[.]210[.]174/98b74b,offline
ua-wget,http[:]//5[.]182[.]210[.]174/018391,offline
ua-wget,http[:]//5[.]182[.]210[.]174/8777eb,offline
ua-wget,http[:]//5[.]182[.]210[.]174/3d44b0,offline
ua-wget,http[:]//5[.]182[.]210[.]174/544c67,offline
ua-wget,http[:]//5[.]182[.]210[.]174/1f8f91,offline
ua-wget,http[:]//5[.]182[.]210[.]174/f2a73f,offline
ua-wget,http[:]//5[.]182[.]210[.]174/e9f1be,offline
ua-wget,http[:]//5[.]182[.]210[.]174/45eaba,offline
ua-wget,http[:]//5[.]182[.]210[.]174/fd0af6,offline
ua-wget,http[:]//5[.]182[.]210[.]174/eb0dd6,offline
ua-wget,http[:]//5[.]182[.]210[.]174/35d27a,offline
ua-wget,http[:]//5[.]182[.]210[.]174/ce52a6,offline
ua-wget,http[:]//5[.]182[.]210[.]174/efcd2d,offline
ua-wget,http[:]//5[.]182[.]210[.]174/c93345,offline
ua-wget,http[:]//5[.]182[.]210[.]174/191fb3,offline
ua-wget,http[:]//5[.]182[.]210[.]174/88c40a,offline
ua-wget,http[:]//5[.]182[.]210[.]174/2c2aa6,offline
ua-wget,http[:]//5[.]182[.]210[.]174/71e32a,offline
ua-wget,http[:]//5[.]182[.]210[.]174/b646e0,offline
ua-wget,http[:]//5[.]182[.]210[.]174/fc264e,offline
"32-bit,arm,elf,mirai,Mozi",http[:]//210[.]208[.]106[.]68[:]55668/i,offline
"32-bit,elf,mips,Mozi",http[:]//182[.]113[.]42[.]197[:]42211/i,offline
"32-bit,arm,elf,mirai,Mozi",http[:]//110[.]186[.]230[.]69[:]47843/i,offline
"32-bit,arm,elf,mirai,Mozi",http[:]//117[.]26[.]82[.]102[:]41542/bin[.]sh,offline
"32-bit,arm,elf,mirai,Mozi",http[:]//182[.]120[.]32[.]245[:]47591/i,offline
"32-bit,elf,mips,Mozi",http[:]//221[.]15[.]11[.]81[:]57639/i,offline
"elf,mips,mirai,ua-wget",http[:]//45[.]198[.]224[.]131/kushnet[.]mipsel,online
Mozi,http[:]//123[.]14[.]188[.]118[:]56896/i,offline
Mozi,http[:]//123[.]14[.]188[.]118[:]56896/bin[.]sh,offline
"32-bit,elf,mips,Mozi",http[:]//49[.]73[.]228[.]85[:]3588/i,offline
"32-bit,elf,mips,Mozi",http[:]//182[.]122[.]236[.]126[:]50187/i,offline
,http[:]//175[.]172[.]170[.]120[:]34056/i,offline
"32-bit,elf,mips,Mozi",http[:]//85[.]108[.]86[.]221[:]50272/i,offline
"54e64e,dropped-by-amadey",http[:]//91[.]92[.]242[.]236/files-129312398/files/file_c598446d103f1138[.]exe,offline
,http[:]//175[.]172[.]170[.]120[:]34056/bin[.]sh,offline
"32-bit,elf,mips,Mozi",http[:]//123[.]189[.]151[.]32[:]39869/i,offline
"32-bit,elf,mips,Mozi",http[:]//182[.]122[.]236[.]126[:]50187/bin[.]sh,offline
mirai,http[:]//185[.]9[.]139[.]117[:]50595/i,offline
,http[:]//42[.]55[.]12[.]60[:]50944/i,offline
,http[:]//42[.]177[.]102[.]201[:]45262/i,offline
,http[:]//176[.]77[.]51[.]48[:]28807/i,offline
Mozi,http[:]//115[.]53[.]200[.]242[:]58837/bin[.]sh,offline
,http[:]//112[.]93[.]136[.]173[:]45735/i,offline
Mozi,http[:]//182[.]113[.]43[.]212[:]57854/i,offline
,http[:]//116[.]15[.]188[.]27[:]35858/i,offline
,http[:]//116[.]15[.]188[.]27[:]35858/bin[.]sh,offline
,http[:]//115[.]49[.]67[.]14[:]42799/bin[.]sh,offline
,http[:]//115[.]49[.]67[.]14[:]42799/i,offline
mirai,http[:]//216[.]249[.]4[.]20[:]46827/i,offline
,http[:]//175[.]172[.]9[.]203[:]35384/i,offline
Mozi,http[:]//182[.]120[.]138[.]14[:]53227/i,offline
,http[:]//89[.]189[.]181[.]54[:]45438/i,offline
mirai,http[:]//59[.]58[.]115[.]150[:]34302/bin[.]sh,offline
Mozi,http[:]//176[.]106[.]241[.]72[:]39541/bin[.]sh,online
,http[:]//175[.]148[.]159[.]144[:]55955/i,offline
mirai,http[:]//61[.]52[.]41[.]31[:]41949/i,offline
,http[:]//123[.]188[.]94[.]210[:]49613/bin[.]sh,offline
Mozi,http[:]//222[.]140[.]180[.]120[:]55337/i,offline
Mozi,http[:]//123[.]8[.]88[.]188[:]59140/i,offline
Mozi,http[:]//115[.]50[.]34[.]46[:]47112/i,offline
Mozi,http[:]//115[.]48[.]149[.]220[:]51784/i,offline
Mozi,http[:]//27[.]207[.]231[.]26[:]40476/i,offline
Mozi,http[:]//182[.]124[.]169[.]132[:]47416/bin[.]sh,offline
Mozi,http[:]//83[.]219[.]1[.]198[:]34396/bin[.]sh,offline
Mozi,http[:]//182[.]122[.]192[.]201[:]51447/bin[.]sh,offline
mirai,http[:]//105[.]225[.]46[.]27[:]54563/i,offline
mirai,http[:]//210[.]208[.]110[.]42[:]56136/i,offline
mirai,http[:]//42[.]242[.]128[.]7[:]35557/bin[.]sh,offline
mirai,http[:]//210[.]208[.]110[.]4[:]52722/i,offline
Mozi,http[:]//222[.]140[.]180[.]120[:]55337/bin[.]sh,offline
Mozi,http[:]//182[.]124[.]169[.]132[:]47416/i,offline
mirai,http[:]//222[.]142[.]94[.]134[:]41053/i,offline
Mozi,http[:]//115[.]49[.]112[.]103[:]46437/i,offline
mirai,http[:]//210[.]208[.]111[.]234[:]49160/i,offline
mirai,http[:]//221[.]200[.]113[.]178[:]44855/i,offline
mirai,http[:]//105[.]225[.]46[.]27[:]54563/bin[.]sh,offline
,http[:]//175[.]175[.]56[.]87[:]34688/i,offline
mirai,http[:]//59[.]58[.]115[.]150[:]34302/i,offline
Mozi,http[:]//218[.]59[.]108[.]201[:]48468/i,offline
mirai,http[:]//27[.]219[.]119[.]136[:]59026/bin[.]sh,offline
Mozi,http[:]//27[.]220[.]83[.]105[:]42030/i,offline
,http[:]//78[.]25[.]157[.]124[:]39654/i,offline
Mozi,http[:]//123[.]12[.]25[.]163[:]60566/i,offline
Mozi,http[:]//182[.]121[.]173[.]152[:]59590/bin[.]sh,offline
mirai,http[:]//216[.]249[.]4[.]20[:]46827/bin[.]sh,offline
mirai,http[:]//113[.]232[.]254[.]209[:]49853/bin[.]sh,offline
,http[:]//89[.]189[.]181[.]54[:]45438/bin[.]sh,offline
Mozi,http[:]//182[.]120[.]138[.]14[:]53227/bin[.]sh,offline
Mozi,http[:]//219[.]157[.]182[.]229[:]47636/i,offline
Mozi,http[:]//39[.]87[.]22[.]232[:]59699/i,offline
,http[:]//175[.]173[.]60[.]37[:]49335/bin[.]sh,offline
mirai,http[:]//120[.]28[.]161[.]11[:]40866/bin[.]sh,offline
Mozi,http[:]//123[.]8[.]88[.]188[:]59140/bin[.]sh,offline
mirai,http[:]//210[.]208[.]111[.]234[:]49160/bin[.]sh,offline
Mozi,http[:]//188[.]16[.]85[.]54[:]34815/bin[.]sh,offline
Mozi,http[:]//188[.]16[.]85[.]54[:]34815/i,offline
,http[:]//42[.]53[.]55[.]170[:]47643/bin[.]sh,offline
Mozi,http[:]//39[.]77[.]48[.]16[:]34314/bin[.]sh,offline
Mozi,http[:]//27[.]220[.]83[.]105[:]42030/bin[.]sh,offline
,http[:]//65[.]99[.]181[.]12[:]49304/Mozi[.]m,online
,http[:]//125[.]47[.]57[.]174[:]55298/i,offline
,http[:]//61[.]53[.]88[.]222[:]46799/i,offline
,http[:]//115[.]50[.]7[.]207[:]33663/i,offline
"32-bit,elf,mips,Mozi",http[:]//123[.]189[.]151[.]32[:]39869/bin[.]sh,offline
"32-bit,elf,mips,Mozi",http[:]//113[.]239[.]243[.]195[:]60941/i,offline
mirai,http[:]//36[.]88[.]136[.]194[:]59841/i,offline
"32-bit,elf,mips,Mozi",http[:]//113[.]239[.]243[.]195[:]60941/bin[.]sh,offline
"32-bit,elf,mips,Mozi",http[:]//42[.]228[.]91[.]22[:]38538/i,offline
"32-bit,arm,elf,mirai,Mozi",http[:]//105[.]224[.]244[.]218[:]59145/bin[.]sh,offline
"32-bit,arm,elf,mirai,Mozi",http[:]//183[.]151[.]113[.]187[:]48908/i,offline
,http[:]//222[.]141[.]40[.]165[:]47875/i,offline
"32-bit,elf,mips,Mozi",http[:]//42[.]238[.]244[.]17[:]47417/i,offline
"32-bit,elf,mips,Mozi",http[:]//123[.]9[.]126[.]171[:]41342/i,offline
,http[:]//222[.]141[.]40[.]165[:]47875/bin[.]sh,offline
mirai,http[:]//196[.]189[.]3[.]1[:]51410/i,offline
"elf,iot,Mozi",http[:]//80[.]83[.]230[.]144[:]53523/Mozi[.]m,offline
"c2-monitor-auto,dropped-by-amadey",http[:]//91[.]92[.]242[.]236/files-129312398/files/file_44ef7cc8421220d0[.]exe,offline
"elf,iot",http[:]//150[.]241[.]65[.]250[:]67/dp[.]sh,offline
"c2-monitor-auto,CoinMiner,dropped-by-amadey",http[:]//91[.]92[.]242[.]236/files-129312398/files/file_865d4f3e8fa37c05[.]exe,offline
"ClickFix,powershell",https[:]//cdn[.]jsdelivr[.]net/gh/payphone-blip/gd65h7gfd9834/34jtg8sp7,offline
"cowrie,honeypot",http[:]//77[.]239[.]124[.]108/atomic/main_arm7,offline
mirai,http[:]//196[.]189[.]3[.]1[:]51410/bin[.]sh,offline
Mozi,http[:]//123[.]14[.]32[.]199[:]49971/i,offline
"32-bit,elf,mips,Mozi",http[:]//115[.]49[.]6[.]248[:]33966/bin[.]sh,offline
,http[:]//113[.]228[.]140[.]10[:]33110/bin[.]sh,offline
"32-bit,elf,mips,Mozi",http[:]//42[.]238[.]244[.]17[:]47417/bin[.]sh,offline
"32-bit,arm,elf,mirai,Mozi",http[:]//36[.]69[.]95[.]117[:]55652/i,offline
"32-bit,elf,mips,Mozi",http[:]//42[.]236[.]222[.]173[:]59854/i,offline
"32-bit,elf,mips,Mozi",http[:]//27[.]204[.]195[.]233[:]38896/i,offline
"32-bit,elf,mips,Mozi",http[:]//27[.]44[.]145[.]75[:]51284/i,offline
"32-bit,elf,mips,Mozi",http[:]//219[.]156[.]115[.]142[:]56363/i,offline
"32-bit,elf,mips,Mozi",http[:]//193[.]31[.]201[.]20[:]41118/i,offline
"32-bit,elf,mips,Mozi",http[:]//96[.]245[.]232[.]186[:]44492/i,offline
"32-bit,elf,mips,Mozi",http[:]//219[.]156[.]115[.]142[:]56363/bin[.]sh,offline
Mozi,http[:]//123[.]14[.]32[.]199[:]49971/bin[.]sh,offline
"32-bit,arm,elf,mirai,Mozi",http[:]//180[.]190[.]202[.]146[:]33639/i,offline
"32-bit,elf,mips,Mozi",http[:]//115[.]63[.]245[.]15[:]43804/i,offline
"32-bit,elf,mips,Mozi",http[:]//123[.]5[.]126[.]253[:]47935/i,offline
Mozi,http[:]//115[.]63[.]245[.]15[:]43804/bin[.]sh,offline
"32-bit,elf,mips,Mozi",http[:]//46[.]236[.]65[.]160[:]41635/bin[.]sh,offline
"32-bit,elf,mips,Mozi",http[:]//123[.]5[.]126[.]253[:]47935/bin[.]sh,offline
Mozi,http[:]//61[.]52[.]156[.]240[:]45646/i,offline
Mozi,http[:]//61[.]53[.]74[.]116[:]56778/bin[.]sh,offline
"32-bit,arm,elf,mirai,Mozi",http[:]//210[.]208[.]110[.]147[:]41851/i,offline
,http[:]//42[.]230[.]40[.]70[:]54217/i,offline
"32-bit,arm,elf,mirai,Mozi",http[:]//210[.]208[.]110[.]147[:]41851/bin[.]sh,offline
"32-bit,elf,mips,Mozi",http[:]//120[.]57[.]123[.]42[:]57417/bin[.]sh,offline
"32-bit,arm,elf,mirai,Mozi",http[:]//182[.]90[.]186[.]25[:]54136/i,offline
"elf,mirai,opendir,ua-wget,x86",http[:]//150[.]241[.]65[.]250[:]889/http_files/pito[.]x86,offline
"arm,elf,mirai,opendir,ua-wget",http[:]//150[.]241[.]65[.]250[:]889/raul[.]armv7l,offline
"elf,opendir,ua-wget,x86",http[:]//150[.]241[.]65[.]250[:]889/http_files/gg11,offline
"arm,elf,mirai,opendir,ua-wget",http[:]//150[.]241[.]65[.]250[:]889/http_files/pito[.]arm5,offline
"elf,mips,mirai,opendir,ua-wget",http[:]//150[.]241[.]65[.]250[:]889/raul[.]mips,offline
"elf,opendir,ua-wget,x86",http[:]//150[.]241[.]65[.]250[:]889/dropper,offline
"arm,elf,mirai,opendir,ua-wget",http[:]//150[.]241[.]65[.]250[:]889/raul[.]armv6l,offline
"opendir,sh,ua-wget",http[:]//150[.]241[.]65[.]250[:]889/[.]bash_history,offline
"elf,mirai,opendir,ua-wget,x86",http[:]//150[.]241[.]65[.]250[:]889/http_files/pito[.]x64,offline
"elf,mips,mirai,opendir,ua-wget",http[:]//150[.]241[.]65[.]250[:]889/raul[.]mipsel,offline
"arm,elf,mirai,opendir,ua-wget",http[:]//150[.]241[.]65[.]250[:]889/raul[.]armv4l,offline
"aisuru,elf,opendir,ua-wget,x86",http[:]//150[.]241[.]65[.]250[:]889/bot,offline
"arm,elf,mirai,opendir,ua-wget",http[:]//150[.]241[.]65[.]250[:]889/http_files/pito[.]arm7,offline
"elf,mirai,opendir,SuperH,ua-wget",http[:]//150[.]241[.]65[.]250[:]889/raul[.]sh4,offline
"elf,mirai,opendir,sparc,ua-wget",http[:]//150[.]241[.]65[.]250[:]889/raul[.]sparc,offline
"elf,mirai,opendir,ua-wget,x86",http[:]//150[.]241[.]65[.]250[:]889/raul[.]i686,offline
"elf,mips,mirai,opendir,ua-wget",http[:]//150[.]241[.]65[.]250[:]889/http_files/pito[.]mipsel,offline
"arm,elf,mirai,opendir,ua-wget",http[:]//150[.]241[.]65[.]250[:]889/http_files/pito[.]arm6,offline
"elf,mirai,opendir,ua-wget,x86",http[:]//150[.]241[.]65[.]250[:]889/http_files/pito[.]i486,offline
"elf,m68k,mirai,opendir,ua-wget",http[:]//150[.]241[.]65[.]250[:]889/raul[.]m68k,offline
"elf,mips,mirai,opendir,ua-wget",http[:]//150[.]241[.]65[.]250[:]889/http_files/pito[.]mips,offline
"elf,mirai,opendir,PowerPC,ua-wget",http[:]//150[.]241[.]65[.]250[:]889/http_files/pito[.]ppc440,offline
"arm,elf,mirai,opendir,ua-wget",http[:]//150[.]241[.]65[.]250[:]889/raul[.]armv5l,offline
"elf,opendir,PowerPC,ua-wget",http[:]//150[.]241[.]65[.]250[:]889/raul[.]powerpc-440fp,offline
"elf,mirai,opendir,sparc,ua-wget",http[:]//150[.]241[.]65[.]250[:]889/http_files/pito[.]sparc,offline
"mirai,opendir,sh,ua-wget",http[:]//150[.]241[.]65[.]250[:]889/http_files/dp[.]sh,offline
"aisuru,elf,opendir,ua-wget,x86",http[:]//150[.]241[.]65[.]250[:]889/raul[.]i586,offline
"elf,m68k,mirai,opendir,ua-wget",http[:]//150[.]241[.]65[.]250[:]889/http_files/pito[.]m68k,offline
"elf,mirai,opendir,ua-wget,x86",http[:]//150[.]241[.]65[.]250[:]889/http_files/pito[.]i686,offline
"elf,mirai,opendir,SuperH,ua-wget",http[:]//150[.]241[.]65[.]250[:]889/http_files/pito[.]sh4,offline
,http[:]//42[.]230[.]40[.]70[:]54217/bin[.]sh,offline
"elf,mirai,opendir,PowerPC,ua-wget",http[:]//150[.]241[.]65[.]250[:]889/http_files/pito[.]ppc,offline
"elf,mirai,opendir,PowerPC,ua-wget",http[:]//150[.]241[.]65[.]250[:]889/raul[.]powerpc,offline
"arm,elf,mirai,opendir,ua-wget",http[:]//150[.]241[.]65[.]250[:]889/http_files/pito[.]arm4,offline
"32-bit,arm,elf,mirai,Mozi",http[:]//218[.]72[.]97[.]172[:]55334/bin[.]sh,offline
"32-bit,elf,mips,Mozi",http[:]//182[.]121[.]173[.]152[:]59590/i,offline
"32-bit,elf,mips,Mozi",http[:]//61[.]52[.]215[.]65[:]33601/i,offline
"32-bit,elf,mips,Mozi",http[:]//42[.]226[.]78[.]116[:]39069/bin[.]sh,offline
"aisuru,elf,opendir,ua-wget",http[:]//94[.]154[.]43[.]249[:]98/bot,offline
mirai,http[:]//203[.]177[.]251[.]31[:]55856/i,offline
Mozi,http[:]//125[.]43[.]42[.]239[:]41195/i,offline
mirai,http[:]//196[.]189[.]35[.]226[:]59992/i,offline
"32-bit,elf,mips,Mozi",http[:]//27[.]215[.]179[.]208[:]34336/i,offline
mirai,http[:]//42[.]242[.]128[.]7[:]35557/i,offline
mirai,http[:]//196[.]189[.]35[.]226[:]59992/bin[.]sh,offline
"32-bit,elf,mips,Mozi",http[:]//27[.]215[.]179[.]208[:]34336/bin[.]sh,offline
"32-bit,elf,mips,Mozi",http[:]//61[.]53[.]157[.]249[:]54311/bin[.]sh,offline
"32-bit,elf,mips,Mozi",http[:]//115[.]55[.]247[.]47[:]34358/bin[.]sh,offline
"32-bit,elf,mips,Mozi",http[:]//115[.]50[.]40[.]167[:]60515/bin[.]sh,offline
"32-bit,arm,elf,mirai,Mozi",http[:]//124[.]234[.]246[.]166[:]55376/bin[.]sh,offline
"32-bit,elf,mips,Mozi",http[:]//61[.]53[.]157[.]249[:]54311/i,offline
"32-bit,elf,mips,Mozi",http[:]//182[.]126[.]249[.]70[:]50922/i,offline
"32-bit,elf,mips,Mozi",http[:]//182[.]126[.]249[.]70[:]50922/bin[.]sh,offline
"32-bit,elf,mips,Mozi",http[:]//113[.]238[.]175[.]117[:]39636/i,offline
"32-bit,arm,elf,mirai,Mozi",http[:]//196[.]190[.]10[.]252[:]33432/i,offline
